entity_id,state,last_changed
sensor.alpstuga_air_quality_monitor_teplota,24.62,2026-10-01T22:00:00.000Z
sensor.alpstuga_air_quality_monitor_teplota,24.63,2026-10-01T22:05:17.732Z
sensor.alpstuga_air_quality_monitor_teplota,24.64,2026-10-01T22:08:15.923Z
sensor.alpstuga_air_quality_monitor_teplota,24.63,2026-10-01T22:10:44.479Z
sensor.alpstuga_air_quality_monitor_teplota,24.6,2026-10-01T22:11:14.112Z
sensor.alpstuga_air_quality_monitor_teplota,24.52,2026-10-01T22:11:43.848Z
sensor.alpstuga_air_quality_monitor_teplota,24.38,2026-10-01T22:12:13.559Z
sensor.alpstuga_air_quality_monitor_teplota,24.17,2026-10-01T22:12:43.193Z
sensor.alpstuga_air_quality_monitor_teplota,23.96,2026-10-01T22:13:12.921Z
sensor.alpstuga_air_quality_monitor_teplota,23.72,2026-10-01T22:13:42.648Z
sensor.alpstuga_air_quality_monitor_teplota,23.48,2026-10-01T22:14:12.354Z
sensor.alpstuga_air_quality_monitor_teplota,23.28,2026-10-01T22:14:42.068Z
sensor.alpstuga_air_quality_monitor_teplota,23.07,2026-10-01T22:15:11.969Z
sensor.alpstuga_air_quality_monitor_teplota,22.85,2026-10-01T22:15:41.683Z
sensor.alpstuga_air_quality_monitor_teplota,22.61,2026-10-01T22:16:11.395Z
sensor.alpstuga_air_quality_monitor_teplota,22.4,2026-10-01T22:16:41.098Z
sensor.alpstuga_air_quality_monitor_teplota,22.28,2026-10-01T22:17:10.837Z
sensor.alpstuga_air_quality_monitor_teplota,22.15,2026-10-01T22:17:40.532Z
sensor.alpstuga_air_quality_monitor_teplota,22.09,2026-10-01T22:18:10.259Z
sensor.alpstuga_air_quality_monitor_teplota,22.06,2026-10-01T22:18:39.949Z
sensor.alpstuga_air_quality_monitor_teplota,22.09,2026-10-01T22:19:09.550Z
sensor.alpstuga_air_quality_monitor_teplota,22.11,2026-10-01T22:19:39.291Z
sensor.alpstuga_air_quality_monitor_teplota,22.13,2026-10-01T22:20:09.034Z
sensor.alpstuga_air_quality_monitor_teplota,22.15,2026-10-01T22:20:38.719Z
sensor.alpstuga_air_quality_monitor_teplota,22.18,2026-10-01T22:21:08.466Z
sensor.alpstuga_air_quality_monitor_teplota,22.2,2026-10-01T22:21:38.162Z
sensor.alpstuga_air_quality_monitor_teplota,22.22,2026-10-01T22:22:07.893Z
sensor.alpstuga_air_quality_monitor_teplota,22.24,2026-10-01T22:22:37.601Z
sensor.alpstuga_air_quality_monitor_teplota,22.27,2026-10-01T22:23:07.316Z
sensor.alpstuga_air_quality_monitor_teplota,22.3,2026-10-01T22:23:37.035Z
sensor.alpstuga_air_quality_monitor_teplota,22.34,2026-10-01T22:24:06.716Z
sensor.alpstuga_air_quality_monitor_teplota,22.37,2026-10-01T22:24:36.345Z
sensor.alpstuga_air_quality_monitor_teplota,22.41,2026-10-01T22:25:06.098Z
sensor.alpstuga_air_quality_monitor_teplota,22.45,2026-10-01T22:25:35.836Z
sensor.alpstuga_air_quality_monitor_teplota,22.49,2026-10-01T22:26:05.443Z
sensor.alpstuga_air_quality_monitor_teplota,22.53,2026-10-01T22:26:35.187Z
sensor.alpstuga_air_quality_monitor_teplota,22.57,2026-10-01T22:27:04.941Z
sensor.alpstuga_air_quality_monitor_teplota,22.61,2026-10-01T22:27:34.619Z
sensor.alpstuga_air_quality_monitor_teplota,22.65,2026-10-01T22:28:04.352Z
sensor.alpstuga_air_quality_monitor_teplota,22.69,2026-10-01T22:28:34.061Z
sensor.alpstuga_air_quality_monitor_teplota,22.72,2026-10-01T22:29:03.781Z
sensor.alpstuga_air_quality_monitor_teplota,22.76,2026-10-01T22:29:33.513Z
sensor.alpstuga_air_quality_monitor_teplota,22.79,2026-10-01T22:30:03.253Z
sensor.alpstuga_air_quality_monitor_teplota,22.82,2026-10-01T22:30:32.972Z
sensor.alpstuga_air_quality_monitor_teplota,22.85,2026-10-01T22:31:02.652Z
sensor.alpstuga_air_quality_monitor_teplota,22.88,2026-10-01T22:31:32.285Z
sensor.alpstuga_air_quality_monitor_teplota,22.91,2026-10-01T22:32:02.027Z
sensor.alpstuga_air_quality_monitor_teplota,22.94,2026-10-01T22:32:31.778Z
sensor.alpstuga_air_quality_monitor_teplota,22.97,2026-10-01T22:33:01.483Z
sensor.alpstuga_air_quality_monitor_teplota,22.99,2026-10-01T22:33:31.238Z
sensor.alpstuga_air_quality_monitor_teplota,23.01,2026-10-01T22:34:00.931Z
sensor.alpstuga_air_quality_monitor_teplota,23.04,2026-10-01T22:34:30.549Z
sensor.alpstuga_air_quality_monitor_teplota,23.06,2026-10-01T22:35:00.288Z
sensor.alpstuga_air_quality_monitor_teplota,23.08,2026-10-01T22:35:30.023Z
sensor.alpstuga_air_quality_monitor_teplota,23.1,2026-10-01T22:35:59.891Z
sensor.alpstuga_air_quality_monitor_teplota,23.12,2026-10-01T22:36:29.619Z
sensor.alpstuga_air_quality_monitor_teplota,23.14,2026-10-01T22:36:59.343Z
sensor.alpstuga_air_quality_monitor_teplota,23.17,2026-10-01T22:37:29.299Z
sensor.alpstuga_air_quality_monitor_teplota,23.2,2026-10-01T22:37:59.013Z
sensor.alpstuga_air_quality_monitor_teplota,23.22,2026-10-01T22:38:28.707Z
sensor.alpstuga_air_quality_monitor_teplota,23.25,2026-10-01T22:38:58.418Z
sensor.alpstuga_air_quality_monitor_teplota,23.27,2026-10-01T22:39:28.122Z
sensor.alpstuga_air_quality_monitor_teplota,23.29,2026-10-01T22:39:57.868Z
sensor.alpstuga_air_quality_monitor_teplota,23.3,2026-10-01T22:40:27.561Z
sensor.alpstuga_air_quality_monitor_teplota,23.32,2026-10-01T22:40:57.264Z
sensor.alpstuga_air_quality_monitor_teplota,23.33,2026-10-01T22:41:26.998Z
sensor.alpstuga_air_quality_monitor_teplota,23.34,2026-10-01T22:41:56.734Z
sensor.alpstuga_air_quality_monitor_teplota,23.36,2026-10-01T22:42:26.418Z
sensor.alpstuga_air_quality_monitor_teplota,23.37,2026-10-01T22:42:56.127Z
sensor.alpstuga_air_quality_monitor_teplota,23.38,2026-10-01T22:43:25.831Z
sensor.alpstuga_air_quality_monitor_teplota,23.39,2026-10-01T22:43:55.526Z
sensor.alpstuga_air_quality_monitor_teplota,23.4,2026-10-01T22:44:25.245Z
sensor.alpstuga_air_quality_monitor_teplota,23.41,2026-10-01T22:44:54.915Z
sensor.alpstuga_air_quality_monitor_teplota,23.42,2026-10-01T22:45:24.649Z
sensor.alpstuga_air_quality_monitor_teplota,23.43,2026-10-01T22:45:54.357Z
sensor.alpstuga_air_quality_monitor_teplota,23.44,2026-10-01T22:46:24.081Z
sensor.alpstuga_air_quality_monitor_teplota,23.45,2026-10-01T22:47:23.500Z
sensor.alpstuga_air_quality_monitor_teplota,23.46,2026-10-01T22:47:53.218Z
sensor.alpstuga_air_quality_monitor_teplota,23.47,2026-10-01T22:48:22.903Z
sensor.alpstuga_air_quality_monitor_teplota,23.48,2026-10-01T22:48:52.628Z
sensor.alpstuga_air_quality_monitor_teplota,23.49,2026-10-01T22:49:22.323Z
sensor.alpstuga_air_quality_monitor_teplota,23.5,2026-10-01T22:49:52.051Z
sensor.alpstuga_air_quality_monitor_teplota,23.51,2026-10-01T22:50:51.465Z
sensor.alpstuga_air_quality_monitor_teplota,23.52,2026-10-01T22:51:21.182Z
sensor.alpstuga_air_quality_monitor_teplota,23.53,2026-10-01T22:52:20.672Z
sensor.alpstuga_air_quality_monitor_teplota,23.54,2026-10-01T22:52:50.405Z
sensor.alpstuga_air_quality_monitor_teplota,23.55,2026-10-01T22:53:20.122Z
sensor.alpstuga_air_quality_monitor_teplota,23.56,2026-10-01T22:54:19.523Z
sensor.alpstuga_air_quality_monitor_teplota,23.57,2026-10-01T22:55:18.929Z
sensor.alpstuga_air_quality_monitor_teplota,23.58,2026-10-01T22:55:48.665Z
sensor.alpstuga_air_quality_monitor_teplota,23.59,2026-10-01T22:56:48.077Z
sensor.alpstuga_air_quality_monitor_teplota,23.6,2026-10-01T22:57:47.377Z
sensor.alpstuga_air_quality_monitor_teplota,23.61,2026-10-01T22:58:17.136Z
sensor.alpstuga_air_quality_monitor_teplota,23.62,2026-10-01T22:59:16.591Z
sensor.alpstuga_air_quality_monitor_teplota,23.63,2026-10-01T23:00:16.029Z
sensor.alpstuga_air_quality_monitor_teplota,23.64,2026-10-01T23:01:15.446Z
sensor.alpstuga_air_quality_monitor_teplota,23.65,2026-10-01T23:02:14.895Z
sensor.alpstuga_air_quality_monitor_teplota,23.66,2026-10-01T23:03:14.330Z
sensor.alpstuga_air_quality_monitor_teplota,23.67,2026-10-01T23:04:43.529Z
sensor.alpstuga_air_quality_monitor_teplota,23.68,2026-10-01T23:05:43.002Z
sensor.alpstuga_air_quality_monitor_teplota,23.69,2026-10-01T23:06:42.427Z
sensor.alpstuga_air_quality_monitor_teplota,23.7,2026-10-01T23:08:41.309Z
sensor.alpstuga_air_quality_monitor_teplota,23.71,2026-10-01T23:09:40.763Z
sensor.alpstuga_air_quality_monitor_teplota,23.72,2026-10-01T23:11:09.866Z
sensor.alpstuga_air_quality_monitor_teplota,23.73,2026-10-01T23:12:09.311Z
sensor.alpstuga_air_quality_monitor_teplota,23.74,2026-10-01T23:13:38.453Z
sensor.alpstuga_air_quality_monitor_teplota,23.75,2026-10-01T23:15:07.592Z
sensor.alpstuga_air_quality_monitor_teplota,23.76,2026-10-01T23:16:36.742Z
sensor.alpstuga_air_quality_monitor_teplota,23.77,2026-10-01T23:18:35.598Z
sensor.alpstuga_air_quality_monitor_teplota,23.78,2026-10-01T23:21:04.159Z
sensor.alpstuga_air_quality_monitor_teplota,23.79,2026-10-01T23:22:33.204Z
sensor.alpstuga_air_quality_monitor_teplota,23.8,2026-10-01T23:24:32.035Z
sensor.alpstuga_air_quality_monitor_teplota,23.81,2026-10-01T23:26:01.200Z
sensor.alpstuga_air_quality_monitor_teplota,23.82,2026-10-01T23:28:29.764Z
sensor.alpstuga_air_quality_monitor_teplota,23.83,2026-10-01T23:31:27.965Z
sensor.alpstuga_air_quality_monitor_teplota,23.84,2026-10-01T23:33:56.502Z
sensor.alpstuga_air_quality_monitor_teplota,23.85,2026-10-01T23:37:24.342Z
sensor.alpstuga_air_quality_monitor_teplota,23.86,2026-10-01T23:39:52.977Z
sensor.alpstuga_air_quality_monitor_teplota,23.87,2026-10-01T23:42:51.266Z
sensor.alpstuga_air_quality_monitor_teplota,23.88,2026-10-01T23:47:18.604Z
sensor.alpstuga_air_quality_monitor_teplota,23.89,2026-10-01T23:50:16.896Z
sensor.alpstuga_air_quality_monitor_teplota,23.9,2026-10-01T23:53:15.133Z
sensor.alpstuga_air_quality_monitor_teplota,23.91,2026-10-01T23:54:44.218Z
sensor.alpstuga_air_quality_monitor_teplota,23.92,2026-10-01T23:58:12.125Z
sensor.alpstuga_air_quality_monitor_teplota,23.93,2026-10-02T00:01:10.414Z
sensor.alpstuga_air_quality_monitor_teplota,23.94,2026-10-02T00:06:37.098Z
sensor.alpstuga_air_quality_monitor_teplota,23.95,2026-10-02T00:10:34.812Z
sensor.alpstuga_air_quality_monitor_teplota,23.94,2026-10-02T00:11:04.498Z
sensor.alpstuga_air_quality_monitor_teplota,23.95,2026-10-02T00:12:03.829Z
sensor.alpstuga_air_quality_monitor_teplota,23.96,2026-10-02T00:18:00.372Z
sensor.alpstuga_air_quality_monitor_teplota,23.95,2026-10-02T00:18:30.095Z
sensor.alpstuga_air_quality_monitor_teplota,23.96,2026-10-02T00:19:59.187Z
sensor.alpstuga_air_quality_monitor_teplota,23.97,2026-10-02T00:22:27.768Z
sensor.alpstuga_air_quality_monitor_teplota,23.98,2026-10-02T00:29:23.659Z
sensor.alpstuga_air_quality_monitor_teplota,23.97,2026-10-02T00:30:23.068Z
sensor.alpstuga_air_quality_monitor_teplota,23.98,2026-10-02T00:31:22.483Z
sensor.alpstuga_air_quality_monitor_teplota,23.99,2026-10-02T00:41:16.751Z
sensor.alpstuga_air_quality_monitor_teplota,23.98,2026-10-02T00:41:46.490Z
sensor.alpstuga_air_quality_monitor_teplota,23.99,2026-10-02T00:42:16.083Z
sensor.alpstuga_air_quality_monitor_teplota,24.0,2026-10-02T00:56:37.613Z
sensor.alpstuga_air_quality_monitor_teplota,23.99,2026-10-02T00:57:07.353Z
sensor.alpstuga_air_quality_monitor_teplota,24.0,2026-10-02T00:57:36.937Z
sensor.alpstuga_air_quality_monitor_teplota,23.99,2026-10-02T01:01:04.998Z
sensor.alpstuga_air_quality_monitor_teplota,24.0,2026-10-02T01:01:34.688Z
sensor.alpstuga_air_quality_monitor_teplota,23.99,2026-10-02T01:02:34.116Z
sensor.alpstuga_air_quality_monitor_teplota,24.0,2026-10-02T01:04:32.967Z
sensor.alpstuga_air_quality_monitor_teplota,24.01,2026-10-02T01:08:30.665Z
sensor.alpstuga_air_quality_monitor_teplota,24.0,2026-10-02T01:11:29.084Z
sensor.alpstuga_air_quality_monitor_teplota,24.01,2026-10-02T01:11:58.766Z
sensor.alpstuga_air_quality_monitor_teplota,24.0,2026-10-02T01:13:57.635Z
sensor.alpstuga_air_quality_monitor_teplota,24.01,2026-10-02T01:14:27.346Z
sensor.alpstuga_air_quality_monitor_teplota,24.02,2026-10-02T01:19:54.088Z
sensor.alpstuga_air_quality_monitor_teplota,24.03,2026-10-02T01:21:23.193Z
sensor.alpstuga_air_quality_monitor_teplota,24.04,2026-10-02T01:24:21.303Z
sensor.alpstuga_air_quality_monitor_teplota,24.05,2026-10-02T01:24:51.044Z
sensor.alpstuga_air_quality_monitor_teplota,24.06,2026-10-02T01:25:20.792Z
sensor.alpstuga_air_quality_monitor_teplota,24.05,2026-10-02T01:29:18.358Z
sensor.alpstuga_air_quality_monitor_teplota,24.04,2026-10-02T01:31:17.206Z
sensor.alpstuga_air_quality_monitor_teplota,24.03,2026-10-02T01:34:15.458Z
sensor.alpstuga_air_quality_monitor_teplota,24.04,2026-10-02T01:37:43.452Z
sensor.alpstuga_air_quality_monitor_teplota,24.03,2026-10-02T01:38:42.809Z
sensor.alpstuga_air_quality_monitor_teplota,24.04,2026-10-02T01:40:11.956Z
sensor.alpstuga_air_quality_monitor_teplota,24.05,2026-10-02T01:41:41.057Z
sensor.alpstuga_air_quality_monitor_teplota,24.06,2026-10-02T01:43:39.868Z
sensor.alpstuga_air_quality_monitor_teplota,24.07,2026-10-02T01:44:39.270Z
sensor.alpstuga_air_quality_monitor_teplota,24.08,2026-10-02T01:45:38.701Z
sensor.alpstuga_air_quality_monitor_teplota,24.09,2026-10-02T01:46:38.117Z
sensor.alpstuga_air_quality_monitor_teplota,24.1,2026-10-02T01:47:37.549Z
sensor.alpstuga_air_quality_monitor_teplota,24.11,2026-10-02T01:48:07.281Z
sensor.alpstuga_air_quality_monitor_teplota,24.12,2026-10-02T01:49:06.651Z
sensor.alpstuga_air_quality_monitor_teplota,24.11,2026-10-02T01:50:35.867Z
sensor.alpstuga_air_quality_monitor_teplota,24.12,2026-10-02T01:51:35.285Z
sensor.alpstuga_air_quality_monitor_teplota,24.13,2026-10-02T01:53:34.120Z
sensor.alpstuga_air_quality_monitor_teplota,24.14,2026-10-02T01:54:33.544Z
sensor.alpstuga_air_quality_monitor_teplota,24.15,2026-10-02T01:56:32.364Z
sensor.alpstuga_air_quality_monitor_teplota,24.14,2026-10-02T01:58:01.465Z
sensor.alpstuga_air_quality_monitor_teplota,24.13,2026-10-02T01:59:30.604Z
sensor.alpstuga_air_quality_monitor_teplota,24.12,2026-10-02T02:00:30.000Z
sensor.alpstuga_air_quality_monitor_teplota,24.11,2026-10-02T02:01:59.128Z
sensor.alpstuga_air_quality_monitor_teplota,24.1,2026-10-02T02:02:58.537Z
sensor.alpstuga_air_quality_monitor_teplota,24.09,2026-10-02T02:04:27.675Z
sensor.alpstuga_air_quality_monitor_teplota,24.08,2026-10-02T02:06:26.467Z
sensor.alpstuga_air_quality_monitor_teplota,24.07,2026-10-02T02:07:55.492Z
sensor.alpstuga_air_quality_monitor_teplota,24.06,2026-10-02T02:09:54.425Z
sensor.alpstuga_air_quality_monitor_teplota,24.05,2026-10-02T02:12:22.983Z
sensor.alpstuga_air_quality_monitor_teplota,24.04,2026-10-02T02:15:21.170Z
sensor.alpstuga_air_quality_monitor_teplota,24.03,2026-10-02T02:18:19.489Z
sensor.alpstuga_air_quality_monitor_teplota,24.04,2026-10-02T02:21:17.770Z
sensor.alpstuga_air_quality_monitor_teplota,24.03,2026-10-02T02:21:47.513Z
sensor.alpstuga_air_quality_monitor_teplota,24.02,2026-10-02T02:25:15.510Z
sensor.alpstuga_air_quality_monitor_teplota,24.03,2026-10-02T02:26:44.604Z
sensor.alpstuga_air_quality_monitor_teplota,24.02,2026-10-02T02:27:44.011Z
sensor.alpstuga_air_quality_monitor_teplota,24.01,2026-10-02T02:30:42.249Z
sensor.alpstuga_air_quality_monitor_teplota,24.0,2026-10-02T02:35:09.628Z
sensor.alpstuga_air_quality_monitor_teplota,24.01,2026-10-02T02:35:39.348Z
sensor.alpstuga_air_quality_monitor_teplota,24.02,2026-10-02T02:38:07.981Z
sensor.alpstuga_air_quality_monitor_teplota,24.03,2026-10-02T02:39:07.386Z
sensor.alpstuga_air_quality_monitor_teplota,24.04,2026-10-02T02:39:37.114Z
sensor.alpstuga_air_quality_monitor_teplota,24.05,2026-10-02T02:40:36.511Z
sensor.alpstuga_air_quality_monitor_teplota,24.06,2026-10-02T02:41:06.206Z
sensor.alpstuga_air_quality_monitor_teplota,24.07,2026-10-02T02:41:35.932Z
sensor.alpstuga_air_quality_monitor_teplota,24.08,2026-10-02T02:43:34.769Z
sensor.alpstuga_air_quality_monitor_teplota,24.09,2026-10-02T02:44:34.167Z
sensor.alpstuga_air_quality_monitor_teplota,24.1,2026-10-02T02:46:03.183Z
sensor.alpstuga_air_quality_monitor_teplota,24.09,2026-10-02T02:46:32.928Z
sensor.alpstuga_air_quality_monitor_teplota,24.1,2026-10-02T02:47:02.672Z
sensor.alpstuga_air_quality_monitor_teplota,24.09,2026-10-02T02:48:31.735Z
sensor.alpstuga_air_quality_monitor_teplota,24.08,2026-10-02T02:52:59.102Z
sensor.alpstuga_air_quality_monitor_teplota,24.07,2026-10-02T02:54:28.238Z
sensor.alpstuga_air_quality_monitor_teplota,24.08,2026-10-02T02:56:27.114Z
sensor.alpstuga_air_quality_monitor_teplota,24.09,2026-10-02T02:58:25.871Z
sensor.alpstuga_air_quality_monitor_teplota,24.1,2026-10-02T02:59:25.368Z
sensor.alpstuga_air_quality_monitor_teplota,24.11,2026-10-02T03:02:23.551Z
sensor.alpstuga_air_quality_monitor_teplota,24.12,2026-10-02T03:03:52.664Z
sensor.alpstuga_air_quality_monitor_teplota,24.13,2026-10-02T03:05:21.818Z
sensor.alpstuga_air_quality_monitor_teplota,24.14,2026-10-02T03:06:50.926Z
sensor.alpstuga_air_quality_monitor_teplota,24.15,2026-10-02T03:08:19.987Z
sensor.alpstuga_air_quality_monitor_teplota,24.14,2026-10-02T03:09:49.144Z
sensor.alpstuga_air_quality_monitor_teplota,24.13,2026-10-02T03:10:48.550Z
sensor.alpstuga_air_quality_monitor_teplota,24.12,2026-10-02T03:11:47.970Z
sensor.alpstuga_air_quality_monitor_teplota,24.11,2026-10-02T03:15:17.318Z
sensor.alpstuga_air_quality_monitor_teplota,24.12,2026-10-02T03:16:17.415Z
sensor.alpstuga_air_quality_monitor_teplota,24.13,2026-10-02T03:18:47.578Z
sensor.alpstuga_air_quality_monitor_teplota,24.14,2026-10-02T03:20:17.218Z
sensor.alpstuga_air_quality_monitor_teplota,24.13,2026-10-02T03:20:46.944Z
sensor.alpstuga_air_quality_monitor_teplota,24.14,2026-10-02T03:21:16.650Z
sensor.alpstuga_air_quality_monitor_teplota,24.15,2026-10-02T03:22:45.752Z
sensor.alpstuga_air_quality_monitor_teplota,24.16,2026-10-02T03:25:44.031Z
sensor.alpstuga_air_quality_monitor_teplota,24.15,2026-10-02T03:27:13.175Z
sensor.alpstuga_air_quality_monitor_teplota,24.14,2026-10-02T03:27:42.897Z
sensor.alpstuga_air_quality_monitor_teplota,24.13,2026-10-02T03:28:42.314Z
sensor.alpstuga_air_quality_monitor_teplota,24.12,2026-10-02T03:29:12.034Z
sensor.alpstuga_air_quality_monitor_teplota,24.11,2026-10-02T03:30:41.140Z
sensor.alpstuga_air_quality_monitor_teplota,24.1,2026-10-02T03:31:40.552Z
sensor.alpstuga_air_quality_monitor_teplota,24.09,2026-10-02T03:33:39.397Z
sensor.alpstuga_air_quality_monitor_teplota,24.1,2026-10-02T03:35:38.232Z
sensor.alpstuga_air_quality_monitor_teplota,24.11,2026-10-02T03:36:37.633Z
sensor.alpstuga_air_quality_monitor_teplota,24.12,2026-10-02T03:37:37.067Z
sensor.alpstuga_air_quality_monitor_teplota,24.13,2026-10-02T03:41:34.730Z
sensor.alpstuga_air_quality_monitor_teplota,24.14,2026-10-02T03:44:32.930Z
sensor.alpstuga_air_quality_monitor_teplota,24.15,2026-10-02T03:46:02.124Z
sensor.alpstuga_air_quality_monitor_teplota,24.14,2026-10-02T03:48:30.629Z
sensor.alpstuga_air_quality_monitor_teplota,24.15,2026-10-02T03:50:29.481Z
sensor.alpstuga_air_quality_monitor_teplota,24.14,2026-10-02T03:52:28.319Z
sensor.alpstuga_air_quality_monitor_teplota,24.15,2026-10-02T03:54:27.123Z
sensor.alpstuga_air_quality_monitor_teplota,24.16,2026-10-02T03:56:55.663Z
sensor.alpstuga_air_quality_monitor_teplota,24.15,2026-10-02T04:00:53.319Z
sensor.alpstuga_air_quality_monitor_teplota,24.14,2026-10-02T04:01:52.783Z
sensor.alpstuga_air_quality_monitor_teplota,24.13,2026-10-02T04:03:21.886Z
sensor.alpstuga_air_quality_monitor_teplota,24.12,2026-10-02T04:04:51.015Z
sensor.alpstuga_air_quality_monitor_teplota,24.11,2026-10-02T04:05:50.407Z
sensor.alpstuga_air_quality_monitor_teplota,24.1,2026-10-02T04:06:20.136Z
sensor.alpstuga_air_quality_monitor_teplota,24.09,2026-10-02T04:07:19.577Z
sensor.alpstuga_air_quality_monitor_teplota,24.08,2026-10-02T04:07:49.272Z
sensor.alpstuga_air_quality_monitor_teplota,24.07,2026-10-02T04:08:18.960Z
sensor.alpstuga_air_quality_monitor_teplota,24.06,2026-10-02T04:09:18.358Z
sensor.alpstuga_air_quality_monitor_teplota,24.05,2026-10-02T04:10:17.842Z
sensor.alpstuga_air_quality_monitor_teplota,24.04,2026-10-02T04:11:46.871Z
sensor.alpstuga_air_quality_monitor_teplota,24.03,2026-10-02T04:12:46.301Z
sensor.alpstuga_air_quality_monitor_teplota,24.02,2026-10-02T04:13:45.750Z
sensor.alpstuga_air_quality_monitor_teplota,24.03,2026-10-02T04:16:14.333Z
sensor.alpstuga_air_quality_monitor_teplota,24.04,2026-10-02T04:16:44.036Z
sensor.alpstuga_air_quality_monitor_teplota,24.05,2026-10-02T04:17:43.481Z
sensor.alpstuga_air_quality_monitor_teplota,24.06,2026-10-02T04:19:12.592Z
sensor.alpstuga_air_quality_monitor_teplota,24.07,2026-10-02T04:22:10.752Z
sensor.alpstuga_air_quality_monitor_teplota,24.08,2026-10-02T04:23:39.909Z
sensor.alpstuga_air_quality_monitor_teplota,24.09,2026-10-02T04:24:09.646Z
sensor.alpstuga_air_quality_monitor_teplota,24.1,2026-10-02T04:26:08.465Z
sensor.alpstuga_air_quality_monitor_teplota,24.09,2026-10-02T04:28:37.007Z
sensor.alpstuga_air_quality_monitor_teplota,24.08,2026-10-02T04:29:36.419Z
sensor.alpstuga_air_quality_monitor_teplota,24.07,2026-10-02T04:30:06.130Z
sensor.alpstuga_air_quality_monitor_teplota,24.06,2026-10-02T04:30:35.731Z
sensor.alpstuga_air_quality_monitor_teplota,24.05,2026-10-02T04:31:05.486Z
sensor.alpstuga_air_quality_monitor_teplota,24.04,2026-10-02T04:33:04.367Z
sensor.alpstuga_air_quality_monitor_teplota,24.03,2026-10-02T04:34:03.781Z
sensor.alpstuga_air_quality_monitor_teplota,24.04,2026-10-02T04:35:32.877Z
sensor.alpstuga_air_quality_monitor_teplota,24.03,2026-10-02T04:36:02.617Z
sensor.alpstuga_air_quality_monitor_teplota,24.04,2026-10-02T04:37:31.722Z
sensor.alpstuga_air_quality_monitor_teplota,24.05,2026-10-02T04:38:01.420Z
sensor.alpstuga_air_quality_monitor_teplota,24.06,2026-10-02T04:39:30.543Z
sensor.alpstuga_air_quality_monitor_teplota,24.07,2026-10-02T04:40:29.960Z
sensor.alpstuga_air_quality_monitor_teplota,24.08,2026-10-02T04:42:28.789Z
sensor.alpstuga_air_quality_monitor_teplota,24.09,2026-10-02T04:46:26.466Z
sensor.alpstuga_air_quality_monitor_teplota,24.08,2026-10-02T04:46:56.172Z
sensor.alpstuga_air_quality_monitor_teplota,24.09,2026-10-02T04:47:25.876Z
sensor.alpstuga_air_quality_monitor_teplota,24.08,2026-10-02T04:49:24.665Z
sensor.alpstuga_air_quality_monitor_teplota,24.09,2026-10-02T04:50:53.795Z
sensor.alpstuga_air_quality_monitor_teplota,24.08,2026-10-02T04:51:53.243Z
sensor.alpstuga_air_quality_monitor_teplota,24.07,2026-10-02T04:52:52.568Z
sensor.alpstuga_air_quality_monitor_teplota,24.08,2026-10-02T04:54:21.721Z
sensor.alpstuga_air_quality_monitor_teplota,24.09,2026-10-02T04:55:50.881Z
sensor.alpstuga_air_quality_monitor_teplota,24.1,2026-10-02T04:58:49.134Z
sensor.alpstuga_air_quality_monitor_teplota,24.11,2026-10-02T05:01:47.435Z
sensor.alpstuga_air_quality_monitor_teplota,24.1,2026-10-02T05:02:17.126Z
sensor.alpstuga_air_quality_monitor_teplota,24.09,2026-10-02T05:07:43.884Z
sensor.alpstuga_air_quality_monitor_teplota,24.08,2026-10-02T05:10:42.142Z
sensor.alpstuga_air_quality_monitor_teplota,24.07,2026-10-02T05:11:11.832Z
sensor.alpstuga_air_quality_monitor_teplota,24.06,2026-10-02T05:11:41.587Z
sensor.alpstuga_air_quality_monitor_teplota,24.05,2026-10-02T05:12:11.292Z
sensor.alpstuga_air_quality_monitor_teplota,24.04,2026-10-02T05:12:41.097Z
sensor.alpstuga_air_quality_monitor_teplota,24.03,2026-10-02T05:13:40.513Z
sensor.alpstuga_air_quality_monitor_teplota,24.04,2026-10-02T05:15:39.388Z
sensor.alpstuga_air_quality_monitor_teplota,24.03,2026-10-02T05:16:09.076Z
sensor.alpstuga_air_quality_monitor_teplota,24.04,2026-10-02T05:16:38.838Z
sensor.alpstuga_air_quality_monitor_teplota,24.05,2026-10-02T05:18:07.950Z
sensor.alpstuga_air_quality_monitor_teplota,24.06,2026-10-02T05:21:06.302Z
sensor.alpstuga_air_quality_monitor_teplota,24.07,2026-10-02T05:22:35.433Z
sensor.alpstuga_air_quality_monitor_teplota,24.08,2026-10-02T05:23:34.766Z
sensor.alpstuga_air_quality_monitor_teplota,24.09,2026-10-02T05:24:34.296Z
sensor.alpstuga_air_quality_monitor_teplota,24.08,2026-10-02T05:28:31.980Z
sensor.alpstuga_air_quality_monitor_teplota,24.09,2026-10-02T05:30:01.125Z
sensor.alpstuga_air_quality_monitor_teplota,24.08,2026-10-02T05:30:30.818Z
sensor.alpstuga_air_quality_monitor_teplota,24.07,2026-10-02T05:31:59.983Z
sensor.alpstuga_air_quality_monitor_teplota,24.06,2026-10-02T05:32:29.705Z
sensor.alpstuga_air_quality_monitor_teplota,24.05,2026-10-02T05:33:58.791Z
sensor.alpstuga_air_quality_monitor_teplota,24.04,2026-10-02T05:34:28.514Z
sensor.alpstuga_air_quality_monitor_teplota,24.03,2026-10-02T05:34:58.219Z
sensor.alpstuga_air_quality_monitor_teplota,24.02,2026-10-02T05:35:27.916Z
sensor.alpstuga_air_quality_monitor_teplota,24.01,2026-10-02T05:36:56.964Z
sensor.alpstuga_air_quality_monitor_teplota,24.02,2026-10-02T05:38:55.843Z
sensor.alpstuga_air_quality_monitor_teplota,24.03,2026-10-02T05:41:24.272Z
sensor.alpstuga_air_quality_monitor_teplota,24.04,2026-10-02T05:42:23.686Z
sensor.alpstuga_air_quality_monitor_teplota,24.05,2026-10-02T05:43:52.725Z
sensor.alpstuga_air_quality_monitor_teplota,24.06,2026-10-02T05:44:52.202Z
sensor.alpstuga_air_quality_monitor_teplota,24.07,2026-10-02T05:46:21.264Z
sensor.alpstuga_air_quality_monitor_teplota,24.08,2026-10-02T05:48:19.980Z
sensor.alpstuga_air_quality_monitor_teplota,24.07,2026-10-02T05:50:48.824Z
sensor.alpstuga_air_quality_monitor_teplota,24.06,2026-10-02T05:52:17.919Z
sensor.alpstuga_air_quality_monitor_teplota,24.05,2026-10-02T05:53:17.344Z
sensor.alpstuga_air_quality_monitor_teplota,24.04,2026-10-02T05:53:47.039Z
sensor.alpstuga_air_quality_monitor_teplota,24.03,2026-10-02T05:54:46.440Z
sensor.alpstuga_air_quality_monitor_teplota,24.04,2026-10-02T05:55:16.175Z
sensor.alpstuga_air_quality_monitor_teplota,24.05,2026-10-02T05:57:15.029Z
sensor.alpstuga_air_quality_monitor_teplota,24.06,2026-10-02T05:59:43.567Z
sensor.alpstuga_air_quality_monitor_teplota,24.07,2026-10-02T06:00:13.271Z
sensor.alpstuga_air_quality_monitor_teplota,24.08,2026-10-02T06:02:12.102Z
sensor.alpstuga_air_quality_monitor_teplota,24.07,2026-10-02T06:02:41.805Z
sensor.alpstuga_air_quality_monitor_teplota,24.08,2026-10-02T06:03:11.515Z
sensor.alpstuga_air_quality_monitor_teplota,24.07,2026-10-02T06:06:39.408Z
sensor.alpstuga_air_quality_monitor_teplota,24.08,2026-10-02T06:07:09.103Z
sensor.alpstuga_air_quality_monitor_teplota,24.07,2026-10-02T06:07:38.814Z
sensor.alpstuga_air_quality_monitor_teplota,24.06,2026-10-02T06:08:08.489Z
sensor.alpstuga_air_quality_monitor_teplota,24.05,2026-10-02T06:09:07.927Z
sensor.alpstuga_air_quality_monitor_teplota,24.04,2026-10-02T06:09:37.643Z
sensor.alpstuga_air_quality_monitor_teplota,24.03,2026-10-02T06:10:07.354Z
sensor.alpstuga_air_quality_monitor_teplota,24.02,2026-10-02T06:10:37.067Z
sensor.alpstuga_air_quality_monitor_teplota,24.01,2026-10-02T06:11:36.490Z
sensor.alpstuga_air_quality_monitor_teplota,24.0,2026-10-02T06:12:06.220Z
sensor.alpstuga_air_quality_monitor_teplota,23.99,2026-10-02T06:14:04.992Z
sensor.alpstuga_air_quality_monitor_teplota,23.98,2026-10-02T06:16:03.798Z
sensor.alpstuga_air_quality_monitor_teplota,23.97,2026-10-02T06:21:00.829Z
sensor.alpstuga_air_quality_monitor_teplota,23.98,2026-10-02T06:22:00.369Z
sensor.alpstuga_air_quality_monitor_teplota,23.97,2026-10-02T06:23:30.516Z
sensor.alpstuga_air_quality_monitor_teplota,23.96,2026-10-02T06:25:59.729Z
sensor.alpstuga_air_quality_monitor_teplota,23.97,2026-10-02T06:26:29.423Z
sensor.alpstuga_air_quality_monitor_teplota,23.96,2026-10-02T06:28:28.271Z
sensor.alpstuga_air_quality_monitor_teplota,23.95,2026-10-02T06:30:27.035Z
sensor.alpstuga_air_quality_monitor_teplota,23.94,2026-10-02T06:31:26.468Z
sensor.alpstuga_air_quality_monitor_teplota,23.93,2026-10-02T06:32:55.580Z
sensor.alpstuga_air_quality_monitor_teplota,23.94,2026-10-02T06:36:53.264Z
sensor.alpstuga_air_quality_monitor_teplota,23.93,2026-10-02T06:37:22.950Z
sensor.alpstuga_air_quality_monitor_teplota,23.94,2026-10-02T06:37:52.576Z
sensor.alpstuga_air_quality_monitor_teplota,23.95,2026-10-02T06:39:21.773Z
sensor.alpstuga_air_quality_monitor_teplota,23.96,2026-10-02T06:40:50.918Z
sensor.alpstuga_air_quality_monitor_teplota,23.97,2026-10-02T06:42:49.644Z
sensor.alpstuga_air_quality_monitor_teplota,23.98,2026-10-02T06:45:18.278Z
sensor.alpstuga_air_quality_monitor_teplota,23.97,2026-10-02T06:46:47.478Z
sensor.alpstuga_air_quality_monitor_teplota,23.98,2026-10-02T06:47:17.075Z
sensor.alpstuga_air_quality_monitor_teplota,23.97,2026-10-02T06:50:15.400Z
sensor.alpstuga_air_quality_monitor_teplota,23.98,2026-10-02T06:56:41.424Z
sensor.alpstuga_air_quality_monitor_teplota,23.99,2026-10-02T06:59:10.028Z
sensor.alpstuga_air_quality_monitor_teplota,23.98,2026-10-02T07:01:09.052Z
sensor.alpstuga_air_quality_monitor_teplota,23.97,2026-10-02T07:03:07.856Z
sensor.alpstuga_air_quality_monitor_teplota,23.98,2026-10-02T07:05:06.653Z
sensor.alpstuga_air_quality_monitor_teplota,23.99,2026-10-02T07:06:06.066Z
sensor.alpstuga_air_quality_monitor_teplota,23.98,2026-10-02T07:06:35.800Z
sensor.alpstuga_air_quality_monitor_teplota,23.99,2026-10-02T07:07:05.501Z
sensor.alpstuga_air_quality_monitor_teplota,23.98,2026-10-02T07:08:05.129Z
sensor.alpstuga_air_quality_monitor_teplota,23.97,2026-10-02T07:08:34.825Z
sensor.alpstuga_air_quality_monitor_teplota,23.95,2026-10-02T07:09:04.578Z
sensor.alpstuga_air_quality_monitor_teplota,23.91,2026-10-02T07:09:34.296Z
sensor.alpstuga_air_quality_monitor_teplota,23.84,2026-10-02T07:10:03.892Z
sensor.alpstuga_air_quality_monitor_teplota,23.79,2026-10-02T07:10:33.647Z
sensor.alpstuga_air_quality_monitor_teplota,23.75,2026-10-02T07:11:03.431Z
sensor.alpstuga_air_quality_monitor_teplota,23.7,2026-10-02T07:11:33.190Z
sensor.alpstuga_air_quality_monitor_teplota,23.65,2026-10-02T07:12:02.972Z
sensor.alpstuga_air_quality_monitor_teplota,23.61,2026-10-02T07:12:32.649Z
sensor.alpstuga_air_quality_monitor_teplota,23.56,2026-10-02T07:13:02.361Z
sensor.alpstuga_air_quality_monitor_teplota,23.52,2026-10-02T07:13:32.058Z
sensor.alpstuga_air_quality_monitor_teplota,23.5,2026-10-02T07:14:01.759Z
sensor.alpstuga_air_quality_monitor_teplota,23.47,2026-10-02T07:14:31.470Z
sensor.alpstuga_air_quality_monitor_teplota,23.45,2026-10-02T07:15:01.148Z
sensor.alpstuga_air_quality_monitor_teplota,23.43,2026-10-02T07:15:30.788Z
sensor.alpstuga_air_quality_monitor_teplota,23.4,2026-10-02T07:16:00.521Z
sensor.alpstuga_air_quality_monitor_teplota,23.38,2026-10-02T07:16:30.278Z
sensor.alpstuga_air_quality_monitor_teplota,23.35,2026-10-02T07:16:59.935Z
sensor.alpstuga_air_quality_monitor_teplota,23.34,2026-10-02T07:17:29.650Z
sensor.alpstuga_air_quality_monitor_teplota,23.33,2026-10-02T07:17:59.339Z
sensor.alpstuga_air_quality_monitor_teplota,23.32,2026-10-02T07:18:29.076Z
sensor.alpstuga_air_quality_monitor_teplota,23.33,2026-10-02T07:21:56.964Z
sensor.alpstuga_air_quality_monitor_teplota,23.34,2026-10-02T07:22:26.902Z
sensor.alpstuga_air_quality_monitor_teplota,23.35,2026-10-02T07:22:56.942Z
sensor.alpstuga_air_quality_monitor_teplota,23.37,2026-10-02T07:23:26.615Z
sensor.alpstuga_air_quality_monitor_teplota,23.38,2026-10-02T07:23:56.347Z
sensor.alpstuga_air_quality_monitor_teplota,23.39,2026-10-02T07:24:26.038Z
sensor.alpstuga_air_quality_monitor_teplota,23.4,2026-10-02T07:24:55.746Z
sensor.alpstuga_air_quality_monitor_teplota,23.41,2026-10-02T07:25:25.458Z
sensor.alpstuga_air_quality_monitor_teplota,23.42,2026-10-02T07:25:55.026Z
sensor.alpstuga_air_quality_monitor_teplota,23.43,2026-10-02T07:26:24.771Z
sensor.alpstuga_air_quality_monitor_teplota,23.44,2026-10-02T07:26:54.522Z
sensor.alpstuga_air_quality_monitor_teplota,23.46,2026-10-02T07:27:24.238Z
sensor.alpstuga_air_quality_monitor_teplota,23.47,2026-10-02T07:27:53.962Z
sensor.alpstuga_air_quality_monitor_teplota,23.48,2026-10-02T07:28:23.672Z
sensor.alpstuga_air_quality_monitor_teplota,23.51,2026-10-02T07:28:53.368Z
sensor.alpstuga_air_quality_monitor_teplota,23.53,2026-10-02T07:29:23.089Z
sensor.alpstuga_air_quality_monitor_teplota,23.55,2026-10-02T07:30:22.423Z
sensor.alpstuga_air_quality_monitor_teplota,23.56,2026-10-02T07:30:52.173Z
sensor.alpstuga_air_quality_monitor_teplota,23.57,2026-10-02T07:31:21.922Z
sensor.alpstuga_air_quality_monitor_teplota,23.58,2026-10-02T07:31:51.606Z
sensor.alpstuga_air_quality_monitor_teplota,23.59,2026-10-02T07:32:51.022Z
sensor.alpstuga_air_quality_monitor_teplota,23.6,2026-10-02T07:33:20.728Z
sensor.alpstuga_air_quality_monitor_teplota,23.61,2026-10-02T07:33:50.447Z
sensor.alpstuga_air_quality_monitor_teplota,23.62,2026-10-02T07:34:20.162Z
sensor.alpstuga_air_quality_monitor_teplota,23.64,2026-10-02T07:35:19.762Z
sensor.alpstuga_air_quality_monitor_teplota,23.65,2026-10-02T07:35:49.463Z
sensor.alpstuga_air_quality_monitor_teplota,23.67,2026-10-02T07:36:19.175Z
sensor.alpstuga_air_quality_monitor_teplota,23.68,2026-10-02T07:36:48.881Z
sensor.alpstuga_air_quality_monitor_teplota,23.7,2026-10-02T07:37:18.617Z
sensor.alpstuga_air_quality_monitor_teplota,23.71,2026-10-02T07:38:47.694Z
sensor.alpstuga_air_quality_monitor_teplota,23.72,2026-10-02T07:39:17.431Z
sensor.alpstuga_air_quality_monitor_teplota,23.73,2026-10-02T07:39:47.131Z
sensor.alpstuga_air_quality_monitor_teplota,23.74,2026-10-02T07:40:16.846Z
sensor.alpstuga_air_quality_monitor_teplota,23.75,2026-10-02T07:41:16.251Z
sensor.alpstuga_air_quality_monitor_teplota,23.76,2026-10-02T07:41:45.951Z
sensor.alpstuga_air_quality_monitor_teplota,23.77,2026-10-02T07:42:15.669Z
sensor.alpstuga_air_quality_monitor_teplota,23.78,2026-10-02T07:42:45.383Z
sensor.alpstuga_air_quality_monitor_teplota,23.8,2026-10-02T07:43:15.085Z
sensor.alpstuga_air_quality_monitor_teplota,23.81,2026-10-02T07:43:44.799Z
sensor.alpstuga_air_quality_monitor_teplota,23.83,2026-10-02T07:44:14.492Z
sensor.alpstuga_air_quality_monitor_teplota,23.86,2026-10-02T07:44:44.220Z
sensor.alpstuga_air_quality_monitor_teplota,23.87,2026-10-02T07:45:13.914Z
sensor.alpstuga_air_quality_monitor_teplota,23.89,2026-10-02T07:45:43.617Z
sensor.alpstuga_air_quality_monitor_teplota,23.91,2026-10-02T07:46:13.321Z
sensor.alpstuga_air_quality_monitor_teplota,23.93,2026-10-02T07:46:43.022Z
sensor.alpstuga_air_quality_monitor_teplota,23.95,2026-10-02T07:47:12.772Z
sensor.alpstuga_air_quality_monitor_teplota,23.97,2026-10-02T07:47:42.571Z
sensor.alpstuga_air_quality_monitor_teplota,23.98,2026-10-02T07:48:12.207Z
sensor.alpstuga_air_quality_monitor_teplota,24.0,2026-10-02T07:48:41.987Z
sensor.alpstuga_air_quality_monitor_teplota,24.01,2026-10-02T07:49:11.727Z
sensor.alpstuga_air_quality_monitor_teplota,24.03,2026-10-02T07:49:41.331Z
sensor.alpstuga_air_quality_monitor_teplota,24.05,2026-10-02T07:50:11.066Z
sensor.alpstuga_air_quality_monitor_teplota,24.06,2026-10-02T07:50:40.816Z
sensor.alpstuga_air_quality_monitor_teplota,24.08,2026-10-02T07:51:10.520Z
sensor.alpstuga_air_quality_monitor_teplota,24.1,2026-10-02T07:51:40.277Z
sensor.alpstuga_air_quality_monitor_teplota,24.11,2026-10-02T07:52:10.016Z
sensor.alpstuga_air_quality_monitor_teplota,24.13,2026-10-02T07:52:39.734Z
sensor.alpstuga_air_quality_monitor_teplota,24.16,2026-10-02T07:53:09.448Z
sensor.alpstuga_air_quality_monitor_teplota,24.18,2026-10-02T07:53:39.178Z
sensor.alpstuga_air_quality_monitor_teplota,24.2,2026-10-02T07:54:08.883Z
sensor.alpstuga_air_quality_monitor_teplota,24.22,2026-10-02T07:54:38.580Z
sensor.alpstuga_air_quality_monitor_teplota,24.23,2026-10-02T07:55:37.879Z
sensor.alpstuga_air_quality_monitor_teplota,24.24,2026-10-02T07:57:36.792Z
sensor.alpstuga_air_quality_monitor_teplota,24.25,2026-10-02T07:58:06.525Z
sensor.alpstuga_air_quality_monitor_teplota,24.26,2026-10-02T07:58:36.262Z
sensor.alpstuga_air_quality_monitor_teplota,24.27,2026-10-02T07:59:06.008Z
sensor.alpstuga_air_quality_monitor_teplota,24.28,2026-10-02T07:59:35.748Z
sensor.alpstuga_air_quality_monitor_teplota,24.29,2026-10-02T08:01:04.780Z
sensor.alpstuga_air_quality_monitor_teplota,24.3,2026-10-02T08:02:33.909Z
sensor.alpstuga_air_quality_monitor_teplota,24.31,2026-10-02T08:04:03.065Z
sensor.alpstuga_air_quality_monitor_teplota,24.32,2026-10-02T08:04:32.772Z
sensor.alpstuga_air_quality_monitor_teplota,24.34,2026-10-02T08:05:02.478Z
sensor.alpstuga_air_quality_monitor_teplota,24.35,2026-10-02T08:05:32.199Z
sensor.alpstuga_air_quality_monitor_teplota,24.36,2026-10-02T08:06:01.892Z
sensor.alpstuga_air_quality_monitor_teplota,24.37,2026-10-02T08:06:31.516Z
sensor.alpstuga_air_quality_monitor_teplota,24.38,2026-10-02T08:07:01.265Z
sensor.alpstuga_air_quality_monitor_teplota,24.39,2026-10-02T08:07:30.975Z
sensor.alpstuga_air_quality_monitor_teplota,24.41,2026-10-02T08:08:00.675Z
sensor.alpstuga_air_quality_monitor_teplota,24.42,2026-10-02T08:09:29.812Z
sensor.alpstuga_air_quality_monitor_teplota,24.43,2026-10-02T08:10:58.845Z
sensor.alpstuga_air_quality_monitor_teplota,24.44,2026-10-02T08:12:28.008Z
sensor.alpstuga_air_quality_monitor_teplota,24.45,2026-10-02T08:12:57.711Z
sensor.alpstuga_air_quality_monitor_teplota,24.46,2026-10-02T08:13:27.432Z
sensor.alpstuga_air_quality_monitor_teplota,24.47,2026-10-02T08:13:57.137Z
sensor.alpstuga_air_quality_monitor_teplota,24.48,2026-10-02T08:14:26.837Z
sensor.alpstuga_air_quality_monitor_teplota,24.49,2026-10-02T08:16:55.250Z
sensor.alpstuga_air_quality_monitor_teplota,24.5,2026-10-02T08:17:24.988Z
sensor.alpstuga_air_quality_monitor_teplota,24.51,2026-10-02T08:17:54.739Z
sensor.alpstuga_air_quality_monitor_teplota,24.52,2026-10-02T08:18:24.469Z
sensor.alpstuga_air_quality_monitor_teplota,24.53,2026-10-02T08:21:22.724Z
sensor.alpstuga_air_quality_monitor_teplota,24.52,2026-10-02T08:23:21.540Z
sensor.alpstuga_air_quality_monitor_teplota,24.51,2026-10-02T08:24:50.652Z
sensor.alpstuga_air_quality_monitor_teplota,24.52,2026-10-02T08:30:48.327Z
sensor.alpstuga_air_quality_monitor_teplota,24.53,2026-10-02T08:31:48.274Z
sensor.alpstuga_air_quality_monitor_teplota,24.54,2026-10-02T08:32:47.720Z
sensor.alpstuga_air_quality_monitor_teplota,24.55,2026-10-02T08:33:17.445Z
sensor.alpstuga_air_quality_monitor_teplota,24.56,2026-10-02T08:33:47.159Z
sensor.alpstuga_air_quality_monitor_teplota,24.57,2026-10-02T08:34:16.865Z
sensor.alpstuga_air_quality_monitor_teplota,24.58,2026-10-02T08:35:16.230Z
sensor.alpstuga_air_quality_monitor_teplota,24.59,2026-10-02T08:35:45.983Z
sensor.alpstuga_air_quality_monitor_teplota,24.6,2026-10-02T08:36:15.683Z
sensor.alpstuga_air_quality_monitor_teplota,24.61,2026-10-02T08:37:15.108Z
sensor.alpstuga_air_quality_monitor_teplota,24.62,2026-10-02T08:37:44.811Z
sensor.alpstuga_air_quality_monitor_teplota,24.63,2026-10-02T08:40:13.309Z
sensor.alpstuga_air_quality_monitor_teplota,24.62,2026-10-02T08:41:12.747Z
sensor.alpstuga_air_quality_monitor_teplota,24.63,2026-10-02T08:41:42.465Z
sensor.alpstuga_air_quality_monitor_teplota,24.62,2026-10-02T08:42:12.089Z
sensor.alpstuga_air_quality_monitor_teplota,24.63,2026-10-02T08:43:11.556Z
sensor.alpstuga_air_quality_monitor_teplota,24.64,2026-10-02T08:43:41.258Z
sensor.alpstuga_air_quality_monitor_teplota,24.65,2026-10-02T08:44:10.987Z
sensor.alpstuga_air_quality_monitor_teplota,24.66,2026-10-02T08:44:40.667Z
sensor.alpstuga_air_quality_monitor_teplota,24.65,2026-10-02T08:47:09.221Z
sensor.alpstuga_air_quality_monitor_teplota,24.64,2026-10-02T08:49:37.815Z
sensor.alpstuga_air_quality_monitor_teplota,24.63,2026-10-02T08:51:36.649Z
sensor.alpstuga_air_quality_monitor_teplota,24.62,2026-10-02T08:52:06.374Z
sensor.alpstuga_air_quality_monitor_teplota,24.63,2026-10-02T08:53:05.793Z
sensor.alpstuga_air_quality_monitor_teplota,24.62,2026-10-02T08:54:05.194Z
sensor.alpstuga_air_quality_monitor_teplota,24.61,2026-10-02T08:55:34.313Z
sensor.alpstuga_air_quality_monitor_teplota,24.62,2026-10-02T08:56:33.746Z
sensor.alpstuga_air_quality_monitor_teplota,24.61,2026-10-02T08:58:02.868Z
sensor.alpstuga_air_quality_monitor_teplota,24.6,2026-10-02T08:59:31.970Z
sensor.alpstuga_air_quality_monitor_teplota,24.59,2026-10-02T09:00:31.399Z
sensor.alpstuga_air_quality_monitor_teplota,24.58,2026-10-02T09:02:30.246Z
sensor.alpstuga_air_quality_monitor_teplota,24.57,2026-10-02T09:02:59.939Z
sensor.alpstuga_air_quality_monitor_teplota,24.56,2026-10-02T09:03:59.353Z
sensor.alpstuga_air_quality_monitor_teplota,24.55,2026-10-02T09:06:27.851Z
sensor.alpstuga_air_quality_monitor_teplota,24.54,2026-10-02T09:06:57.566Z
sensor.alpstuga_air_quality_monitor_teplota,24.53,2026-10-02T09:07:56.972Z
sensor.alpstuga_air_quality_monitor_teplota,24.52,2026-10-02T09:10:25.496Z
sensor.alpstuga_air_quality_monitor_teplota,24.51,2026-10-02T09:13:23.776Z
sensor.alpstuga_air_quality_monitor_teplota,24.52,2026-10-02T09:15:22.622Z
sensor.alpstuga_air_quality_monitor_teplota,24.53,2026-10-02T09:16:22.029Z
sensor.alpstuga_air_quality_monitor_teplota,24.52,2026-10-02T09:20:19.665Z
sensor.alpstuga_air_quality_monitor_teplota,24.51,2026-10-02T09:21:48.803Z
sensor.alpstuga_air_quality_monitor_teplota,24.5,2026-10-02T09:22:48.212Z
sensor.alpstuga_air_quality_monitor_teplota,24.49,2026-10-02T09:23:17.931Z
sensor.alpstuga_air_quality_monitor_teplota,24.48,2026-10-02T09:24:17.354Z
sensor.alpstuga_air_quality_monitor_teplota,24.47,2026-10-02T09:25:16.671Z
sensor.alpstuga_air_quality_monitor_teplota,24.46,2026-10-02T09:26:16.149Z
sensor.alpstuga_air_quality_monitor_teplota,24.47,2026-10-02T09:30:13.970Z
sensor.alpstuga_air_quality_monitor_teplota,24.46,2026-10-02T09:32:12.780Z
sensor.alpstuga_air_quality_monitor_teplota,24.45,2026-10-02T09:33:41.970Z
sensor.alpstuga_air_quality_monitor_teplota,24.44,2026-10-02T09:35:40.752Z
sensor.alpstuga_air_quality_monitor_teplota,24.43,2026-10-02T09:38:09.292Z
sensor.alpstuga_air_quality_monitor_teplota,24.44,2026-10-02T09:41:07.625Z
sensor.alpstuga_air_quality_monitor_teplota,24.45,2026-10-02T09:43:36.364Z
sensor.alpstuga_air_quality_monitor_teplota,24.44,2026-10-02T09:44:35.784Z
sensor.alpstuga_air_quality_monitor_teplota,24.43,2026-10-02T09:46:04.891Z
sensor.alpstuga_air_quality_monitor_teplota,24.44,2026-10-02T09:47:04.282Z
sensor.alpstuga_air_quality_monitor_teplota,24.43,2026-10-02T09:48:03.730Z
sensor.alpstuga_air_quality_monitor_teplota,24.42,2026-10-02T09:50:32.245Z
sensor.alpstuga_air_quality_monitor_teplota,24.43,2026-10-02T09:51:31.745Z
sensor.alpstuga_air_quality_monitor_teplota,24.42,2026-10-02T09:52:31.231Z
sensor.alpstuga_air_quality_monitor_teplota,24.41,2026-10-02T09:53:30.714Z
sensor.alpstuga_air_quality_monitor_teplota,24.4,2026-10-02T09:56:58.727Z
sensor.alpstuga_air_quality_monitor_teplota,24.39,2026-10-02T09:58:57.678Z
sensor.alpstuga_air_quality_monitor_teplota,24.38,2026-10-02T09:59:57.091Z
sensor.alpstuga_air_quality_monitor_teplota,24.39,2026-10-02T10:05:24.022Z
sensor.alpstuga_air_quality_monitor_teplota,24.4,2026-10-02T10:07:22.895Z
sensor.alpstuga_air_quality_monitor_teplota,24.39,2026-10-02T10:09:21.757Z
sensor.alpstuga_air_quality_monitor_teplota,24.38,2026-10-02T10:10:21.166Z
sensor.alpstuga_air_quality_monitor_teplota,24.36,2026-10-02T10:10:50.908Z
sensor.alpstuga_air_quality_monitor_teplota,24.34,2026-10-02T10:11:20.614Z
sensor.alpstuga_air_quality_monitor_teplota,24.32,2026-10-02T10:11:50.302Z
sensor.alpstuga_air_quality_monitor_teplota,24.31,2026-10-02T10:12:19.992Z
sensor.alpstuga_air_quality_monitor_teplota,24.3,2026-10-02T10:13:19.398Z
sensor.alpstuga_air_quality_monitor_teplota,24.29,2026-10-02T10:13:49.092Z
sensor.alpstuga_air_quality_monitor_teplota,24.28,2026-10-02T10:15:48.045Z
sensor.alpstuga_air_quality_monitor_teplota,24.27,2026-10-02T10:17:47.016Z
sensor.alpstuga_air_quality_monitor_teplota,24.26,2026-10-02T10:18:46.464Z
sensor.alpstuga_air_quality_monitor_teplota,24.25,2026-10-02T10:23:43.729Z
sensor.alpstuga_air_quality_monitor_teplota,24.26,2026-10-02T10:25:42.576Z
sensor.alpstuga_air_quality_monitor_teplota,24.27,2026-10-02T10:28:11.268Z
sensor.alpstuga_air_quality_monitor_teplota,24.28,2026-10-02T10:29:10.737Z
sensor.alpstuga_air_quality_monitor_teplota,24.29,2026-10-02T10:33:38.184Z
sensor.alpstuga_air_quality_monitor_teplota,24.3,2026-10-02T10:35:07.340Z
sensor.alpstuga_air_quality_monitor_teplota,24.31,2026-10-02T10:37:06.215Z
sensor.alpstuga_air_quality_monitor_teplota,24.32,2026-10-02T10:38:35.318Z
sensor.alpstuga_air_quality_monitor_teplota,24.31,2026-10-02T10:40:34.221Z
sensor.alpstuga_air_quality_monitor_teplota,24.32,2026-10-02T10:42:03.332Z
sensor.alpstuga_air_quality_monitor_teplota,24.31,2026-10-02T10:43:32.528Z
sensor.alpstuga_air_quality_monitor_teplota,24.32,2026-10-02T10:46:01.133Z
sensor.alpstuga_air_quality_monitor_teplota,24.33,2026-10-02T10:47:00.590Z
sensor.alpstuga_air_quality_monitor_teplota,24.34,2026-10-02T10:48:29.724Z
sensor.alpstuga_air_quality_monitor_teplota,24.35,2026-10-02T10:48:59.431Z
sensor.alpstuga_air_quality_monitor_teplota,24.36,2026-10-02T10:49:58.919Z
sensor.alpstuga_air_quality_monitor_teplota,24.37,2026-10-02T10:50:58.351Z
sensor.alpstuga_air_quality_monitor_teplota,24.38,2026-10-02T10:52:27.454Z
sensor.alpstuga_air_quality_monitor_teplota,24.39,2026-10-02T10:53:26.948Z
sensor.alpstuga_air_quality_monitor_teplota,24.4,2026-10-02T10:54:26.400Z
sensor.alpstuga_air_quality_monitor_teplota,24.41,2026-10-02T10:54:56.092Z
sensor.alpstuga_air_quality_monitor_teplota,24.42,2026-10-02T10:55:25.809Z
sensor.alpstuga_air_quality_monitor_teplota,24.43,2026-10-02T10:56:25.296Z
sensor.alpstuga_air_quality_monitor_teplota,24.44,2026-10-02T10:56:55.030Z
sensor.alpstuga_air_quality_monitor_teplota,24.45,2026-10-02T10:57:54.501Z
sensor.alpstuga_air_quality_monitor_teplota,24.46,2026-10-02T11:00:23.048Z
sensor.alpstuga_air_quality_monitor_teplota,24.47,2026-10-02T11:01:52.175Z
sensor.alpstuga_air_quality_monitor_teplota,24.48,2026-10-02T11:02:21.913Z
sensor.alpstuga_air_quality_monitor_teplota,24.49,2026-10-02T11:03:21.357Z
sensor.alpstuga_air_quality_monitor_teplota,24.5,2026-10-02T11:04:20.824Z
sensor.alpstuga_air_quality_monitor_teplota,24.51,2026-10-02T11:06:19.699Z
sensor.alpstuga_air_quality_monitor_teplota,24.52,2026-10-02T11:08:48.237Z
sensor.alpstuga_air_quality_monitor_teplota,24.53,2026-10-02T11:10:17.461Z
sensor.alpstuga_air_quality_monitor_teplota,24.54,2026-10-02T11:10:47.185Z
sensor.alpstuga_air_quality_monitor_teplota,24.55,2026-10-02T11:11:16.954Z
sensor.alpstuga_air_quality_monitor_teplota,24.54,2026-10-02T11:11:46.683Z
sensor.alpstuga_air_quality_monitor_teplota,24.55,2026-10-02T11:13:15.850Z
sensor.alpstuga_air_quality_monitor_teplota,24.56,2026-10-02T11:13:45.560Z
sensor.alpstuga_air_quality_monitor_teplota,24.57,2026-10-02T11:14:44.926Z
sensor.alpstuga_air_quality_monitor_teplota,24.58,2026-10-02T11:16:43.842Z
sensor.alpstuga_air_quality_monitor_teplota,24.59,2026-10-02T11:19:42.102Z
sensor.alpstuga_air_quality_monitor_teplota,24.6,2026-10-02T11:21:11.325Z
sensor.alpstuga_air_quality_monitor_teplota,24.59,2026-10-02T11:22:10.787Z
sensor.alpstuga_air_quality_monitor_teplota,24.6,2026-10-02T11:25:09.062Z
sensor.alpstuga_air_quality_monitor_teplota,24.61,2026-10-02T11:25:38.774Z
sensor.alpstuga_air_quality_monitor_teplota,24.6,2026-10-02T11:28:07.292Z
sensor.alpstuga_air_quality_monitor_teplota,24.59,2026-10-02T11:31:35.394Z
sensor.alpstuga_air_quality_monitor_teplota,24.6,2026-10-02T11:32:34.781Z
sensor.alpstuga_air_quality_monitor_teplota,24.59,2026-10-02T11:33:04.477Z
sensor.alpstuga_air_quality_monitor_teplota,24.6,2026-10-02T11:33:34.176Z
sensor.alpstuga_air_quality_monitor_teplota,24.59,2026-10-02T11:34:03.911Z
sensor.alpstuga_air_quality_monitor_teplota,24.58,2026-10-02T11:36:02.826Z
sensor.alpstuga_air_quality_monitor_teplota,24.57,2026-10-02T11:37:32.013Z
sensor.alpstuga_air_quality_monitor_teplota,24.56,2026-10-02T11:39:01.224Z
sensor.alpstuga_air_quality_monitor_teplota,24.55,2026-10-02T11:40:00.688Z
sensor.alpstuga_air_quality_monitor_teplota,24.54,2026-10-02T11:41:29.866Z
sensor.alpstuga_air_quality_monitor_teplota,24.53,2026-10-02T11:41:59.577Z
sensor.alpstuga_air_quality_monitor_teplota,24.52,2026-10-02T11:42:58.984Z
sensor.alpstuga_air_quality_monitor_teplota,24.51,2026-10-02T11:43:58.393Z
sensor.alpstuga_air_quality_monitor_teplota,24.5,2026-10-02T11:44:57.775Z
sensor.alpstuga_air_quality_monitor_teplota,24.49,2026-10-02T11:45:27.472Z
sensor.alpstuga_air_quality_monitor_teplota,24.48,2026-10-02T11:46:26.887Z
sensor.alpstuga_air_quality_monitor_teplota,24.47,2026-10-02T11:47:26.354Z
sensor.alpstuga_air_quality_monitor_teplota,24.46,2026-10-02T11:48:55.557Z
sensor.alpstuga_air_quality_monitor_teplota,24.45,2026-10-02T11:50:24.703Z
sensor.alpstuga_air_quality_monitor_teplota,24.44,2026-10-02T11:51:53.861Z
sensor.alpstuga_air_quality_monitor_teplota,24.43,2026-10-02T11:53:52.840Z
sensor.alpstuga_air_quality_monitor_teplota,24.42,2026-10-02T11:55:51.740Z
sensor.alpstuga_air_quality_monitor_teplota,24.41,2026-10-02T11:59:49.512Z
sensor.alpstuga_air_quality_monitor_teplota,24.4,2026-10-02T12:08:44.492Z
sensor.alpstuga_air_quality_monitor_teplota,24.39,2026-10-02T12:15:40.517Z
sensor.alpstuga_air_quality_monitor_teplota,24.38,2026-10-02T12:17:09.653Z
sensor.alpstuga_air_quality_monitor_teplota,24.39,2026-10-02T12:21:07.524Z
sensor.alpstuga_air_quality_monitor_teplota,24.38,2026-10-02T12:26:34.440Z
sensor.alpstuga_air_quality_monitor_teplota,24.39,2026-10-02T12:27:04.154Z
sensor.alpstuga_air_quality_monitor_teplota,24.4,2026-10-02T12:39:27.046Z
sensor.alpstuga_air_quality_monitor_teplota,24.39,2026-10-02T12:39:56.750Z
sensor.alpstuga_air_quality_monitor_teplota,24.38,2026-10-02T12:43:24.797Z
sensor.alpstuga_air_quality_monitor_teplota,24.39,2026-10-02T12:44:24.258Z
sensor.alpstuga_air_quality_monitor_teplota,24.38,2026-10-02T12:44:53.988Z
sensor.alpstuga_air_quality_monitor_teplota,24.39,2026-10-02T12:45:23.695Z
sensor.alpstuga_air_quality_monitor_teplota,24.38,2026-10-02T12:45:53.399Z
sensor.alpstuga_air_quality_monitor_teplota,24.39,2026-10-02T12:46:52.797Z
sensor.alpstuga_air_quality_monitor_teplota,24.38,2026-10-02T12:47:22.503Z
sensor.alpstuga_air_quality_monitor_teplota,24.39,2026-10-02T12:47:52.201Z
sensor.alpstuga_air_quality_monitor_teplota,24.4,2026-10-02T12:50:20.870Z
sensor.alpstuga_air_quality_monitor_teplota,24.39,2026-10-02T12:51:20.317Z
sensor.alpstuga_air_quality_monitor_teplota,24.4,2026-10-02T12:52:49.429Z
sensor.alpstuga_air_quality_monitor_teplota,24.39,2026-10-02T12:53:19.137Z
sensor.alpstuga_air_quality_monitor_teplota,24.4,2026-10-02T12:54:48.287Z
sensor.alpstuga_air_quality_monitor_teplota,24.41,2026-10-02T12:57:46.501Z
sensor.alpstuga_air_quality_monitor_teplota,24.42,2026-10-02T12:59:15.717Z
sensor.alpstuga_air_quality_monitor_teplota,24.41,2026-10-02T12:59:45.455Z
sensor.alpstuga_air_quality_monitor_teplota,24.42,2026-10-02T13:00:15.174Z
sensor.alpstuga_air_quality_monitor_teplota,24.43,2026-10-02T13:04:42.650Z
sensor.alpstuga_air_quality_monitor_teplota,24.44,2026-10-02T13:13:37.491Z
sensor.alpstuga_air_quality_monitor_teplota,24.45,2026-10-02T13:16:35.905Z
sensor.alpstuga_air_quality_monitor_teplota,24.46,2026-10-02T13:19:04.484Z
sensor.alpstuga_air_quality_monitor_teplota,24.45,2026-10-02T13:19:34.203Z
sensor.alpstuga_air_quality_monitor_teplota,24.46,2026-10-02T13:20:33.622Z
sensor.alpstuga_air_quality_monitor_teplota,24.45,2026-10-02T13:24:01.586Z
sensor.alpstuga_air_quality_monitor_teplota,24.44,2026-10-02T13:30:28.049Z
sensor.alpstuga_air_quality_monitor_teplota,24.45,2026-10-02T13:35:54.882Z
sensor.alpstuga_air_quality_monitor_teplota,24.46,2026-10-02T13:37:23.997Z
sensor.alpstuga_air_quality_monitor_teplota,24.47,2026-10-02T13:43:50.366Z
sensor.alpstuga_air_quality_monitor_teplota,24.48,2026-10-02T13:44:20.079Z
sensor.alpstuga_air_quality_monitor_teplota,24.49,2026-10-02T13:45:19.482Z
sensor.alpstuga_air_quality_monitor_teplota,24.5,2026-10-02T13:49:17.130Z
sensor.alpstuga_air_quality_monitor_teplota,24.49,2026-10-02T13:49:46.854Z
sensor.alpstuga_air_quality_monitor_teplota,24.5,2026-10-02T13:53:14.923Z
sensor.alpstuga_air_quality_monitor_teplota,24.51,2026-10-02T14:00:40.675Z
sensor.alpstuga_air_quality_monitor_teplota,24.5,2026-10-02T14:01:10.409Z
sensor.alpstuga_air_quality_monitor_teplota,24.51,2026-10-02T14:01:40.137Z
sensor.alpstuga_air_quality_monitor_teplota,24.52,2026-10-02T14:04:38.482Z
sensor.alpstuga_air_quality_monitor_teplota,24.53,2026-10-02T14:05:37.899Z
sensor.alpstuga_air_quality_monitor_teplota,24.54,2026-10-02T14:06:37.332Z
sensor.alpstuga_air_quality_monitor_teplota,24.55,2026-10-02T14:08:06.459Z
sensor.alpstuga_air_quality_monitor_teplota,24.56,2026-10-02T14:09:35.586Z
sensor.alpstuga_air_quality_monitor_teplota,24.57,2026-10-02T14:11:04.740Z
sensor.alpstuga_air_quality_monitor_teplota,24.58,2026-10-02T14:12:04.187Z
sensor.alpstuga_air_quality_monitor_teplota,24.59,2026-10-02T14:13:33.283Z
sensor.alpstuga_air_quality_monitor_teplota,24.6,2026-10-02T14:14:32.735Z
sensor.alpstuga_air_quality_monitor_teplota,24.61,2026-10-02T14:16:31.702Z
sensor.alpstuga_air_quality_monitor_teplota,24.62,2026-10-02T14:17:31.195Z
sensor.alpstuga_air_quality_monitor_teplota,24.63,2026-10-02T14:18:30.671Z
sensor.alpstuga_air_quality_monitor_teplota,24.64,2026-10-02T14:19:30.101Z
sensor.alpstuga_air_quality_monitor_teplota,24.65,2026-10-02T14:20:59.283Z
sensor.alpstuga_air_quality_monitor_teplota,24.66,2026-10-02T14:22:58.154Z
sensor.alpstuga_air_quality_monitor_teplota,24.67,2026-10-02T14:23:57.639Z
sensor.alpstuga_air_quality_monitor_teplota,24.68,2026-10-02T14:24:57.069Z
sensor.alpstuga_air_quality_monitor_teplota,24.69,2026-10-02T14:30:53.780Z
sensor.alpstuga_air_quality_monitor_teplota,24.68,2026-10-02T14:32:52.528Z
sensor.alpstuga_air_quality_monitor_teplota,24.69,2026-10-02T14:40:18.368Z
sensor.alpstuga_air_quality_monitor_teplota,24.7,2026-10-02T14:44:45.909Z
sensor.alpstuga_air_quality_monitor_teplota,24.69,2026-10-02T14:45:15.629Z
sensor.alpstuga_air_quality_monitor_teplota,24.7,2026-10-02T14:50:42.507Z
sensor.alpstuga_air_quality_monitor_teplota,24.69,2026-10-02T14:53:40.784Z
sensor.alpstuga_air_quality_monitor_teplota,24.7,2026-10-02T14:55:39.633Z
sensor.alpstuga_air_quality_monitor_teplota,24.69,2026-10-02T14:56:39.042Z
sensor.alpstuga_air_quality_monitor_teplota,24.7,2026-10-02T14:59:07.663Z
sensor.alpstuga_air_quality_monitor_teplota,24.69,2026-10-02T14:59:37.382Z
sensor.alpstuga_air_quality_monitor_teplota,24.68,2026-10-02T15:02:05.905Z
sensor.alpstuga_air_quality_monitor_teplota,24.67,2026-10-02T15:03:35.005Z
sensor.alpstuga_air_quality_monitor_teplota,24.68,2026-10-02T15:06:33.380Z
sensor.alpstuga_air_quality_monitor_teplota,24.67,2026-10-02T15:07:03.127Z
sensor.alpstuga_air_quality_monitor_teplota,24.66,2026-10-02T15:08:32.322Z
sensor.alpstuga_air_quality_monitor_teplota,24.67,2026-10-02T15:09:31.773Z
sensor.alpstuga_air_quality_monitor_teplota,24.66,2026-10-02T15:14:28.990Z
sensor.alpstuga_air_quality_monitor_teplota,24.67,2026-10-02T15:15:58.101Z
sensor.alpstuga_air_quality_monitor_teplota,24.66,2026-10-02T15:16:27.818Z
sensor.alpstuga_air_quality_monitor_teplota,24.65,2026-10-02T15:17:56.985Z
sensor.alpstuga_air_quality_monitor_teplota,24.64,2026-10-02T15:19:55.866Z
sensor.alpstuga_air_quality_monitor_teplota,24.63,2026-10-02T15:23:53.590Z
sensor.alpstuga_air_quality_monitor_teplota,24.62,2026-10-02T15:24:53.028Z
sensor.alpstuga_air_quality_monitor_teplota,24.63,2026-10-02T15:25:52.444Z
sensor.alpstuga_air_quality_monitor_teplota,24.62,2026-10-02T15:28:21.147Z
sensor.alpstuga_air_quality_monitor_teplota,24.61,2026-10-02T15:30:49.804Z
sensor.alpstuga_air_quality_monitor_teplota,24.6,2026-10-02T15:31:49.289Z
sensor.alpstuga_air_quality_monitor_teplota,24.59,2026-10-02T15:32:19.018Z
sensor.alpstuga_air_quality_monitor_teplota,24.58,2026-10-02T15:35:17.331Z
sensor.alpstuga_air_quality_monitor_teplota,24.57,2026-10-02T15:37:16.251Z
sensor.alpstuga_air_quality_monitor_teplota,24.58,2026-10-02T15:44:42.143Z
sensor.alpstuga_air_quality_monitor_teplota,24.57,2026-10-02T15:45:41.606Z
sensor.alpstuga_air_quality_monitor_teplota,24.58,2026-10-02T15:47:10.767Z
sensor.alpstuga_air_quality_monitor_teplota,24.57,2026-10-02T15:50:09.079Z
sensor.alpstuga_air_quality_monitor_teplota,24.58,2026-10-02T15:52:37.612Z
sensor.alpstuga_air_quality_monitor_teplota,24.59,2026-10-02T15:54:36.641Z
sensor.alpstuga_air_quality_monitor_teplota,24.6,2026-10-02T15:56:05.842Z
sensor.alpstuga_air_quality_monitor_teplota,24.59,2026-10-02T15:57:35.023Z
sensor.alpstuga_air_quality_monitor_teplota,24.6,2026-10-02T15:58:04.748Z
sensor.alpstuga_air_quality_monitor_teplota,24.61,2026-10-02T16:00:33.352Z
sensor.alpstuga_air_quality_monitor_teplota,24.62,2026-10-02T16:01:32.812Z
sensor.alpstuga_air_quality_monitor_teplota,24.63,2026-10-02T16:02:02.528Z
sensor.alpstuga_air_quality_monitor_teplota,24.64,2026-10-02T16:03:01.949Z
sensor.alpstuga_air_quality_monitor_teplota,24.63,2026-10-02T16:06:00.226Z
sensor.alpstuga_air_quality_monitor_teplota,24.62,2026-10-02T16:06:29.957Z
sensor.alpstuga_air_quality_monitor_teplota,24.61,2026-10-02T16:06:59.672Z
sensor.alpstuga_air_quality_monitor_teplota,24.6,2026-10-02T16:08:28.813Z
sensor.alpstuga_air_quality_monitor_teplota,24.61,2026-10-02T16:08:58.517Z
sensor.alpstuga_air_quality_monitor_teplota,24.6,2026-10-02T16:09:28.225Z
sensor.alpstuga_air_quality_monitor_teplota,24.59,2026-10-02T16:11:27.026Z
sensor.alpstuga_air_quality_monitor_teplota,24.58,2026-10-02T16:12:26.524Z
sensor.alpstuga_air_quality_monitor_teplota,24.57,2026-10-02T16:13:25.979Z
sensor.alpstuga_air_quality_monitor_teplota,24.56,2026-10-02T16:13:55.697Z
sensor.alpstuga_air_quality_monitor_teplota,24.55,2026-10-02T16:14:25.414Z
sensor.alpstuga_air_quality_monitor_teplota,24.54,2026-10-02T16:14:55.124Z
sensor.alpstuga_air_quality_monitor_teplota,24.53,2026-10-02T16:15:54.529Z
sensor.alpstuga_air_quality_monitor_teplota,24.52,2026-10-02T16:16:24.290Z
sensor.alpstuga_air_quality_monitor_teplota,24.51,2026-10-02T16:16:54.038Z
sensor.alpstuga_air_quality_monitor_teplota,24.5,2026-10-02T16:17:23.758Z
sensor.alpstuga_air_quality_monitor_teplota,24.49,2026-10-02T16:18:52.922Z
sensor.alpstuga_air_quality_monitor_teplota,24.48,2026-10-02T16:19:52.344Z
sensor.alpstuga_air_quality_monitor_teplota,24.47,2026-10-02T16:20:51.751Z
sensor.alpstuga_air_quality_monitor_teplota,24.46,2026-10-02T16:21:21.462Z
sensor.alpstuga_air_quality_monitor_teplota,24.45,2026-10-02T16:23:20.400Z
sensor.alpstuga_air_quality_monitor_teplota,24.44,2026-10-02T16:24:19.876Z
sensor.alpstuga_air_quality_monitor_teplota,24.43,2026-10-02T16:25:19.357Z
sensor.alpstuga_air_quality_monitor_teplota,24.44,2026-10-02T16:26:48.752Z
sensor.alpstuga_air_quality_monitor_teplota,24.43,2026-10-02T16:28:47.603Z
sensor.alpstuga_air_quality_monitor_teplota,24.42,2026-10-02T16:30:16.755Z
sensor.alpstuga_air_quality_monitor_teplota,24.41,2026-10-02T16:32:15.574Z
sensor.alpstuga_air_quality_monitor_teplota,24.4,2026-10-02T16:33:15.067Z
sensor.alpstuga_air_quality_monitor_teplota,24.39,2026-10-02T16:33:44.809Z
sensor.alpstuga_air_quality_monitor_teplota,24.38,2026-10-02T16:34:14.553Z
sensor.alpstuga_air_quality_monitor_teplota,24.37,2026-10-02T16:34:44.281Z
sensor.alpstuga_air_quality_monitor_teplota,24.36,2026-10-02T16:35:14.018Z
sensor.alpstuga_air_quality_monitor_teplota,24.35,2026-10-02T16:36:13.431Z
sensor.alpstuga_air_quality_monitor_teplota,24.34,2026-10-02T16:37:42.549Z
sensor.alpstuga_air_quality_monitor_teplota,24.33,2026-10-02T16:41:10.595Z
sensor.alpstuga_air_quality_monitor_teplota,24.34,2026-10-02T16:41:40.315Z
sensor.alpstuga_air_quality_monitor_teplota,24.35,2026-10-02T16:43:39.179Z
sensor.alpstuga_air_quality_monitor_teplota,24.36,2026-10-02T16:44:38.562Z
sensor.alpstuga_air_quality_monitor_teplota,24.37,2026-10-02T16:46:07.640Z
sensor.alpstuga_air_quality_monitor_teplota,24.38,2026-10-02T16:47:07.041Z
sensor.alpstuga_air_quality_monitor_teplota,24.39,2026-10-02T16:48:06.505Z
sensor.alpstuga_air_quality_monitor_teplota,24.4,2026-10-02T16:48:36.224Z
sensor.alpstuga_air_quality_monitor_teplota,24.41,2026-10-02T16:49:35.674Z
sensor.alpstuga_air_quality_monitor_teplota,24.42,2026-10-02T16:50:35.106Z
sensor.alpstuga_air_quality_monitor_teplota,24.43,2026-10-02T16:51:34.490Z
sensor.alpstuga_air_quality_monitor_teplota,24.44,2026-10-02T16:52:04.235Z
sensor.alpstuga_air_quality_monitor_teplota,24.46,2026-10-02T16:53:03.710Z
sensor.alpstuga_air_quality_monitor_teplota,24.47,2026-10-02T16:54:03.170Z
sensor.alpstuga_air_quality_monitor_teplota,24.46,2026-10-02T16:59:59.974Z
sensor.alpstuga_air_quality_monitor_teplota,24.45,2026-10-02T17:00:29.691Z
sensor.alpstuga_air_quality_monitor_teplota,24.44,2026-10-02T17:01:58.856Z
sensor.alpstuga_air_quality_monitor_teplota,24.43,2026-10-02T17:02:28.578Z
sensor.alpstuga_air_quality_monitor_teplota,24.42,2026-10-02T17:02:58.281Z
sensor.alpstuga_air_quality_monitor_teplota,24.41,2026-10-02T17:03:28.156Z
sensor.alpstuga_air_quality_monitor_teplota,24.39,2026-10-02T17:03:57.852Z
sensor.alpstuga_air_quality_monitor_teplota,24.37,2026-10-02T17:04:27.543Z
sensor.alpstuga_air_quality_monitor_teplota,24.35,2026-10-02T17:04:57.220Z
sensor.alpstuga_air_quality_monitor_teplota,24.32,2026-10-02T17:05:26.909Z
sensor.alpstuga_air_quality_monitor_teplota,24.31,2026-10-02T17:05:56.629Z
sensor.alpstuga_air_quality_monitor_teplota,24.29,2026-10-02T17:06:26.372Z
sensor.alpstuga_air_quality_monitor_teplota,24.28,2026-10-02T17:06:56.076Z
sensor.alpstuga_air_quality_monitor_teplota,24.27,2026-10-02T17:07:25.793Z
sensor.alpstuga_air_quality_monitor_teplota,24.25,2026-10-02T17:07:55.505Z
sensor.alpstuga_air_quality_monitor_teplota,24.24,2026-10-02T17:08:25.213Z
sensor.alpstuga_air_quality_monitor_teplota,24.23,2026-10-02T17:08:54.918Z
sensor.alpstuga_air_quality_monitor_teplota,24.21,2026-10-02T17:09:24.399Z
sensor.alpstuga_air_quality_monitor_teplota,24.2,2026-10-02T17:09:54.134Z
sensor.alpstuga_air_quality_monitor_teplota,24.17,2026-10-02T17:10:23.871Z
sensor.alpstuga_air_quality_monitor_teplota,24.15,2026-10-02T17:10:53.596Z
sensor.alpstuga_air_quality_monitor_teplota,24.13,2026-10-02T17:11:23.327Z
sensor.alpstuga_air_quality_monitor_teplota,24.11,2026-10-02T17:11:53.040Z
sensor.alpstuga_air_quality_monitor_teplota,24.1,2026-10-02T17:12:22.745Z
sensor.alpstuga_air_quality_monitor_teplota,24.09,2026-10-02T17:12:52.450Z
sensor.alpstuga_air_quality_monitor_teplota,24.08,2026-10-02T17:13:22.157Z
sensor.alpstuga_air_quality_monitor_teplota,24.07,2026-10-02T17:13:51.821Z
sensor.alpstuga_air_quality_monitor_teplota,24.06,2026-10-02T17:14:51.176Z
sensor.alpstuga_air_quality_monitor_teplota,24.05,2026-10-02T17:16:50.064Z
sensor.alpstuga_air_quality_monitor_teplota,24.06,2026-10-02T17:17:49.496Z
sensor.alpstuga_air_quality_monitor_teplota,24.07,2026-10-02T17:19:48.500Z
sensor.alpstuga_air_quality_monitor_teplota,24.08,2026-10-02T17:20:18.317Z
sensor.alpstuga_air_quality_monitor_teplota,24.09,2026-10-02T17:21:17.747Z
sensor.alpstuga_air_quality_monitor_teplota,24.1,2026-10-02T17:21:47.459Z
sensor.alpstuga_air_quality_monitor_teplota,24.09,2026-10-02T17:25:15.280Z
sensor.alpstuga_air_quality_monitor_teplota,24.1,2026-10-02T17:26:44.454Z
sensor.alpstuga_air_quality_monitor_teplota,24.11,2026-10-02T17:27:43.890Z
sensor.alpstuga_air_quality_monitor_teplota,24.12,2026-10-02T17:29:42.847Z
sensor.alpstuga_air_quality_monitor_teplota,24.13,2026-10-02T17:30:12.390Z
sensor.alpstuga_air_quality_monitor_teplota,24.14,2026-10-02T17:30:42.142Z
sensor.alpstuga_air_quality_monitor_teplota,24.15,2026-10-02T17:31:11.832Z
sensor.alpstuga_air_quality_monitor_teplota,24.13,2026-10-02T17:31:41.749Z
sensor.alpstuga_air_quality_monitor_teplota,24.11,2026-10-02T17:32:11.677Z
sensor.alpstuga_air_quality_monitor_teplota,24.07,2026-10-02T17:32:41.411Z
sensor.alpstuga_air_quality_monitor_teplota,24.02,2026-10-02T17:33:11.146Z
sensor.alpstuga_air_quality_monitor_teplota,23.96,2026-10-02T17:33:40.874Z
sensor.alpstuga_air_quality_monitor_teplota,23.9,2026-10-02T17:34:10.593Z
sensor.alpstuga_air_quality_monitor_teplota,23.84,2026-10-02T17:34:40.302Z
sensor.alpstuga_air_quality_monitor_teplota,23.79,2026-10-02T17:35:10.043Z
sensor.alpstuga_air_quality_monitor_teplota,23.73,2026-10-02T17:35:39.766Z
sensor.alpstuga_air_quality_monitor_teplota,23.7,2026-10-02T17:36:09.485Z
sensor.alpstuga_air_quality_monitor_teplota,23.67,2026-10-02T17:36:39.207Z
sensor.alpstuga_air_quality_monitor_teplota,23.64,2026-10-02T17:37:08.914Z
sensor.alpstuga_air_quality_monitor_teplota,23.62,2026-10-02T17:37:38.626Z
sensor.alpstuga_air_quality_monitor_teplota,23.6,2026-10-02T17:38:08.349Z
sensor.alpstuga_air_quality_monitor_teplota,23.58,2026-10-02T17:38:38.054Z
sensor.alpstuga_air_quality_monitor_teplota,23.56,2026-10-02T17:39:07.759Z
sensor.alpstuga_air_quality_monitor_teplota,23.55,2026-10-02T17:39:37.465Z
sensor.alpstuga_air_quality_monitor_teplota,23.54,2026-10-02T17:40:07.173Z
sensor.alpstuga_air_quality_monitor_teplota,23.53,2026-10-02T17:41:06.586Z
sensor.alpstuga_air_quality_monitor_teplota,23.52,2026-10-02T17:41:36.294Z
sensor.alpstuga_air_quality_monitor_teplota,23.51,2026-10-02T17:42:05.995Z
sensor.alpstuga_air_quality_monitor_teplota,23.5,2026-10-02T17:43:05.385Z
sensor.alpstuga_air_quality_monitor_teplota,23.51,2026-10-02T17:45:34.024Z
sensor.alpstuga_air_quality_monitor_teplota,23.52,2026-10-02T17:46:33.475Z
sensor.alpstuga_air_quality_monitor_teplota,23.54,2026-10-02T17:47:03.163Z
sensor.alpstuga_air_quality_monitor_teplota,23.55,2026-10-02T17:47:32.857Z
sensor.alpstuga_air_quality_monitor_teplota,23.56,2026-10-02T17:48:02.543Z
sensor.alpstuga_air_quality_monitor_teplota,23.57,2026-10-02T17:48:32.250Z
sensor.alpstuga_air_quality_monitor_teplota,23.59,2026-10-02T17:49:01.937Z
sensor.alpstuga_air_quality_monitor_teplota,23.6,2026-10-02T17:49:31.658Z
sensor.alpstuga_air_quality_monitor_teplota,23.61,2026-10-02T17:50:31.120Z
sensor.alpstuga_air_quality_monitor_teplota,23.62,2026-10-02T17:51:00.836Z
sensor.alpstuga_air_quality_monitor_teplota,23.63,2026-10-02T17:53:59.085Z
sensor.alpstuga_air_quality_monitor_teplota,23.62,2026-10-02T17:58:56.432Z
sensor.alpstuga_air_quality_monitor_teplota,23.61,2026-10-02T18:00:55.285Z
sensor.alpstuga_air_quality_monitor_teplota,23.62,2026-10-02T18:01:25.032Z
sensor.alpstuga_air_quality_monitor_teplota,23.61,2026-10-02T18:01:54.746Z
sensor.alpstuga_air_quality_monitor_teplota,23.62,2026-10-02T18:02:24.460Z
sensor.alpstuga_air_quality_monitor_teplota,23.61,2026-10-02T18:03:53.585Z
sensor.alpstuga_air_quality_monitor_teplota,23.62,2026-10-02T18:05:52.517Z
sensor.alpstuga_air_quality_monitor_teplota,23.63,2026-10-02T18:18:45.021Z
sensor.alpstuga_air_quality_monitor_teplota,23.64,2026-10-02T18:22:13.102Z
sensor.alpstuga_air_quality_monitor_teplota,23.63,2026-10-02T18:22:42.828Z
sensor.alpstuga_air_quality_monitor_teplota,23.64,2026-10-02T18:24:11.935Z
sensor.alpstuga_air_quality_monitor_teplota,23.63,2026-10-02T18:25:41.013Z
sensor.alpstuga_air_quality_monitor_teplota,23.64,2026-10-02T18:27:10.183Z
sensor.alpstuga_air_quality_monitor_teplota,23.63,2026-10-02T18:27:39.925Z
sensor.alpstuga_air_quality_monitor_teplota,23.62,2026-10-02T18:30:38.255Z
sensor.alpstuga_air_quality_monitor_teplota,23.63,2026-10-02T18:31:37.679Z
sensor.alpstuga_air_quality_monitor_teplota,23.62,2026-10-02T18:32:07.398Z
sensor.alpstuga_air_quality_monitor_teplota,23.61,2026-10-02T18:34:06.145Z
sensor.alpstuga_air_quality_monitor_teplota,23.62,2026-10-02T18:34:35.813Z
sensor.alpstuga_air_quality_monitor_teplota,23.6,2026-10-02T18:37:34.404Z
sensor.alpstuga_air_quality_monitor_teplota,23.59,2026-10-02T18:38:04.107Z
sensor.alpstuga_air_quality_monitor_teplota,23.57,2026-10-02T18:38:33.809Z
sensor.alpstuga_air_quality_monitor_teplota,23.55,2026-10-02T18:39:03.507Z
sensor.alpstuga_air_quality_monitor_teplota,23.54,2026-10-02T18:39:33.207Z
sensor.alpstuga_air_quality_monitor_teplota,23.53,2026-10-02T18:40:02.909Z
sensor.alpstuga_air_quality_monitor_teplota,23.52,2026-10-02T18:40:32.586Z
sensor.alpstuga_air_quality_monitor_teplota,23.51,2026-10-02T18:41:02.265Z
sensor.alpstuga_air_quality_monitor_teplota,23.5,2026-10-02T18:41:32.003Z
sensor.alpstuga_air_quality_monitor_teplota,23.49,2026-10-02T18:42:01.747Z
sensor.alpstuga_air_quality_monitor_teplota,23.48,2026-10-02T18:42:31.494Z
sensor.alpstuga_air_quality_monitor_teplota,23.49,2026-10-02T18:44:00.729Z
sensor.alpstuga_air_quality_monitor_teplota,23.5,2026-10-02T18:44:30.472Z
sensor.alpstuga_air_quality_monitor_teplota,23.49,2026-10-02T18:45:00.202Z
sensor.alpstuga_air_quality_monitor_teplota,23.48,2026-10-02T18:45:29.925Z
sensor.alpstuga_air_quality_monitor_teplota,23.49,2026-10-02T18:46:29.574Z
sensor.alpstuga_air_quality_monitor_teplota,23.5,2026-10-02T18:47:58.687Z
sensor.alpstuga_air_quality_monitor_teplota,23.51,2026-10-02T18:48:58.112Z
sensor.alpstuga_air_quality_monitor_teplota,23.52,2026-10-02T18:49:57.509Z
sensor.alpstuga_air_quality_monitor_teplota,23.53,2026-10-02T18:52:26.084Z
sensor.alpstuga_air_quality_monitor_teplota,23.54,2026-10-02T18:53:25.499Z
sensor.alpstuga_air_quality_monitor_teplota,23.55,2026-10-02T18:53:55.203Z
sensor.alpstuga_air_quality_monitor_teplota,23.56,2026-10-02T18:55:24.390Z
sensor.alpstuga_air_quality_monitor_teplota,23.57,2026-10-02T18:55:54.104Z
sensor.alpstuga_air_quality_monitor_teplota,23.58,2026-10-02T18:56:53.502Z
sensor.alpstuga_air_quality_monitor_teplota,23.59,2026-10-02T18:57:23.363Z
sensor.alpstuga_air_quality_monitor_teplota,23.6,2026-10-02T19:00:21.837Z
sensor.alpstuga_air_quality_monitor_teplota,23.61,2026-10-02T19:00:51.554Z
sensor.alpstuga_air_quality_monitor_teplota,23.62,2026-10-02T19:01:21.277Z
sensor.alpstuga_air_quality_monitor_teplota,23.63,2026-10-02T19:02:20.701Z
sensor.alpstuga_air_quality_monitor_teplota,23.64,2026-10-02T19:02:50.410Z
sensor.alpstuga_air_quality_monitor_teplota,23.65,2026-10-02T19:03:49.839Z
sensor.alpstuga_air_quality_monitor_teplota,23.66,2026-10-02T19:04:49.307Z
sensor.alpstuga_air_quality_monitor_teplota,23.67,2026-10-02T19:05:48.760Z
sensor.alpstuga_air_quality_monitor_teplota,23.68,2026-10-02T19:06:18.448Z
sensor.alpstuga_air_quality_monitor_teplota,23.69,2026-10-02T19:06:48.195Z
sensor.alpstuga_air_quality_monitor_teplota,23.7,2026-10-02T19:07:17.936Z
sensor.alpstuga_air_quality_monitor_teplota,23.71,2026-10-02T19:07:47.683Z
sensor.alpstuga_air_quality_monitor_teplota,23.72,2026-10-02T19:08:47.156Z
sensor.alpstuga_air_quality_monitor_teplota,23.73,2026-10-02T19:09:16.893Z
sensor.alpstuga_air_quality_monitor_teplota,23.75,2026-10-02T19:09:46.615Z
sensor.alpstuga_air_quality_monitor_teplota,23.76,2026-10-02T19:10:16.337Z
sensor.alpstuga_air_quality_monitor_teplota,23.77,2026-10-02T19:10:46.048Z
sensor.alpstuga_air_quality_monitor_teplota,23.78,2026-10-02T19:11:15.757Z
sensor.alpstuga_air_quality_monitor_teplota,23.79,2026-10-02T19:11:45.467Z
sensor.alpstuga_air_quality_monitor_teplota,23.81,2026-10-02T19:12:15.172Z
sensor.alpstuga_air_quality_monitor_teplota,23.82,2026-10-02T19:13:14.611Z
sensor.alpstuga_air_quality_monitor_teplota,23.84,2026-10-02T19:13:44.313Z
sensor.alpstuga_air_quality_monitor_teplota,23.85,2026-10-02T19:14:43.736Z
sensor.alpstuga_air_quality_monitor_teplota,23.86,2026-10-02T19:15:13.449Z
sensor.alpstuga_air_quality_monitor_teplota,23.87,2026-10-02T19:17:41.962Z
sensor.alpstuga_air_quality_monitor_teplota,23.88,2026-10-02T19:18:41.330Z
sensor.alpstuga_air_quality_monitor_teplota,23.89,2026-10-02T19:19:40.695Z
sensor.alpstuga_air_quality_monitor_teplota,23.9,2026-10-02T19:21:09.770Z
sensor.alpstuga_air_quality_monitor_teplota,23.91,2026-10-02T19:22:38.974Z
sensor.alpstuga_air_quality_monitor_teplota,23.92,2026-10-02T19:23:08.691Z
sensor.alpstuga_air_quality_monitor_teplota,23.93,2026-10-02T19:24:08.083Z
sensor.alpstuga_air_quality_monitor_teplota,23.94,2026-10-02T19:26:06.935Z
sensor.alpstuga_air_quality_monitor_teplota,23.95,2026-10-02T19:27:06.339Z
sensor.alpstuga_air_quality_monitor_teplota,23.96,2026-10-02T19:28:05.783Z
sensor.alpstuga_air_quality_monitor_teplota,23.97,2026-10-02T19:29:05.265Z
sensor.alpstuga_air_quality_monitor_teplota,23.98,2026-10-02T19:30:34.398Z
sensor.alpstuga_air_quality_monitor_teplota,23.99,2026-10-02T19:31:33.823Z
sensor.alpstuga_air_quality_monitor_teplota,24.0,2026-10-02T19:32:33.224Z
sensor.alpstuga_air_quality_monitor_teplota,24.01,2026-10-02T19:35:31.557Z
sensor.alpstuga_air_quality_monitor_teplota,24.02,2026-10-02T19:36:30.998Z
sensor.alpstuga_air_quality_monitor_teplota,24.03,2026-10-02T19:37:00.699Z
sensor.alpstuga_air_quality_monitor_teplota,24.04,2026-10-02T19:38:29.900Z
sensor.alpstuga_air_quality_monitor_teplota,24.05,2026-10-02T19:39:29.318Z
sensor.alpstuga_air_quality_monitor_teplota,24.06,2026-10-02T19:40:58.433Z
sensor.alpstuga_air_quality_monitor_teplota,24.07,2026-10-02T19:44:26.411Z
sensor.alpstuga_air_quality_monitor_teplota,24.08,2026-10-02T19:46:25.319Z
sensor.alpstuga_air_quality_monitor_teplota,24.09,2026-10-02T19:48:53.932Z
sensor.alpstuga_air_quality_monitor_teplota,24.1,2026-10-02T19:52:21.940Z
sensor.alpstuga_air_quality_monitor_teplota,24.11,2026-10-02T19:54:50.540Z
sensor.alpstuga_air_quality_monitor_teplota,24.1,2026-10-02T19:55:20.255Z
sensor.alpstuga_air_quality_monitor_teplota,24.09,2026-10-02T20:00:17.394Z
sensor.alpstuga_air_quality_monitor_teplota,24.1,2026-10-02T20:02:45.960Z
sensor.alpstuga_air_quality_monitor_teplota,24.11,2026-10-02T20:04:15.123Z
sensor.alpstuga_air_quality_monitor_teplota,24.1,2026-10-02T20:06:13.987Z
sensor.alpstuga_air_quality_monitor_teplota,24.09,2026-10-02T20:08:42.629Z
sensor.alpstuga_air_quality_monitor_teplota,24.1,2026-10-02T20:09:42.034Z
sensor.alpstuga_air_quality_monitor_teplota,24.09,2026-10-02T20:14:39.150Z
sensor.alpstuga_air_quality_monitor_teplota,24.08,2026-10-02T20:16:08.251Z
sensor.alpstuga_air_quality_monitor_teplota,24.07,2026-10-02T20:18:07.040Z
sensor.alpstuga_air_quality_monitor_teplota,24.06,2026-10-02T20:19:06.444Z
sensor.alpstuga_air_quality_monitor_teplota,24.05,2026-10-02T20:20:05.834Z
sensor.alpstuga_air_quality_monitor_teplota,24.04,2026-10-02T20:21:05.222Z
sensor.alpstuga_air_quality_monitor_teplota,24.03,2026-10-02T20:22:34.444Z
sensor.alpstuga_air_quality_monitor_teplota,24.02,2026-10-02T20:23:04.141Z
sensor.alpstuga_air_quality_monitor_teplota,24.01,2026-10-02T20:24:03.555Z
sensor.alpstuga_air_quality_monitor_teplota,24.0,2026-10-02T20:29:30.368Z
sensor.alpstuga_air_quality_monitor_teplota,23.99,2026-10-02T20:34:27.527Z
sensor.alpstuga_air_quality_monitor_teplota,24.0,2026-10-02T20:36:26.394Z
sensor.alpstuga_air_quality_monitor_teplota,23.99,2026-10-02T20:37:55.594Z
sensor.alpstuga_air_quality_monitor_teplota,23.98,2026-10-02T20:38:55.038Z
sensor.alpstuga_air_quality_monitor_teplota,23.97,2026-10-02T20:39:54.481Z
sensor.alpstuga_air_quality_monitor_teplota,23.96,2026-10-02T20:44:51.607Z
sensor.alpstuga_air_quality_monitor_teplota,23.97,2026-10-02T20:45:51.071Z
sensor.alpstuga_air_quality_monitor_teplota,23.96,2026-10-02T20:48:19.615Z
sensor.alpstuga_air_quality_monitor_teplota,23.95,2026-10-02T20:50:18.468Z
sensor.alpstuga_air_quality_monitor_teplota,23.94,2026-10-02T20:51:47.580Z
sensor.alpstuga_air_quality_monitor_teplota,23.93,2026-10-02T20:53:46.337Z
sensor.alpstuga_air_quality_monitor_teplota,23.92,2026-10-02T20:54:45.739Z
sensor.alpstuga_air_quality_monitor_teplota,23.91,2026-10-02T20:56:14.839Z
sensor.alpstuga_air_quality_monitor_teplota,23.9,2026-10-02T20:57:14.208Z
sensor.alpstuga_air_quality_monitor_teplota,23.89,2026-10-02T20:59:13.144Z
sensor.alpstuga_air_quality_monitor_teplota,23.9,2026-10-02T21:00:12.594Z
sensor.alpstuga_air_quality_monitor_teplota,23.89,2026-10-02T21:02:11.481Z
sensor.alpstuga_air_quality_monitor_teplota,23.88,2026-10-02T21:03:40.600Z
sensor.alpstuga_air_quality_monitor_teplota,23.87,2026-10-02T21:05:09.722Z
sensor.alpstuga_air_quality_monitor_teplota,23.86,2026-10-02T21:06:38.953Z
sensor.alpstuga_air_quality_monitor_teplota,23.85,2026-10-02T21:08:08.232Z
sensor.alpstuga_air_quality_monitor_teplota,23.84,2026-10-02T21:09:07.743Z
sensor.alpstuga_air_quality_monitor_teplota,23.83,2026-10-02T21:10:07.148Z
sensor.alpstuga_air_quality_monitor_teplota,23.82,2026-10-02T21:12:06.117Z
sensor.alpstuga_air_quality_monitor_teplota,23.81,2026-10-02T21:15:34.239Z
sensor.alpstuga_air_quality_monitor_teplota,23.8,2026-10-02T21:17:33.146Z
sensor.alpstuga_air_quality_monitor_teplota,23.79,2026-10-02T21:18:32.626Z
sensor.alpstuga_air_quality_monitor_teplota,23.78,2026-10-02T21:20:01.822Z
sensor.alpstuga_air_quality_monitor_teplota,23.77,2026-10-02T21:21:30.999Z
sensor.alpstuga_air_quality_monitor_teplota,23.76,2026-10-02T21:23:29.877Z
sensor.alpstuga_air_quality_monitor_teplota,23.75,2026-10-02T21:24:29.365Z
sensor.alpstuga_air_quality_monitor_teplota,23.74,2026-10-02T21:26:58.042Z
sensor.alpstuga_air_quality_monitor_teplota,23.73,2026-10-02T21:27:57.476Z
sensor.alpstuga_air_quality_monitor_teplota,23.72,2026-10-02T21:34:23.777Z
sensor.alpstuga_air_quality_monitor_teplota,23.73,2026-10-02T21:35:23.183Z
sensor.alpstuga_air_quality_monitor_teplota,23.72,2026-10-02T21:35:52.886Z
sensor.alpstuga_air_quality_monitor_teplota,23.71,2026-10-02T21:38:21.394Z
sensor.alpstuga_air_quality_monitor_teplota,23.7,2026-10-02T21:43:18.528Z
sensor.alpstuga_air_quality_monitor_teplota,23.71,2026-10-02T21:47:45.998Z
sensor.alpstuga_air_quality_monitor_teplota,23.72,2026-10-02T21:49:44.824Z
sensor.alpstuga_air_quality_monitor_teplota,23.73,2026-10-02T21:50:44.307Z
sensor.alpstuga_air_quality_monitor_teplota,23.74,2026-10-02T21:51:14.065Z
sensor.alpstuga_air_quality_monitor_teplota,23.75,2026-10-02T21:53:42.677Z
sensor.alpstuga_air_quality_monitor_teplota,23.76,2026-10-02T21:55:11.840Z
sensor.alpstuga_air_quality_monitor_teplota,23.77,2026-10-02T21:57:10.717Z
sensor.alpstuga_air_quality_monitor_teplota,23.78,2026-10-02T22:00:38.843Z
sensor.alpstuga_air_quality_monitor_teplota,23.79,2026-10-02T22:01:38.258Z
sensor.alpstuga_air_quality_monitor_teplota,23.8,2026-10-02T22:02:07.991Z
sensor.alpstuga_air_quality_monitor_teplota,23.79,2026-10-02T22:02:37.714Z
sensor.alpstuga_air_quality_monitor_teplota,23.8,2026-10-02T22:03:37.152Z
sensor.alpstuga_air_quality_monitor_teplota,23.79,2026-10-02T22:06:05.690Z
sensor.alpstuga_air_quality_monitor_teplota,23.78,2026-10-02T22:07:34.915Z
sensor.alpstuga_air_quality_monitor_teplota,23.77,2026-10-02T22:08:04.633Z
sensor.alpstuga_air_quality_monitor_teplota,23.76,2026-10-02T22:08:34.353Z
sensor.alpstuga_air_quality_monitor_teplota,23.75,2026-10-02T22:09:33.764Z
sensor.alpstuga_air_quality_monitor_teplota,23.74,2026-10-02T22:10:03.468Z
sensor.alpstuga_air_quality_monitor_teplota,23.73,2026-10-02T22:10:33.163Z
sensor.alpstuga_air_quality_monitor_teplota,23.72,2026-10-02T22:11:32.550Z
sensor.alpstuga_air_quality_monitor_teplota,23.71,2026-10-02T22:12:31.957Z
sensor.alpstuga_air_quality_monitor_teplota,23.7,2026-10-02T22:14:01.016Z
sensor.alpstuga_air_quality_monitor_teplota,23.69,2026-10-02T22:15:30.239Z
sensor.alpstuga_air_quality_monitor_teplota,23.68,2026-10-02T22:16:29.726Z
sensor.alpstuga_air_quality_monitor_teplota,23.67,2026-10-02T22:17:29.212Z
sensor.alpstuga_air_quality_monitor_teplota,23.66,2026-10-02T22:17:58.948Z
sensor.alpstuga_air_quality_monitor_teplota,23.65,2026-10-02T22:19:28.158Z
sensor.alpstuga_air_quality_monitor_teplota,23.64,2026-10-02T22:20:27.592Z
sensor.alpstuga_air_quality_monitor_teplota,23.63,2026-10-02T22:21:56.690Z
sensor.alpstuga_air_quality_monitor_teplota,23.61,2026-10-02T22:22:26.475Z
sensor.alpstuga_air_quality_monitor_teplota,23.6,2026-10-02T22:22:56.211Z
sensor.alpstuga_air_quality_monitor_teplota,23.59,2026-10-02T22:23:25.943Z
sensor.alpstuga_air_quality_monitor_teplota,23.58,2026-10-02T22:24:25.372Z
sensor.alpstuga_air_quality_monitor_teplota,23.55,2026-10-02T22:24:55.064Z
sensor.alpstuga_air_quality_monitor_teplota,23.52,2026-10-02T22:25:24.761Z
sensor.alpstuga_air_quality_monitor_teplota,23.46,2026-10-02T22:25:54.453Z
sensor.alpstuga_air_quality_monitor_teplota,23.41,2026-10-02T22:26:24.144Z
sensor.alpstuga_air_quality_monitor_teplota,23.38,2026-10-02T22:26:53.839Z
sensor.alpstuga_air_quality_monitor_teplota,23.35,2026-10-02T22:27:23.593Z
sensor.alpstuga_air_quality_monitor_teplota,23.34,2026-10-02T22:27:53.336Z
sensor.alpstuga_air_quality_monitor_teplota,23.32,2026-10-02T22:28:23.062Z
sensor.alpstuga_air_quality_monitor_teplota,23.31,2026-10-02T22:28:52.754Z
sensor.alpstuga_air_quality_monitor_teplota,23.29,2026-10-02T22:29:22.450Z
sensor.alpstuga_air_quality_monitor_teplota,23.28,2026-10-02T22:30:21.909Z
sensor.alpstuga_air_quality_monitor_teplota,23.27,2026-10-02T22:31:51.069Z
sensor.alpstuga_air_quality_monitor_teplota,23.28,2026-10-02T22:32:21.099Z
sensor.alpstuga_air_quality_monitor_teplota,23.29,2026-10-02T22:32:50.810Z
sensor.alpstuga_air_quality_monitor_teplota,23.28,2026-10-02T22:34:19.985Z
sensor.alpstuga_air_quality_monitor_teplota,23.29,2026-10-02T22:38:47.226Z
sensor.alpstuga_air_quality_monitor_teplota,23.3,2026-10-02T22:39:16.979Z
sensor.alpstuga_air_quality_monitor_teplota,23.31,2026-10-02T22:39:46.708Z
sensor.alpstuga_air_quality_monitor_teplota,23.32,2026-10-02T22:40:46.146Z
sensor.alpstuga_air_quality_monitor_teplota,23.31,2026-10-02T22:41:45.581Z
sensor.alpstuga_air_quality_monitor_teplota,23.32,2026-10-02T22:43:14.671Z
sensor.alpstuga_air_quality_monitor_teplota,23.31,2026-10-02T22:44:14.145Z
sensor.alpstuga_air_quality_monitor_teplota,23.3,2026-10-02T22:46:13.202Z
sensor.alpstuga_air_quality_monitor_teplota,23.29,2026-10-02T22:46:42.901Z
sensor.alpstuga_air_quality_monitor_teplota,23.28,2026-10-02T22:47:12.596Z
sensor.alpstuga_air_quality_monitor_teplota,23.27,2026-10-02T22:47:42.300Z
sensor.alpstuga_air_quality_monitor_teplota,23.26,2026-10-02T22:48:41.705Z
sensor.alpstuga_air_quality_monitor_teplota,23.25,2026-10-02T22:49:11.416Z
sensor.alpstuga_air_quality_monitor_teplota,23.24,2026-10-02T22:49:41.027Z
sensor.alpstuga_air_quality_monitor_teplota,23.23,2026-10-02T22:50:40.503Z
sensor.alpstuga_air_quality_monitor_teplota,23.22,2026-10-02T22:51:10.205Z
sensor.alpstuga_air_quality_monitor_teplota,23.21,2026-10-02T22:53:08.904Z
sensor.alpstuga_air_quality_monitor_teplota,23.2,2026-10-02T22:54:08.339Z
sensor.alpstuga_air_quality_monitor_teplota,23.19,2026-10-02T22:55:07.838Z
sensor.alpstuga_air_quality_monitor_teplota,23.18,2026-10-02T22:57:06.653Z
sensor.alpstuga_air_quality_monitor_teplota,23.17,2026-10-02T22:58:06.173Z
sensor.alpstuga_air_quality_monitor_teplota,23.16,2026-10-02T22:59:06.247Z
sensor.alpstuga_air_quality_monitor_teplota,23.15,2026-10-02T23:00:35.996Z
sensor.alpstuga_air_quality_monitor_teplota,23.14,2026-10-02T23:02:05.152Z
sensor.alpstuga_air_quality_monitor_teplota,23.15,2026-10-02T23:06:02.641Z
sensor.alpstuga_air_quality_monitor_teplota,23.16,2026-10-02T23:07:02.122Z
sensor.alpstuga_air_quality_monitor_teplota,23.17,2026-10-02T23:07:31.877Z
sensor.alpstuga_air_quality_monitor_teplota,23.18,2026-10-02T23:08:01.623Z
sensor.alpstuga_air_quality_monitor_teplota,23.19,2026-10-02T23:08:31.682Z
sensor.alpstuga_air_quality_monitor_teplota,23.2,2026-10-02T23:09:31.751Z
sensor.alpstuga_air_quality_monitor_teplota,23.21,2026-10-02T23:10:01.763Z
sensor.alpstuga_air_quality_monitor_teplota,23.22,2026-10-02T23:10:31.789Z
sensor.alpstuga_air_quality_monitor_teplota,23.23,2026-10-02T23:11:01.820Z
sensor.alpstuga_air_quality_monitor_teplota,23.24,2026-10-02T23:12:01.875Z
sensor.alpstuga_air_quality_monitor_teplota,23.25,2026-10-02T23:13:01.903Z
sensor.alpstuga_air_quality_monitor_teplota,23.26,2026-10-02T23:14:01.958Z
sensor.alpstuga_air_quality_monitor_teplota,23.27,2026-10-02T23:14:31.964Z
sensor.alpstuga_air_quality_monitor_teplota,23.28,2026-10-02T23:15:01.995Z
sensor.alpstuga_air_quality_monitor_teplota,23.29,2026-10-02T23:15:32.036Z
sensor.alpstuga_air_quality_monitor_teplota,23.3,2026-10-02T23:16:31.955Z
sensor.alpstuga_air_quality_monitor_teplota,23.31,2026-10-02T23:17:01.673Z
sensor.alpstuga_air_quality_monitor_teplota,23.32,2026-10-02T23:17:31.372Z
sensor.alpstuga_air_quality_monitor_teplota,23.33,2026-10-02T23:19:00.479Z
sensor.alpstuga_air_quality_monitor_teplota,23.34,2026-10-02T23:19:59.929Z
sensor.alpstuga_air_quality_monitor_teplota,23.35,2026-10-02T23:20:29.653Z
sensor.alpstuga_air_quality_monitor_teplota,23.36,2026-10-02T23:21:58.775Z
sensor.alpstuga_air_quality_monitor_teplota,23.37,2026-10-02T23:22:58.178Z
sensor.alpstuga_air_quality_monitor_teplota,23.38,2026-10-02T23:26:26.459Z
sensor.alpstuga_air_quality_monitor_teplota,23.39,2026-10-02T23:26:56.185Z
sensor.alpstuga_air_quality_monitor_teplota,23.4,2026-10-02T23:27:25.885Z
sensor.alpstuga_air_quality_monitor_teplota,23.41,2026-10-02T23:28:25.306Z
sensor.alpstuga_air_quality_monitor_teplota,23.42,2026-10-02T23:28:55.037Z
sensor.alpstuga_air_quality_monitor_teplota,23.43,2026-10-02T23:29:54.496Z
sensor.alpstuga_air_quality_monitor_teplota,23.44,2026-10-02T23:30:53.965Z
sensor.alpstuga_air_quality_monitor_teplota,23.45,2026-10-02T23:31:23.700Z
sensor.alpstuga_air_quality_monitor_teplota,23.46,2026-10-02T23:31:53.423Z
sensor.alpstuga_air_quality_monitor_teplota,23.47,2026-10-02T23:32:23.314Z
sensor.alpstuga_air_quality_monitor_teplota,23.5,2026-10-02T23:32:53.013Z
sensor.alpstuga_air_quality_monitor_teplota,23.51,2026-10-02T23:33:22.712Z
sensor.alpstuga_air_quality_monitor_teplota,23.53,2026-10-02T23:33:52.414Z
sensor.alpstuga_air_quality_monitor_teplota,23.54,2026-10-02T23:34:22.114Z
sensor.alpstuga_air_quality_monitor_teplota,23.55,2026-10-02T23:34:51.801Z
sensor.alpstuga_air_quality_monitor_teplota,23.56,2026-10-02T23:35:21.525Z
sensor.alpstuga_air_quality_monitor_teplota,23.57,2026-10-02T23:36:21.010Z
sensor.alpstuga_air_quality_monitor_teplota,23.58,2026-10-02T23:37:20.457Z
sensor.alpstuga_air_quality_monitor_teplota,23.59,2026-10-02T23:37:50.161Z
sensor.alpstuga_air_quality_monitor_teplota,23.6,2026-10-02T23:38:49.764Z
sensor.alpstuga_air_quality_monitor_teplota,23.61,2026-10-02T23:39:49.247Z
sensor.alpstuga_air_quality_monitor_teplota,23.62,2026-10-02T23:41:48.165Z
sensor.alpstuga_air_quality_monitor_teplota,23.63,2026-10-02T23:45:16.230Z
sensor.alpstuga_air_quality_monitor_teplota,23.64,2026-10-02T23:46:45.311Z
sensor.alpstuga_air_quality_monitor_teplota,23.65,2026-10-02T23:49:13.926Z
sensor.alpstuga_air_quality_monitor_teplota,23.64,2026-10-02T23:50:13.390Z
sensor.alpstuga_air_quality_monitor_teplota,23.65,2026-10-02T23:51:12.842Z
sensor.alpstuga_air_quality_monitor_teplota,23.64,2026-10-02T23:52:12.266Z
sensor.alpstuga_air_quality_monitor_teplota,23.65,2026-10-02T23:55:40.272Z
sensor.alpstuga_air_quality_monitor_teplota,23.66,2026-10-02T23:58:08.978Z
sensor.alpstuga_air_quality_monitor_teplota,23.65,2026-10-02T23:58:38.714Z
sensor.alpstuga_air_quality_monitor_teplota,23.66,2026-10-02T23:59:08.454Z
sensor.alpstuga_air_quality_monitor_teplota,23.65,2026-10-02T23:59:38.197Z
sensor.alpstuga_air_quality_monitor_teplota,23.66,2026-10-03T00:00:07.938Z
sensor.alpstuga_air_quality_monitor_teplota,23.65,2026-10-03T00:01:37.043Z
sensor.alpstuga_air_quality_monitor_teplota,23.66,2026-10-03T00:02:06.734Z
sensor.alpstuga_air_quality_monitor_teplota,23.67,2026-10-03T00:07:03.988Z
sensor.alpstuga_air_quality_monitor_teplota,23.68,2026-10-03T00:08:33.080Z
sensor.alpstuga_air_quality_monitor_teplota,23.67,2026-10-03T00:10:31.897Z
sensor.alpstuga_air_quality_monitor_teplota,23.68,2026-10-03T00:17:57.574Z
sensor.alpstuga_air_quality_monitor_teplota,23.69,2026-10-03T00:20:55.800Z
sensor.alpstuga_air_quality_monitor_teplota,23.7,2026-10-03T00:22:24.985Z
sensor.alpstuga_air_quality_monitor_teplota,23.71,2026-10-03T00:30:20.456Z
sensor.alpstuga_air_quality_monitor_teplota,23.72,2026-10-03T00:35:17.824Z
sensor.alpstuga_air_quality_monitor_teplota,23.73,2026-10-03T00:38:16.141Z
sensor.alpstuga_air_quality_monitor_teplota,23.74,2026-10-03T00:40:14.975Z
sensor.alpstuga_air_quality_monitor_teplota,23.75,2026-10-03T00:42:13.769Z
sensor.alpstuga_air_quality_monitor_teplota,23.76,2026-10-03T00:47:10.953Z
sensor.alpstuga_air_quality_monitor_teplota,23.77,2026-10-03T00:48:10.386Z
sensor.alpstuga_air_quality_monitor_teplota,23.78,2026-10-03T00:50:09.208Z
sensor.alpstuga_air_quality_monitor_teplota,23.77,2026-10-03T00:50:38.907Z
sensor.alpstuga_air_quality_monitor_teplota,23.78,2026-10-03T00:51:08.600Z
sensor.alpstuga_air_quality_monitor_teplota,23.79,2026-10-03T00:56:35.391Z
sensor.alpstuga_air_quality_monitor_teplota,23.8,2026-10-03T00:57:34.800Z
sensor.alpstuga_air_quality_monitor_teplota,23.81,2026-10-03T00:58:34.279Z
sensor.alpstuga_air_quality_monitor_teplota,23.82,2026-10-03T01:00:03.489Z
sensor.alpstuga_air_quality_monitor_teplota,23.83,2026-10-03T01:00:33.215Z
sensor.alpstuga_air_quality_monitor_teplota,23.84,2026-10-03T01:02:02.387Z
sensor.alpstuga_air_quality_monitor_teplota,23.85,2026-10-03T01:04:31.024Z
sensor.alpstuga_air_quality_monitor_teplota,23.86,2026-10-03T01:06:29.848Z
sensor.alpstuga_air_quality_monitor_teplota,23.85,2026-10-03T01:07:29.277Z
sensor.alpstuga_air_quality_monitor_teplota,23.84,2026-10-03T01:10:57.382Z
sensor.alpstuga_air_quality_monitor_teplota,23.83,2026-10-03T01:15:24.838Z
sensor.alpstuga_air_quality_monitor_teplota,23.84,2026-10-03T01:19:22.558Z
sensor.alpstuga_air_quality_monitor_teplota,23.85,2026-10-03T01:20:21.925Z
sensor.alpstuga_air_quality_monitor_teplota,23.86,2026-10-03T01:21:21.282Z
sensor.alpstuga_air_quality_monitor_teplota,23.85,2026-10-03T01:27:18.011Z
sensor.alpstuga_air_quality_monitor_teplota,23.86,2026-10-03T01:27:47.728Z
sensor.alpstuga_air_quality_monitor_teplota,23.85,2026-10-03T01:28:17.459Z
sensor.alpstuga_air_quality_monitor_teplota,23.86,2026-10-03T01:31:15.718Z
sensor.alpstuga_air_quality_monitor_teplota,23.85,2026-10-03T01:31:45.405Z
sensor.alpstuga_air_quality_monitor_teplota,23.86,2026-10-03T01:32:15.103Z
sensor.alpstuga_air_quality_monitor_teplota,23.87,2026-10-03T01:37:12.086Z
sensor.alpstuga_air_quality_monitor_teplota,23.88,2026-10-03T01:38:41.254Z
sensor.alpstuga_air_quality_monitor_teplota,23.89,2026-10-03T01:40:40.144Z
sensor.alpstuga_air_quality_monitor_teplota,23.9,2026-10-03T01:41:39.784Z
sensor.alpstuga_air_quality_monitor_teplota,23.91,2026-10-03T01:48:35.916Z
sensor.alpstuga_air_quality_monitor_teplota,23.92,2026-10-03T01:52:03.901Z
sensor.alpstuga_air_quality_monitor_teplota,23.93,2026-10-03T01:56:01.608Z
sensor.alpstuga_air_quality_monitor_teplota,23.94,2026-10-03T01:58:00.447Z
sensor.alpstuga_air_quality_monitor_teplota,23.93,2026-10-03T01:58:59.860Z
sensor.alpstuga_air_quality_monitor_teplota,23.94,2026-10-03T01:59:29.607Z
sensor.alpstuga_air_quality_monitor_teplota,23.95,2026-10-03T02:04:26.852Z
sensor.alpstuga_air_quality_monitor_teplota,23.94,2026-10-03T02:05:26.338Z
sensor.alpstuga_air_quality_monitor_teplota,23.95,2026-10-03T02:06:55.478Z
sensor.alpstuga_air_quality_monitor_teplota,23.96,2026-10-03T02:15:20.737Z
sensor.alpstuga_air_quality_monitor_teplota,23.97,2026-10-03T02:18:19.107Z
sensor.alpstuga_air_quality_monitor_teplota,23.98,2026-10-03T02:19:18.567Z
sensor.alpstuga_air_quality_monitor_teplota,23.99,2026-10-03T02:22:16.847Z
sensor.alpstuga_air_quality_monitor_teplota,23.98,2026-10-03T02:30:12.246Z
sensor.alpstuga_air_quality_monitor_teplota,23.99,2026-10-03T02:35:39.281Z
sensor.alpstuga_air_quality_monitor_teplota,24.0,2026-10-03T02:39:07.320Z
sensor.alpstuga_air_quality_monitor_teplota,24.01,2026-10-03T02:43:34.789Z
sensor.alpstuga_air_quality_monitor_teplota,24.0,2026-10-03T02:45:03.966Z
sensor.alpstuga_air_quality_monitor_teplota,24.01,2026-10-03T02:45:33.701Z
sensor.alpstuga_air_quality_monitor_teplota,24.0,2026-10-03T02:46:33.173Z
sensor.alpstuga_air_quality_monitor_teplota,24.01,2026-10-03T02:47:32.636Z
sensor.alpstuga_air_quality_monitor_teplota,24.0,2026-10-03T02:48:32.050Z
sensor.alpstuga_air_quality_monitor_teplota,23.99,2026-10-03T02:51:00.654Z
sensor.alpstuga_air_quality_monitor_teplota,23.98,2026-10-03T02:53:59.039Z
sensor.alpstuga_air_quality_monitor_teplota,23.97,2026-10-03T02:54:58.455Z
sensor.alpstuga_air_quality_monitor_teplota,23.98,2026-10-03T02:55:57.882Z
sensor.alpstuga_air_quality_monitor_teplota,23.97,2026-10-03T02:56:27.578Z
sensor.alpstuga_air_quality_monitor_teplota,23.98,2026-10-03T02:56:57.295Z
sensor.alpstuga_air_quality_monitor_teplota,23.97,2026-10-03T03:05:52.406Z
sensor.alpstuga_air_quality_monitor_teplota,23.96,2026-10-03T03:07:51.274Z
sensor.alpstuga_air_quality_monitor_teplota,23.95,2026-10-03T03:09:50.107Z
sensor.alpstuga_air_quality_monitor_teplota,23.94,2026-10-03T03:12:48.505Z
sensor.alpstuga_air_quality_monitor_teplota,23.95,2026-10-03T03:16:16.623Z
sensor.alpstuga_air_quality_monitor_teplota,23.94,2026-10-03T03:16:46.354Z
sensor.alpstuga_air_quality_monitor_teplota,23.95,2026-10-03T03:17:45.806Z
sensor.alpstuga_air_quality_monitor_teplota,23.96,2026-10-03T03:22:43.073Z
sensor.alpstuga_air_quality_monitor_teplota,23.97,2026-10-03T03:23:42.502Z
sensor.alpstuga_air_quality_monitor_teplota,23.98,2026-10-03T03:26:11.068Z
sensor.alpstuga_air_quality_monitor_teplota,23.97,2026-10-03T03:26:40.750Z
sensor.alpstuga_air_quality_monitor_teplota,23.98,2026-10-03T03:27:10.443Z
sensor.alpstuga_air_quality_monitor_teplota,23.97,2026-10-03T03:35:05.901Z
sensor.alpstuga_air_quality_monitor_teplota,23.98,2026-10-03T03:36:05.334Z
sensor.alpstuga_air_quality_monitor_teplota,23.99,2026-10-03T03:38:33.921Z
sensor.alpstuga_air_quality_monitor_teplota,24.0,2026-10-03T03:40:03.035Z
sensor.alpstuga_air_quality_monitor_teplota,23.99,2026-10-03T03:44:00.873Z
sensor.alpstuga_air_quality_monitor_teplota,24.0,2026-10-03T03:45:00.295Z
sensor.alpstuga_air_quality_monitor_teplota,23.99,2026-10-03T03:46:59.118Z
sensor.alpstuga_air_quality_monitor_teplota,24.0,2026-10-03T03:52:55.756Z
sensor.alpstuga_air_quality_monitor_teplota,23.99,2026-10-03T03:53:25.491Z
sensor.alpstuga_air_quality_monitor_teplota,24.0,2026-10-03T03:54:54.739Z
sensor.alpstuga_air_quality_monitor_teplota,23.99,2026-10-03T03:55:24.470Z
sensor.alpstuga_air_quality_monitor_teplota,24.0,2026-10-03T03:59:22.181Z
sensor.alpstuga_air_quality_monitor_teplota,24.01,2026-10-03T04:03:19.723Z
sensor.alpstuga_air_quality_monitor_teplota,24.0,2026-10-03T04:04:19.141Z
sensor.alpstuga_air_quality_monitor_teplota,23.99,2026-10-03T04:06:18.001Z
sensor.alpstuga_air_quality_monitor_teplota,23.98,2026-10-03T04:10:45.490Z
sensor.alpstuga_air_quality_monitor_teplota,23.97,2026-10-03T04:13:14.074Z
sensor.alpstuga_air_quality_monitor_teplota,23.98,2026-10-03T04:16:42.043Z
sensor.alpstuga_air_quality_monitor_teplota,23.99,2026-10-03T04:18:11.221Z
sensor.alpstuga_air_quality_monitor_teplota,24.0,2026-10-03T04:19:40.397Z
sensor.alpstuga_air_quality_monitor_teplota,24.01,2026-10-03T04:20:39.850Z
sensor.alpstuga_air_quality_monitor_teplota,24.02,2026-10-03T04:21:09.552Z
sensor.alpstuga_air_quality_monitor_teplota,24.03,2026-10-03T04:23:38.151Z
sensor.alpstuga_air_quality_monitor_teplota,24.04,2026-10-03T04:25:37.031Z
sensor.alpstuga_air_quality_monitor_teplota,24.03,2026-10-03T04:26:36.520Z
sensor.alpstuga_air_quality_monitor_teplota,24.02,2026-10-03T04:28:35.471Z
sensor.alpstuga_air_quality_monitor_teplota,24.01,2026-10-03T04:31:33.735Z
sensor.alpstuga_air_quality_monitor_teplota,24.02,2026-10-03T04:35:01.708Z
sensor.alpstuga_air_quality_monitor_teplota,24.01,2026-10-03T04:35:31.446Z
sensor.alpstuga_air_quality_monitor_teplota,24.02,2026-10-03T04:36:30.920Z
sensor.alpstuga_air_quality_monitor_teplota,24.03,2026-10-03T04:41:28.076Z
sensor.alpstuga_air_quality_monitor_teplota,24.04,2026-10-03T04:42:57.210Z
sensor.alpstuga_air_quality_monitor_teplota,24.03,2026-10-03T04:43:26.913Z
sensor.alpstuga_air_quality_monitor_teplota,24.04,2026-10-03T04:44:26.311Z
sensor.alpstuga_air_quality_monitor_teplota,24.03,2026-10-03T04:50:22.899Z
sensor.alpstuga_air_quality_monitor_teplota,24.02,2026-10-03T04:52:51.541Z
sensor.alpstuga_air_quality_monitor_teplota,24.01,2026-10-03T04:57:19.142Z
sensor.alpstuga_air_quality_monitor_teplota,24.02,2026-10-03T04:58:18.591Z
sensor.alpstuga_air_quality_monitor_teplota,24.03,2026-10-03T05:01:16.887Z
sensor.alpstuga_air_quality_monitor_teplota,24.04,2026-10-03T05:04:15.294Z
sensor.alpstuga_air_quality_monitor_teplota,24.03,2026-10-03T05:05:44.438Z
sensor.alpstuga_air_quality_monitor_teplota,24.02,2026-10-03T05:09:42.111Z
sensor.alpstuga_air_quality_monitor_teplota,24.01,2026-10-03T05:12:10.819Z
sensor.alpstuga_air_quality_monitor_teplota,24.0,2026-10-03T05:14:39.412Z
sensor.alpstuga_air_quality_monitor_teplota,23.99,2026-10-03T05:21:35.616Z
sensor.alpstuga_air_quality_monitor_teplota,23.98,2026-10-03T05:31:59.622Z
sensor.alpstuga_air_quality_monitor_teplota,23.99,2026-10-03T05:34:28.236Z
sensor.alpstuga_air_quality_monitor_teplota,23.98,2026-10-03T05:34:57.970Z
sensor.alpstuga_air_quality_monitor_teplota,23.97,2026-10-03T05:36:56.864Z
sensor.alpstuga_air_quality_monitor_teplota,23.98,2026-10-03T05:41:24.395Z
sensor.alpstuga_air_quality_monitor_teplota,23.97,2026-10-03T05:43:52.988Z
sensor.alpstuga_air_quality_monitor_teplota,23.96,2026-10-03T05:47:50.815Z
sensor.alpstuga_air_quality_monitor_teplota,23.95,2026-10-03T05:49:20.007Z
sensor.alpstuga_air_quality_monitor_teplota,23.94,2026-10-03T05:50:49.192Z
sensor.alpstuga_air_quality_monitor_teplota,23.93,2026-10-03T05:53:48.292Z
sensor.alpstuga_air_quality_monitor_teplota,23.94,2026-10-03T05:55:47.140Z
sensor.alpstuga_air_quality_monitor_teplota,23.93,2026-10-03T05:57:16.315Z
sensor.alpstuga_air_quality_monitor_teplota,23.94,2026-10-03T05:57:46.045Z
sensor.alpstuga_air_quality_monitor_teplota,23.95,2026-10-03T05:59:15.184Z
sensor.alpstuga_air_quality_monitor_teplota,23.96,2026-10-03T06:04:12.405Z
sensor.alpstuga_air_quality_monitor_teplota,23.97,2026-10-03T06:05:41.485Z
sensor.alpstuga_air_quality_monitor_teplota,23.98,2026-10-03T06:08:10.179Z
sensor.alpstuga_air_quality_monitor_teplota,23.97,2026-10-03T06:11:38.073Z
sensor.alpstuga_air_quality_monitor_teplota,23.98,2026-10-03T06:12:07.807Z
sensor.alpstuga_air_quality_monitor_teplota,23.97,2026-10-03T06:13:07.297Z
sensor.alpstuga_air_quality_monitor_teplota,23.98,2026-10-03T06:17:05.066Z
sensor.alpstuga_air_quality_monitor_teplota,23.99,2026-10-03T06:18:04.500Z
sensor.alpstuga_air_quality_monitor_teplota,23.98,2026-10-03T06:22:31.911Z
sensor.alpstuga_air_quality_monitor_teplota,23.99,2026-10-03T06:23:01.659Z
sensor.alpstuga_air_quality_monitor_teplota,23.98,2026-10-03T06:24:30.813Z
sensor.alpstuga_air_quality_monitor_teplota,23.97,2026-10-03T06:28:28.441Z
sensor.alpstuga_air_quality_monitor_teplota,23.96,2026-10-03T06:29:57.622Z
sensor.alpstuga_air_quality_monitor_teplota,23.95,2026-10-03T06:31:56.599Z
sensor.alpstuga_air_quality_monitor_teplota,23.94,2026-10-03T06:34:55.035Z
sensor.alpstuga_air_quality_monitor_teplota,23.95,2026-10-03T06:35:24.783Z
sensor.alpstuga_air_quality_monitor_teplota,23.96,2026-10-03T06:36:24.270Z
sensor.alpstuga_air_quality_monitor_teplota,23.97,2026-10-03T06:38:23.167Z
sensor.alpstuga_air_quality_monitor_teplota,23.98,2026-10-03T06:41:21.377Z
sensor.alpstuga_air_quality_monitor_teplota,23.97,2026-10-03T06:42:50.584Z
sensor.alpstuga_air_quality_monitor_teplota,23.98,2026-10-03T06:43:20.295Z
sensor.alpstuga_air_quality_monitor_teplota,23.97,2026-10-03T06:43:49.983Z
sensor.alpstuga_air_quality_monitor_teplota,23.96,2026-10-03T06:46:18.603Z
sensor.alpstuga_air_quality_monitor_teplota,23.95,2026-10-03T06:49:16.971Z
sensor.alpstuga_air_quality_monitor_teplota,23.94,2026-10-03T06:53:44.391Z
sensor.alpstuga_air_quality_monitor_teplota,23.95,2026-10-03T06:56:42.583Z
sensor.alpstuga_air_quality_monitor_teplota,23.96,2026-10-03T06:58:41.527Z
sensor.alpstuga_air_quality_monitor_teplota,23.97,2026-10-03T06:59:40.934Z
sensor.alpstuga_air_quality_monitor_teplota,23.98,2026-10-03T07:00:10.645Z
sensor.alpstuga_air_quality_monitor_teplota,23.99,2026-10-03T07:02:39.128Z
sensor.alpstuga_air_quality_monitor_teplota,23.98,2026-10-03T07:03:08.827Z
sensor.alpstuga_air_quality_monitor_teplota,23.99,2026-10-03T07:04:37.913Z
sensor.alpstuga_air_quality_monitor_teplota,24.0,2026-10-03T07:06:07.013Z
sensor.alpstuga_air_quality_monitor_teplota,24.01,2026-10-03T07:14:32.491Z
sensor.alpstuga_air_quality_monitor_teplota,24.02,2026-10-03T07:15:31.955Z
sensor.alpstuga_air_quality_monitor_teplota,24.03,2026-10-03T07:17:01.094Z
sensor.alpstuga_air_quality_monitor_teplota,24.04,2026-10-03T07:18:30.300Z
sensor.alpstuga_air_quality_monitor_teplota,24.05,2026-10-03T07:19:29.784Z
sensor.alpstuga_air_quality_monitor_teplota,24.04,2026-10-03T07:23:57.397Z
sensor.alpstuga_air_quality_monitor_teplota,24.05,2026-10-03T07:24:27.127Z
sensor.alpstuga_air_quality_monitor_teplota,24.04,2026-10-03T07:25:26.566Z
sensor.alpstuga_air_quality_monitor_teplota,24.05,2026-10-03T07:27:55.053Z
sensor.alpstuga_air_quality_monitor_teplota,24.04,2026-10-03T07:28:24.761Z
sensor.alpstuga_air_quality_monitor_teplota,24.05,2026-10-03T07:29:24.213Z
sensor.alpstuga_air_quality_monitor_teplota,24.04,2026-10-03T07:29:53.950Z
sensor.alpstuga_air_quality_monitor_teplota,24.05,2026-10-03T07:30:23.677Z
sensor.alpstuga_air_quality_monitor_teplota,24.06,2026-10-03T07:33:21.983Z
sensor.alpstuga_air_quality_monitor_teplota,24.07,2026-10-03T07:36:50.599Z
sensor.alpstuga_air_quality_monitor_teplota,24.06,2026-10-03T07:45:16.953Z
sensor.alpstuga_air_quality_monitor_teplota,24.05,2026-10-03T07:45:46.759Z
sensor.alpstuga_air_quality_monitor_teplota,24.04,2026-10-03T07:46:16.506Z
sensor.alpstuga_air_quality_monitor_teplota,24.03,2026-10-03T07:47:15.966Z
sensor.alpstuga_air_quality_monitor_teplota,24.04,2026-10-03T07:49:14.689Z
sensor.alpstuga_air_quality_monitor_teplota,24.05,2026-10-03T07:49:44.400Z
sensor.alpstuga_air_quality_monitor_teplota,24.06,2026-10-03T07:50:43.875Z
sensor.alpstuga_air_quality_monitor_teplota,24.07,2026-10-03T07:51:13.587Z
sensor.alpstuga_air_quality_monitor_teplota,24.08,2026-10-03T07:51:43.313Z
sensor.alpstuga_air_quality_monitor_teplota,24.09,2026-10-03T07:52:13.037Z
sensor.alpstuga_air_quality_monitor_teplota,24.11,2026-10-03T07:52:42.740Z
sensor.alpstuga_air_quality_monitor_teplota,24.13,2026-10-03T07:53:12.433Z
sensor.alpstuga_air_quality_monitor_teplota,24.14,2026-10-03T07:53:42.184Z
sensor.alpstuga_air_quality_monitor_teplota,24.15,2026-10-03T07:54:41.661Z
sensor.alpstuga_air_quality_monitor_teplota,24.14,2026-10-03T07:56:10.879Z
sensor.alpstuga_air_quality_monitor_teplota,24.13,2026-10-03T07:56:40.566Z
sensor.alpstuga_air_quality_monitor_teplota,24.12,2026-10-03T07:57:10.262Z
sensor.alpstuga_air_quality_monitor_teplota,24.11,2026-10-03T07:57:39.956Z
sensor.alpstuga_air_quality_monitor_teplota,24.1,2026-10-03T07:58:09.647Z
sensor.alpstuga_air_quality_monitor_teplota,24.09,2026-10-03T07:58:39.336Z
sensor.alpstuga_air_quality_monitor_teplota,24.08,2026-10-03T07:59:09.051Z
sensor.alpstuga_air_quality_monitor_teplota,24.06,2026-10-03T07:59:38.802Z
sensor.alpstuga_air_quality_monitor_teplota,24.05,2026-10-03T08:00:08.534Z
sensor.alpstuga_air_quality_monitor_teplota,24.04,2026-10-03T08:00:38.257Z
sensor.alpstuga_air_quality_monitor_teplota,24.03,2026-10-03T08:01:37.710Z
sensor.alpstuga_air_quality_monitor_teplota,24.02,2026-10-03T08:02:37.155Z
sensor.alpstuga_air_quality_monitor_teplota,24.01,2026-10-03T08:03:06.880Z
sensor.alpstuga_air_quality_monitor_teplota,24.0,2026-10-03T08:03:36.587Z
sensor.alpstuga_air_quality_monitor_teplota,23.99,2026-10-03T08:04:06.294Z
sensor.alpstuga_air_quality_monitor_teplota,23.98,2026-10-03T08:06:05.162Z
sensor.alpstuga_air_quality_monitor_teplota,23.97,2026-10-03T08:07:04.628Z
sensor.alpstuga_air_quality_monitor_teplota,23.98,2026-10-03T08:07:34.361Z
sensor.alpstuga_air_quality_monitor_teplota,23.97,2026-10-03T08:11:02.306Z
sensor.alpstuga_air_quality_monitor_teplota,23.93,2026-10-03T08:11:31.965Z
sensor.alpstuga_air_quality_monitor_teplota,23.87,2026-10-03T08:12:01.673Z
sensor.alpstuga_air_quality_monitor_teplota,23.82,2026-10-03T08:12:31.377Z
sensor.alpstuga_air_quality_monitor_teplota,23.75,2026-10-03T08:13:01.073Z
sensor.alpstuga_air_quality_monitor_teplota,23.68,2026-10-03T08:13:30.814Z
sensor.alpstuga_air_quality_monitor_teplota,23.63,2026-10-03T08:14:00.549Z
sensor.alpstuga_air_quality_monitor_teplota,23.6,2026-10-03T08:14:30.289Z
sensor.alpstuga_air_quality_monitor_teplota,23.59,2026-10-03T08:15:00.033Z
sensor.alpstuga_air_quality_monitor_teplota,23.58,2026-10-03T08:15:29.750Z
sensor.alpstuga_air_quality_monitor_teplota,23.57,2026-10-03T08:15:59.467Z
sensor.alpstuga_air_quality_monitor_teplota,23.55,2026-10-03T08:16:58.914Z
sensor.alpstuga_air_quality_monitor_teplota,23.53,2026-10-03T08:17:28.628Z
sensor.alpstuga_air_quality_monitor_teplota,23.51,2026-10-03T08:17:58.343Z
sensor.alpstuga_air_quality_monitor_teplota,23.49,2026-10-03T08:18:28.067Z
sensor.alpstuga_air_quality_monitor_teplota,23.48,2026-10-03T08:18:57.784Z
sensor.alpstuga_air_quality_monitor_teplota,23.49,2026-10-03T08:21:56.069Z
sensor.alpstuga_air_quality_monitor_teplota,23.5,2026-10-03T08:22:55.458Z
sensor.alpstuga_air_quality_monitor_teplota,23.51,2026-10-03T08:23:25.159Z
sensor.alpstuga_air_quality_monitor_teplota,23.5,2026-10-03T08:25:23.948Z
sensor.alpstuga_air_quality_monitor_teplota,23.51,2026-10-03T08:25:53.615Z
sensor.alpstuga_air_quality_monitor_teplota,23.52,2026-10-03T08:26:53.072Z
sensor.alpstuga_air_quality_monitor_teplota,23.53,2026-10-03T08:27:22.807Z
sensor.alpstuga_air_quality_monitor_teplota,23.54,2026-10-03T08:27:52.529Z
sensor.alpstuga_air_quality_monitor_teplota,23.56,2026-10-03T08:28:22.255Z
sensor.alpstuga_air_quality_monitor_teplota,23.57,2026-10-03T08:28:51.982Z
sensor.alpstuga_air_quality_monitor_teplota,23.58,2026-10-03T08:29:21.697Z
sensor.alpstuga_air_quality_monitor_teplota,23.59,2026-10-03T08:29:51.407Z
sensor.alpstuga_air_quality_monitor_teplota,23.6,2026-10-03T08:30:21.119Z
sensor.alpstuga_air_quality_monitor_teplota,23.61,2026-10-03T08:30:50.828Z
sensor.alpstuga_air_quality_monitor_teplota,23.62,2026-10-03T08:31:20.532Z
sensor.alpstuga_air_quality_monitor_teplota,23.63,2026-10-03T08:31:50.240Z
sensor.alpstuga_air_quality_monitor_teplota,23.64,2026-10-03T08:32:19.938Z
sensor.alpstuga_air_quality_monitor_teplota,23.65,2026-10-03T08:32:49.638Z
sensor.alpstuga_air_quality_monitor_teplota,23.66,2026-10-03T08:33:19.378Z
sensor.alpstuga_air_quality_monitor_teplota,23.67,2026-10-03T08:36:47.543Z
sensor.alpstuga_air_quality_monitor_teplota,23.66,2026-10-03T08:37:46.992Z
sensor.alpstuga_air_quality_monitor_teplota,23.67,2026-10-03T08:38:16.708Z
sensor.alpstuga_air_quality_monitor_teplota,23.68,2026-10-03T08:40:15.566Z
sensor.alpstuga_air_quality_monitor_teplota,23.69,2026-10-03T08:41:15.009Z
sensor.alpstuga_air_quality_monitor_teplota,23.7,2026-10-03T08:43:13.858Z
sensor.alpstuga_air_quality_monitor_teplota,23.71,2026-10-03T08:43:43.560Z
sensor.alpstuga_air_quality_monitor_teplota,23.73,2026-10-03T08:44:13.258Z
sensor.alpstuga_air_quality_monitor_teplota,23.74,2026-10-03T08:44:42.946Z
sensor.alpstuga_air_quality_monitor_teplota,23.75,2026-10-03T08:45:42.362Z
sensor.alpstuga_air_quality_monitor_teplota,23.74,2026-10-03T08:46:12.097Z
sensor.alpstuga_air_quality_monitor_teplota,23.75,2026-10-03T08:46:41.815Z
sensor.alpstuga_air_quality_monitor_teplota,23.76,2026-10-03T08:47:41.232Z
sensor.alpstuga_air_quality_monitor_teplota,23.75,2026-10-03T08:48:10.930Z
sensor.alpstuga_air_quality_monitor_teplota,23.76,2026-10-03T08:48:40.653Z
sensor.alpstuga_air_quality_monitor_teplota,23.77,2026-10-03T08:49:40.131Z
sensor.alpstuga_air_quality_monitor_teplota,23.78,2026-10-03T08:51:09.327Z
sensor.alpstuga_air_quality_monitor_teplota,23.79,2026-10-03T08:51:39.039Z
sensor.alpstuga_air_quality_monitor_teplota,23.8,2026-10-03T08:52:08.751Z
sensor.alpstuga_air_quality_monitor_teplota,23.81,2026-10-03T08:52:38.462Z
sensor.alpstuga_air_quality_monitor_teplota,23.82,2026-10-03T08:53:37.862Z
sensor.alpstuga_air_quality_monitor_teplota,23.83,2026-10-03T08:54:37.292Z
sensor.alpstuga_air_quality_monitor_teplota,23.84,2026-10-03T08:55:36.775Z
sensor.alpstuga_air_quality_monitor_teplota,23.85,2026-10-03T08:56:06.512Z
sensor.alpstuga_air_quality_monitor_teplota,23.87,2026-10-03T08:56:36.236Z
sensor.alpstuga_air_quality_monitor_teplota,23.88,2026-10-03T08:57:05.961Z
sensor.alpstuga_air_quality_monitor_teplota,23.89,2026-10-03T08:58:05.402Z
sensor.alpstuga_air_quality_monitor_teplota,23.9,2026-10-03T08:59:34.558Z
sensor.alpstuga_air_quality_monitor_teplota,23.91,2026-10-03T09:00:04.267Z
sensor.alpstuga_air_quality_monitor_teplota,23.92,2026-10-03T09:00:33.996Z
sensor.alpstuga_air_quality_monitor_teplota,23.91,2026-10-03T09:02:03.179Z
sensor.alpstuga_air_quality_monitor_teplota,23.9,2026-10-03T09:03:02.610Z
sensor.alpstuga_air_quality_monitor_teplota,23.89,2026-10-03T09:03:32.310Z
sensor.alpstuga_air_quality_monitor_teplota,23.88,2026-10-03T09:04:31.728Z
sensor.alpstuga_air_quality_monitor_teplota,23.87,2026-10-03T09:05:01.436Z
sensor.alpstuga_air_quality_monitor_teplota,23.86,2026-10-03T09:05:31.134Z
sensor.alpstuga_air_quality_monitor_teplota,23.85,2026-10-03T09:06:00.840Z
sensor.alpstuga_air_quality_monitor_teplota,23.84,2026-10-03T09:06:30.552Z
sensor.alpstuga_air_quality_monitor_teplota,23.82,2026-10-03T09:07:00.233Z
sensor.alpstuga_air_quality_monitor_teplota,23.79,2026-10-03T09:07:29.990Z
sensor.alpstuga_air_quality_monitor_teplota,23.76,2026-10-03T09:07:59.730Z
sensor.alpstuga_air_quality_monitor_teplota,23.75,2026-10-03T09:08:29.457Z
sensor.alpstuga_air_quality_monitor_teplota,23.74,2026-10-03T09:09:28.925Z
sensor.alpstuga_air_quality_monitor_teplota,23.73,2026-10-03T09:10:28.359Z
sensor.alpstuga_air_quality_monitor_teplota,23.72,2026-10-03T09:11:27.792Z
sensor.alpstuga_air_quality_monitor_teplota,23.73,2026-10-03T09:19:52.985Z
sensor.alpstuga_air_quality_monitor_teplota,23.72,2026-10-03T09:20:52.369Z
sensor.alpstuga_air_quality_monitor_teplota,23.73,2026-10-03T09:21:51.868Z
sensor.alpstuga_air_quality_monitor_teplota,23.74,2026-10-03T09:24:20.396Z
sensor.alpstuga_air_quality_monitor_teplota,23.75,2026-10-03T09:25:19.872Z
sensor.alpstuga_air_quality_monitor_teplota,23.76,2026-10-03T09:25:49.594Z
sensor.alpstuga_air_quality_monitor_teplota,23.77,2026-10-03T09:27:18.690Z
sensor.alpstuga_air_quality_monitor_teplota,23.78,2026-10-03T09:28:18.120Z
sensor.alpstuga_air_quality_monitor_teplota,23.79,2026-10-03T09:29:47.346Z
sensor.alpstuga_air_quality_monitor_teplota,23.8,2026-10-03T09:30:46.819Z
sensor.alpstuga_air_quality_monitor_teplota,23.81,2026-10-03T09:32:45.703Z
sensor.alpstuga_air_quality_monitor_teplota,23.82,2026-10-03T09:33:45.098Z
sensor.alpstuga_air_quality_monitor_teplota,23.83,2026-10-03T09:35:43.961Z
sensor.alpstuga_air_quality_monitor_teplota,23.84,2026-10-03T09:36:43.410Z
sensor.alpstuga_air_quality_monitor_teplota,23.85,2026-10-03T09:39:11.947Z
sensor.alpstuga_air_quality_monitor_teplota,23.86,2026-10-03T09:42:10.206Z
sensor.alpstuga_air_quality_monitor_teplota,23.87,2026-10-03T09:43:39.369Z
sensor.alpstuga_air_quality_monitor_teplota,23.88,2026-10-03T09:44:38.793Z
sensor.alpstuga_air_quality_monitor_teplota,23.89,2026-10-03T09:48:06.885Z
sensor.alpstuga_air_quality_monitor_teplota,23.9,2026-10-03T09:50:35.508Z
sensor.alpstuga_air_quality_monitor_teplota,23.91,2026-10-03T09:52:34.453Z
sensor.alpstuga_air_quality_monitor_teplota,23.92,2026-10-03T09:55:32.734Z
sensor.alpstuga_air_quality_monitor_teplota,23.91,2026-10-03T09:59:30.428Z
sensor.alpstuga_air_quality_monitor_teplota,23.92,2026-10-03T10:00:00.134Z
sensor.alpstuga_air_quality_monitor_teplota,23.91,2026-10-03T10:01:29.269Z
sensor.alpstuga_air_quality_monitor_teplota,23.92,2026-10-03T10:06:26.392Z
sensor.alpstuga_air_quality_monitor_teplota,23.91,2026-10-03T10:06:56.107Z
sensor.alpstuga_air_quality_monitor_teplota,23.9,2026-10-03T10:08:25.254Z
sensor.alpstuga_air_quality_monitor_teplota,23.91,2026-10-03T10:09:24.660Z
sensor.alpstuga_air_quality_monitor_teplota,23.9,2026-10-03T10:10:24.069Z
sensor.alpstuga_air_quality_monitor_teplota,23.91,2026-10-03T10:12:22.930Z
sensor.alpstuga_air_quality_monitor_teplota,23.9,2026-10-03T10:14:51.574Z
sensor.alpstuga_air_quality_monitor_teplota,23.91,2026-10-03T10:16:50.373Z
sensor.alpstuga_air_quality_monitor_teplota,23.9,2026-10-03T10:17:20.071Z
sensor.alpstuga_air_quality_monitor_teplota,23.91,2026-10-03T10:17:49.777Z
sensor.alpstuga_air_quality_monitor_teplota,23.92,2026-10-03T10:20:48.176Z
sensor.alpstuga_air_quality_monitor_teplota,23.91,2026-10-03T10:25:15.664Z
sensor.alpstuga_air_quality_monitor_teplota,23.9,2026-10-03T10:29:43.300Z
sensor.alpstuga_air_quality_monitor_teplota,23.89,2026-10-03T10:36:09.760Z
sensor.alpstuga_air_quality_monitor_teplota,23.9,2026-10-03T10:43:35.397Z
sensor.alpstuga_air_quality_monitor_teplota,23.89,2026-10-03T10:44:05.125Z
sensor.alpstuga_air_quality_monitor_teplota,23.9,2026-10-03T10:44:34.862Z
sensor.alpstuga_air_quality_monitor_teplota,23.91,2026-10-03T10:46:04.027Z
sensor.alpstuga_air_quality_monitor_teplota,23.92,2026-10-03T10:51:30.773Z
sensor.alpstuga_air_quality_monitor_teplota,23.93,2026-10-03T10:52:30.248Z
sensor.alpstuga_air_quality_monitor_teplota,23.94,2026-10-03T10:54:58.874Z
sensor.alpstuga_air_quality_monitor_teplota,23.95,2026-10-03T10:56:57.713Z
sensor.alpstuga_air_quality_monitor_teplota,23.96,2026-10-03T10:58:56.510Z
sensor.alpstuga_air_quality_monitor_teplota,23.97,2026-10-03T10:59:26.249Z
sensor.alpstuga_air_quality_monitor_teplota,23.98,2026-10-03T11:01:25.158Z
sensor.alpstuga_air_quality_monitor_teplota,23.99,2026-10-03T11:03:24.006Z
sensor.alpstuga_air_quality_monitor_teplota,23.98,2026-10-03T11:04:23.474Z
sensor.alpstuga_air_quality_monitor_teplota,23.99,2026-10-03T11:06:52.135Z
sensor.alpstuga_air_quality_monitor_teplota,24.0,2026-10-03T11:08:50.984Z
sensor.alpstuga_air_quality_monitor_teplota,24.01,2026-10-03T11:11:49.233Z
sensor.alpstuga_air_quality_monitor_teplota,24.02,2026-10-03T11:17:45.865Z
sensor.alpstuga_air_quality_monitor_teplota,24.03,2026-10-03T11:19:44.823Z
sensor.alpstuga_air_quality_monitor_teplota,24.04,2026-10-03T11:21:43.712Z
sensor.alpstuga_air_quality_monitor_teplota,24.05,2026-10-03T11:25:41.364Z
sensor.alpstuga_air_quality_monitor_teplota,24.04,2026-10-03T11:28:09.949Z
sensor.alpstuga_air_quality_monitor_teplota,24.03,2026-10-03T11:34:36.191Z
sensor.alpstuga_air_quality_monitor_teplota,24.02,2026-10-03T11:35:05.907Z
sensor.alpstuga_air_quality_monitor_teplota,24.03,2026-10-03T11:35:35.625Z
sensor.alpstuga_air_quality_monitor_teplota,24.02,2026-10-03T11:36:05.331Z
sensor.alpstuga_air_quality_monitor_teplota,24.03,2026-10-03T11:36:35.026Z
sensor.alpstuga_air_quality_monitor_teplota,24.04,2026-10-03T11:39:03.735Z
sensor.alpstuga_air_quality_monitor_teplota,24.05,2026-10-03T11:42:31.870Z
sensor.alpstuga_air_quality_monitor_teplota,24.04,2026-10-03T11:50:27.561Z
sensor.alpstuga_air_quality_monitor_teplota,24.05,2026-10-03T11:50:57.276Z
sensor.alpstuga_air_quality_monitor_teplota,24.04,2026-10-03T11:51:26.990Z
sensor.alpstuga_air_quality_monitor_teplota,24.05,2026-10-03T11:51:56.700Z
sensor.alpstuga_air_quality_monitor_teplota,24.04,2026-10-03T11:52:26.410Z
sensor.alpstuga_air_quality_monitor_teplota,24.05,2026-10-03T11:55:54.320Z
sensor.alpstuga_air_quality_monitor_teplota,24.04,2026-10-03T12:00:51.456Z
sensor.alpstuga_air_quality_monitor_teplota,24.03,2026-10-03T12:02:20.586Z
sensor.alpstuga_air_quality_monitor_teplota,24.04,2026-10-03T12:04:19.486Z
sensor.alpstuga_air_quality_monitor_teplota,24.05,2026-10-03T12:11:15.584Z
sensor.alpstuga_air_quality_monitor_teplota,24.06,2026-10-03T12:14:43.649Z
sensor.alpstuga_air_quality_monitor_teplota,24.05,2026-10-03T12:20:10.443Z
sensor.alpstuga_air_quality_monitor_teplota,24.04,2026-10-03T12:22:09.338Z
sensor.alpstuga_air_quality_monitor_teplota,24.05,2026-10-03T12:24:37.852Z
sensor.alpstuga_air_quality_monitor_teplota,24.06,2026-10-03T12:26:07.094Z
sensor.alpstuga_air_quality_monitor_teplota,24.07,2026-10-03T12:29:05.513Z
sensor.alpstuga_air_quality_monitor_teplota,24.08,2026-10-03T12:31:04.343Z
sensor.alpstuga_air_quality_monitor_teplota,24.09,2026-10-03T12:34:32.289Z
sensor.alpstuga_air_quality_monitor_teplota,24.08,2026-10-03T12:37:00.879Z
sensor.alpstuga_air_quality_monitor_teplota,24.09,2026-10-03T12:40:28.762Z
sensor.alpstuga_air_quality_monitor_teplota,24.08,2026-10-03T12:40:58.507Z
sensor.alpstuga_air_quality_monitor_teplota,24.09,2026-10-03T12:43:56.902Z
sensor.alpstuga_air_quality_monitor_teplota,24.1,2026-10-03T12:47:54.590Z
sensor.alpstuga_air_quality_monitor_teplota,24.11,2026-10-03T12:50:54.738Z
sensor.alpstuga_air_quality_monitor_teplota,24.1,2026-10-03T12:51:24.747Z
sensor.alpstuga_air_quality_monitor_teplota,24.11,2026-10-03T12:51:54.767Z
sensor.alpstuga_air_quality_monitor_teplota,24.12,2026-10-03T12:55:53.592Z
sensor.alpstuga_air_quality_monitor_teplota,24.13,2026-10-03T12:57:22.700Z
sensor.alpstuga_air_quality_monitor_teplota,24.14,2026-10-03T13:02:49.401Z
sensor.alpstuga_air_quality_monitor_teplota,24.15,2026-10-03T13:13:43.284Z
sensor.alpstuga_air_quality_monitor_teplota,24.14,2026-10-03T13:14:13.004Z
sensor.alpstuga_air_quality_monitor_teplota,24.15,2026-10-03T13:14:42.737Z
sensor.alpstuga_air_quality_monitor_teplota,24.16,2026-10-03T13:15:12.446Z
sensor.alpstuga_air_quality_monitor_teplota,24.17,2026-10-03T13:18:40.459Z
sensor.alpstuga_air_quality_monitor_teplota,24.18,2026-10-03T13:20:09.601Z
sensor.alpstuga_air_quality_monitor_teplota,24.19,2026-10-03T13:21:09.016Z
sensor.alpstuga_air_quality_monitor_teplota,24.2,2026-10-03T13:24:07.295Z
sensor.alpstuga_air_quality_monitor_teplota,24.21,2026-10-03T13:26:06.216Z
sensor.alpstuga_air_quality_monitor_teplota,24.22,2026-10-03T13:26:35.945Z
sensor.alpstuga_air_quality_monitor_teplota,24.23,2026-10-03T13:28:34.808Z
sensor.alpstuga_air_quality_monitor_teplota,24.24,2026-10-03T13:29:34.243Z
sensor.alpstuga_air_quality_monitor_teplota,24.25,2026-10-03T13:31:33.121Z
sensor.alpstuga_air_quality_monitor_teplota,24.26,2026-10-03T13:32:32.601Z
sensor.alpstuga_air_quality_monitor_teplota,24.27,2026-10-03T13:33:02.321Z
sensor.alpstuga_air_quality_monitor_teplota,24.28,2026-10-03T13:36:00.564Z
sensor.alpstuga_air_quality_monitor_teplota,24.29,2026-10-03T13:37:29.797Z
sensor.alpstuga_air_quality_monitor_teplota,24.3,2026-10-03T13:38:58.971Z
sensor.alpstuga_air_quality_monitor_teplota,24.31,2026-10-03T13:39:58.415Z
sensor.alpstuga_air_quality_monitor_teplota,24.32,2026-10-03T13:41:57.276Z
sensor.alpstuga_air_quality_monitor_teplota,24.33,2026-10-03T13:44:25.829Z
sensor.alpstuga_air_quality_monitor_teplota,24.34,2026-10-03T13:46:54.445Z
sensor.alpstuga_air_quality_monitor_teplota,24.35,2026-10-03T13:50:52.245Z
sensor.alpstuga_air_quality_monitor_teplota,24.36,2026-10-03T13:52:21.350Z
sensor.alpstuga_air_quality_monitor_teplota,24.37,2026-10-03T13:53:50.480Z
sensor.alpstuga_air_quality_monitor_teplota,24.38,2026-10-03T13:55:49.312Z
sensor.alpstuga_air_quality_monitor_teplota,24.39,2026-10-03T13:57:48.224Z
sensor.alpstuga_air_quality_monitor_teplota,24.4,2026-10-03T13:59:47.060Z
sensor.alpstuga_air_quality_monitor_teplota,24.41,2026-10-03T14:02:15.683Z
sensor.alpstuga_air_quality_monitor_teplota,24.42,2026-10-03T14:03:15.196Z
sensor.alpstuga_air_quality_monitor_teplota,24.43,2026-10-03T14:06:13.464Z
sensor.alpstuga_air_quality_monitor_teplota,24.44,2026-10-03T14:10:11.112Z
sensor.alpstuga_air_quality_monitor_teplota,24.45,2026-10-03T14:12:09.980Z
sensor.alpstuga_air_quality_monitor_teplota,24.46,2026-10-03T14:13:39.092Z
sensor.alpstuga_air_quality_monitor_teplota,24.47,2026-10-03T14:15:08.257Z
sensor.alpstuga_air_quality_monitor_teplota,24.48,2026-10-03T14:15:38.003Z
sensor.alpstuga_air_quality_monitor_teplota,24.49,2026-10-03T14:16:37.464Z
sensor.alpstuga_air_quality_monitor_teplota,24.5,2026-10-03T14:17:36.913Z
sensor.alpstuga_air_quality_monitor_teplota,24.51,2026-10-03T14:19:06.012Z
sensor.alpstuga_air_quality_monitor_teplota,24.52,2026-10-03T14:20:35.137Z
sensor.alpstuga_air_quality_monitor_teplota,24.53,2026-10-03T14:25:02.848Z
sensor.alpstuga_air_quality_monitor_teplota,24.54,2026-10-03T14:27:01.722Z
sensor.alpstuga_air_quality_monitor_teplota,24.55,2026-10-03T14:31:29.187Z
sensor.alpstuga_air_quality_monitor_teplota,24.56,2026-10-03T14:32:58.551Z
sensor.alpstuga_air_quality_monitor_teplota,24.57,2026-10-03T14:34:27.714Z
sensor.alpstuga_air_quality_monitor_teplota,24.58,2026-10-03T14:36:26.535Z
sensor.alpstuga_air_quality_monitor_teplota,24.59,2026-10-03T14:40:24.163Z
sensor.alpstuga_air_quality_monitor_teplota,24.6,2026-10-03T14:42:23.081Z
sensor.alpstuga_air_quality_monitor_teplota,24.61,2026-10-03T14:45:21.391Z
sensor.alpstuga_air_quality_monitor_teplota,24.62,2026-10-03T14:47:50.071Z
sensor.alpstuga_air_quality_monitor_teplota,24.63,2026-10-03T14:52:17.528Z
sensor.alpstuga_air_quality_monitor_teplota,24.62,2026-10-03T14:54:16.426Z
sensor.alpstuga_air_quality_monitor_teplota,24.61,2026-10-03T14:56:15.279Z
sensor.alpstuga_air_quality_monitor_teplota,24.6,2026-10-03T14:58:43.835Z
sensor.alpstuga_air_quality_monitor_teplota,24.59,2026-10-03T14:59:13.550Z
sensor.alpstuga_air_quality_monitor_teplota,24.58,2026-10-03T14:59:43.257Z
sensor.alpstuga_air_quality_monitor_teplota,24.57,2026-10-03T15:00:42.647Z
sensor.alpstuga_air_quality_monitor_teplota,24.58,2026-10-03T15:07:38.656Z
sensor.alpstuga_air_quality_monitor_teplota,24.57,2026-10-03T15:08:38.114Z
sensor.alpstuga_air_quality_monitor_teplota,24.58,2026-10-03T15:09:07.824Z
sensor.alpstuga_air_quality_monitor_teplota,24.57,2026-10-03T15:09:37.534Z
sensor.alpstuga_air_quality_monitor_teplota,24.56,2026-10-03T15:10:07.244Z
sensor.alpstuga_air_quality_monitor_teplota,24.55,2026-10-03T15:11:06.612Z
sensor.alpstuga_air_quality_monitor_teplota,24.54,2026-10-03T15:12:35.850Z
sensor.alpstuga_air_quality_monitor_teplota,24.55,2026-10-03T15:17:03.494Z
sensor.alpstuga_air_quality_monitor_teplota,24.54,2026-10-03T15:19:02.449Z
sensor.alpstuga_air_quality_monitor_teplota,24.53,2026-10-03T15:24:29.316Z
sensor.alpstuga_air_quality_monitor_teplota,24.54,2026-10-03T15:24:59.011Z
sensor.alpstuga_air_quality_monitor_teplota,24.55,2026-10-03T15:26:57.895Z
sensor.alpstuga_air_quality_monitor_teplota,24.54,2026-10-03T15:27:27.606Z
sensor.alpstuga_air_quality_monitor_teplota,24.53,2026-10-03T15:29:56.292Z
sensor.alpstuga_air_quality_monitor_teplota,24.54,2026-10-03T15:30:26.014Z
sensor.alpstuga_air_quality_monitor_teplota,24.53,2026-10-03T15:32:24.837Z
sensor.alpstuga_air_quality_monitor_teplota,24.54,2026-10-03T15:33:53.945Z
sensor.alpstuga_air_quality_monitor_teplota,24.53,2026-10-03T15:35:23.082Z
sensor.alpstuga_air_quality_monitor_teplota,24.54,2026-10-03T15:36:52.250Z
sensor.alpstuga_air_quality_monitor_teplota,24.53,2026-10-03T15:38:21.324Z
sensor.alpstuga_air_quality_monitor_teplota,24.52,2026-10-03T15:40:49.798Z
sensor.alpstuga_air_quality_monitor_teplota,24.51,2026-10-03T15:41:19.553Z
sensor.alpstuga_air_quality_monitor_teplota,24.52,2026-10-03T15:43:18.517Z
sensor.alpstuga_air_quality_monitor_teplota,24.53,2026-10-03T15:45:17.523Z
sensor.alpstuga_air_quality_monitor_teplota,24.52,2026-10-03T15:47:46.181Z
sensor.alpstuga_air_quality_monitor_teplota,24.53,2026-10-03T15:58:39.782Z
sensor.alpstuga_air_quality_monitor_teplota,24.54,2026-10-03T15:59:39.180Z
sensor.alpstuga_air_quality_monitor_teplota,24.53,2026-10-03T16:01:38.145Z
sensor.alpstuga_air_quality_monitor_teplota,24.52,2026-10-03T16:02:37.615Z
sensor.alpstuga_air_quality_monitor_teplota,24.51,2026-10-03T16:03:37.080Z
sensor.alpstuga_air_quality_monitor_teplota,24.5,2026-10-03T16:04:06.801Z
sensor.alpstuga_air_quality_monitor_teplota,24.49,2026-10-03T16:04:36.521Z
sensor.alpstuga_air_quality_monitor_teplota,24.48,2026-10-03T16:05:06.246Z
sensor.alpstuga_air_quality_monitor_teplota,24.47,2026-10-03T16:05:35.966Z
sensor.alpstuga_air_quality_monitor_teplota,24.46,2026-10-03T16:06:05.671Z
sensor.alpstuga_air_quality_monitor_teplota,24.45,2026-10-03T16:06:35.365Z
sensor.alpstuga_air_quality_monitor_teplota,24.44,2026-10-03T16:07:34.814Z
sensor.alpstuga_air_quality_monitor_teplota,24.43,2026-10-03T16:08:34.251Z
sensor.alpstuga_air_quality_monitor_teplota,24.42,2026-10-03T16:09:03.971Z
sensor.alpstuga_air_quality_monitor_teplota,24.41,2026-10-03T16:10:03.390Z
sensor.alpstuga_air_quality_monitor_teplota,24.4,2026-10-03T16:11:02.778Z
sensor.alpstuga_air_quality_monitor_teplota,24.39,2026-10-03T16:12:02.265Z
sensor.alpstuga_air_quality_monitor_teplota,24.38,2026-10-03T16:13:01.741Z
sensor.alpstuga_air_quality_monitor_teplota,24.37,2026-10-03T16:13:31.432Z
sensor.alpstuga_air_quality_monitor_teplota,24.36,2026-10-03T16:15:00.520Z
sensor.alpstuga_air_quality_monitor_teplota,24.35,2026-10-03T16:15:59.977Z
sensor.alpstuga_air_quality_monitor_teplota,24.34,2026-10-03T16:16:59.179Z
sensor.alpstuga_air_quality_monitor_teplota,24.33,2026-10-03T16:19:27.801Z
sensor.alpstuga_air_quality_monitor_teplota,24.32,2026-10-03T16:20:56.991Z
sensor.alpstuga_air_quality_monitor_teplota,24.31,2026-10-03T16:22:26.237Z
sensor.alpstuga_air_quality_monitor_teplota,24.3,2026-10-03T16:23:55.375Z
sensor.alpstuga_air_quality_monitor_teplota,24.29,2026-10-03T16:24:25.103Z
sensor.alpstuga_air_quality_monitor_teplota,24.28,2026-10-03T16:25:24.528Z
sensor.alpstuga_air_quality_monitor_teplota,24.27,2026-10-03T16:26:23.988Z
sensor.alpstuga_air_quality_monitor_teplota,24.26,2026-10-03T16:26:53.725Z
sensor.alpstuga_air_quality_monitor_teplota,24.25,2026-10-03T16:28:22.872Z
sensor.alpstuga_air_quality_monitor_teplota,24.24,2026-10-03T16:28:52.581Z
sensor.alpstuga_air_quality_monitor_teplota,24.23,2026-10-03T16:29:51.966Z
sensor.alpstuga_air_quality_monitor_teplota,24.22,2026-10-03T16:30:21.661Z
sensor.alpstuga_air_quality_monitor_teplota,24.21,2026-10-03T16:31:50.743Z
sensor.alpstuga_air_quality_monitor_teplota,24.2,2026-10-03T16:32:20.458Z
sensor.alpstuga_air_quality_monitor_teplota,24.19,2026-10-03T16:33:19.914Z
sensor.alpstuga_air_quality_monitor_teplota,24.18,2026-10-03T16:34:19.361Z
sensor.alpstuga_air_quality_monitor_teplota,24.17,2026-10-03T16:39:16.591Z
sensor.alpstuga_air_quality_monitor_teplota,24.16,2026-10-03T16:41:15.478Z
sensor.alpstuga_air_quality_monitor_teplota,24.15,2026-10-03T16:43:14.333Z
sensor.alpstuga_air_quality_monitor_teplota,24.14,2026-10-03T16:45:13.180Z
sensor.alpstuga_air_quality_monitor_teplota,24.13,2026-10-03T16:46:42.248Z
sensor.alpstuga_air_quality_monitor_teplota,24.12,2026-10-03T16:47:41.698Z
sensor.alpstuga_air_quality_monitor_teplota,24.11,2026-10-03T16:50:10.256Z
sensor.alpstuga_air_quality_monitor_teplota,24.1,2026-10-03T16:52:38.742Z
sensor.alpstuga_air_quality_monitor_teplota,24.09,2026-10-03T16:54:37.648Z
sensor.alpstuga_air_quality_monitor_teplota,24.08,2026-10-03T16:56:06.747Z
sensor.alpstuga_air_quality_monitor_teplota,24.07,2026-10-03T16:59:34.793Z
sensor.alpstuga_air_quality_monitor_teplota,24.06,2026-10-03T17:01:33.702Z
sensor.alpstuga_air_quality_monitor_teplota,24.05,2026-10-03T17:02:33.125Z
sensor.alpstuga_air_quality_monitor_teplota,24.06,2026-10-03T17:03:02.856Z
sensor.alpstuga_air_quality_monitor_teplota,24.05,2026-10-03T17:03:32.527Z
sensor.alpstuga_air_quality_monitor_teplota,24.04,2026-10-03T17:05:01.635Z
sensor.alpstuga_air_quality_monitor_teplota,24.05,2026-10-03T17:06:30.783Z
sensor.alpstuga_air_quality_monitor_teplota,24.04,2026-10-03T17:11:27.843Z
sensor.alpstuga_air_quality_monitor_teplota,24.03,2026-10-03T17:13:56.443Z
sensor.alpstuga_air_quality_monitor_teplota,24.02,2026-10-03T17:15:55.283Z
sensor.alpstuga_air_quality_monitor_teplota,24.01,2026-10-03T17:18:23.925Z
sensor.alpstuga_air_quality_monitor_teplota,24.0,2026-10-03T17:22:21.594Z
sensor.alpstuga_air_quality_monitor_teplota,23.99,2026-10-03T17:26:19.275Z
sensor.alpstuga_air_quality_monitor_teplota,23.98,2026-10-03T17:28:18.231Z
sensor.alpstuga_air_quality_monitor_teplota,23.97,2026-10-03T17:29:17.700Z
sensor.alpstuga_air_quality_monitor_teplota,23.96,2026-10-03T17:31:16.712Z
sensor.alpstuga_air_quality_monitor_teplota,23.95,2026-10-03T17:34:15.081Z
sensor.alpstuga_air_quality_monitor_teplota,23.94,2026-10-03T17:36:43.667Z
sensor.alpstuga_air_quality_monitor_teplota,23.93,2026-10-03T17:38:42.488Z
sensor.alpstuga_air_quality_monitor_teplota,23.92,2026-10-03T17:39:12.230Z
sensor.alpstuga_air_quality_monitor_teplota,23.91,2026-10-03T17:41:11.116Z
sensor.alpstuga_air_quality_monitor_teplota,23.9,2026-10-03T17:42:10.497Z
sensor.alpstuga_air_quality_monitor_teplota,23.89,2026-10-03T17:43:09.924Z
sensor.alpstuga_air_quality_monitor_teplota,23.88,2026-10-03T17:46:08.194Z
sensor.alpstuga_air_quality_monitor_teplota,23.89,2026-10-03T17:47:37.367Z
sensor.alpstuga_air_quality_monitor_teplota,23.88,2026-10-03T17:48:07.111Z
sensor.alpstuga_air_quality_monitor_teplota,23.87,2026-10-03T17:50:06.049Z
sensor.alpstuga_air_quality_monitor_teplota,23.86,2026-10-03T17:51:35.164Z
sensor.alpstuga_air_quality_monitor_teplota,23.85,2026-10-03T17:53:04.332Z
sensor.alpstuga_air_quality_monitor_teplota,23.84,2026-10-03T17:55:03.300Z
sensor.alpstuga_air_quality_monitor_teplota,23.83,2026-10-03T17:57:02.219Z
sensor.alpstuga_air_quality_monitor_teplota,23.82,2026-10-03T18:00:00.544Z
sensor.alpstuga_air_quality_monitor_teplota,23.81,2026-10-03T18:01:59.368Z
sensor.alpstuga_air_quality_monitor_teplota,23.8,2026-10-03T18:05:27.306Z
sensor.alpstuga_air_quality_monitor_teplota,23.79,2026-10-03T18:06:26.803Z
sensor.alpstuga_air_quality_monitor_teplota,23.78,2026-10-03T18:10:24.665Z
sensor.alpstuga_air_quality_monitor_teplota,23.77,2026-10-03T18:11:53.827Z
sensor.alpstuga_air_quality_monitor_teplota,23.76,2026-10-03T18:13:23.003Z
sensor.alpstuga_air_quality_monitor_teplota,23.75,2026-10-03T18:15:21.850Z
sensor.alpstuga_air_quality_monitor_teplota,23.74,2026-10-03T18:18:49.972Z
sensor.alpstuga_air_quality_monitor_teplota,23.73,2026-10-03T18:20:19.127Z
sensor.alpstuga_air_quality_monitor_teplota,23.72,2026-10-03T18:22:17.949Z
sensor.alpstuga_air_quality_monitor_teplota,23.71,2026-10-03T18:23:47.113Z
sensor.alpstuga_air_quality_monitor_teplota,23.7,2026-10-03T18:25:16.307Z
sensor.alpstuga_air_quality_monitor_teplota,23.69,2026-10-03T18:29:14.206Z
sensor.alpstuga_air_quality_monitor_teplota,23.68,2026-10-03T18:31:12.996Z
sensor.alpstuga_air_quality_monitor_teplota,23.67,2026-10-03T18:32:42.081Z
sensor.alpstuga_air_quality_monitor_teplota,23.66,2026-10-03T18:34:41.020Z
sensor.alpstuga_air_quality_monitor_teplota,23.65,2026-10-03T18:36:10.199Z
sensor.alpstuga_air_quality_monitor_teplota,23.64,2026-10-03T18:37:39.564Z
sensor.alpstuga_air_quality_monitor_teplota,23.63,2026-10-03T18:41:07.604Z
sensor.alpstuga_air_quality_monitor_teplota,23.62,2026-10-03T18:42:36.716Z
sensor.alpstuga_air_quality_monitor_teplota,23.61,2026-10-03T18:44:05.817Z
sensor.alpstuga_air_quality_monitor_teplota,23.6,2026-10-03T18:45:05.214Z
sensor.alpstuga_air_quality_monitor_teplota,23.59,2026-10-03T18:46:34.335Z
sensor.alpstuga_air_quality_monitor_teplota,23.58,2026-10-03T18:48:33.180Z
sensor.alpstuga_air_quality_monitor_teplota,23.57,2026-10-03T18:50:02.333Z
sensor.alpstuga_air_quality_monitor_teplota,23.56,2026-10-03T18:51:01.751Z
sensor.alpstuga_air_quality_monitor_teplota,23.55,2026-10-03T18:52:01.164Z
sensor.alpstuga_air_quality_monitor_teplota,23.54,2026-10-03T18:53:30.280Z
sensor.alpstuga_air_quality_monitor_teplota,23.53,2026-10-03T18:55:29.060Z
sensor.alpstuga_air_quality_monitor_teplota,23.52,2026-10-03T18:56:28.482Z
sensor.alpstuga_air_quality_monitor_teplota,23.51,2026-10-03T18:57:57.641Z
sensor.alpstuga_air_quality_monitor_teplota,23.5,2026-10-03T19:00:26.100Z
sensor.alpstuga_air_quality_monitor_teplota,23.49,2026-10-03T19:01:55.311Z
sensor.alpstuga_air_quality_monitor_teplota,23.5,2026-10-03T19:02:54.762Z
sensor.alpstuga_air_quality_monitor_teplota,23.49,2026-10-03T19:04:23.855Z
sensor.alpstuga_air_quality_monitor_teplota,23.48,2026-10-03T19:05:53.006Z
sensor.alpstuga_air_quality_monitor_teplota,23.47,2026-10-03T19:07:22.109Z
sensor.alpstuga_air_quality_monitor_teplota,23.46,2026-10-03T19:08:21.518Z
sensor.alpstuga_air_quality_monitor_teplota,23.45,2026-10-03T19:10:50.095Z
sensor.alpstuga_air_quality_monitor_teplota,23.44,2026-10-03T19:13:18.643Z
sensor.alpstuga_air_quality_monitor_teplota,23.43,2026-10-03T19:16:46.587Z
sensor.alpstuga_air_quality_monitor_teplota,23.42,2026-10-03T19:19:15.144Z
sensor.alpstuga_air_quality_monitor_teplota,23.41,2026-10-03T19:20:44.297Z
sensor.alpstuga_air_quality_monitor_teplota,23.4,2026-10-03T19:22:43.051Z
sensor.alpstuga_air_quality_monitor_teplota,23.39,2026-10-03T19:23:42.423Z
sensor.alpstuga_air_quality_monitor_teplota,23.38,2026-10-03T19:25:41.296Z
sensor.alpstuga_air_quality_monitor_teplota,23.37,2026-10-03T19:27:10.504Z
sensor.alpstuga_air_quality_monitor_teplota,23.36,2026-10-03T19:30:38.496Z
sensor.alpstuga_air_quality_monitor_teplota,23.35,2026-10-03T19:32:07.720Z
sensor.alpstuga_air_quality_monitor_teplota,23.34,2026-10-03T19:34:06.660Z
sensor.alpstuga_air_quality_monitor_teplota,23.33,2026-10-03T19:36:05.540Z
sensor.alpstuga_air_quality_monitor_teplota,23.32,2026-10-03T19:39:33.327Z
sensor.alpstuga_air_quality_monitor_teplota,23.31,2026-10-03T19:41:32.024Z
sensor.alpstuga_air_quality_monitor_teplota,23.3,2026-10-03T19:43:01.200Z
sensor.alpstuga_air_quality_monitor_teplota,23.29,2026-10-03T19:45:29.791Z
sensor.alpstuga_air_quality_monitor_teplota,23.28,2026-10-03T19:46:29.158Z
sensor.alpstuga_air_quality_monitor_teplota,23.27,2026-10-03T19:47:58.284Z
sensor.alpstuga_air_quality_monitor_teplota,23.26,2026-10-03T19:50:26.842Z
sensor.alpstuga_air_quality_monitor_teplota,23.25,2026-10-03T19:50:56.618Z
sensor.alpstuga_air_quality_monitor_teplota,23.24,2026-10-03T19:51:26.315Z
sensor.alpstuga_air_quality_monitor_teplota,23.22,2026-10-03T19:51:56.019Z
sensor.alpstuga_air_quality_monitor_teplota,23.21,2026-10-03T19:52:25.726Z
sensor.alpstuga_air_quality_monitor_teplota,23.2,2026-10-03T19:52:55.410Z
sensor.alpstuga_air_quality_monitor_teplota,23.19,2026-10-03T19:53:25.087Z
sensor.alpstuga_air_quality_monitor_teplota,23.18,2026-10-03T19:53:54.756Z
sensor.alpstuga_air_quality_monitor_teplota,23.17,2026-10-03T19:54:24.439Z
sensor.alpstuga_air_quality_monitor_teplota,23.16,2026-10-03T19:54:54.122Z
sensor.alpstuga_air_quality_monitor_teplota,23.15,2026-10-03T19:55:23.823Z
sensor.alpstuga_air_quality_monitor_teplota,23.14,2026-10-03T19:58:52.222Z
sensor.alpstuga_air_quality_monitor_teplota,23.15,2026-10-03T19:59:51.649Z
sensor.alpstuga_air_quality_monitor_teplota,23.14,2026-10-03T20:00:21.357Z
sensor.alpstuga_air_quality_monitor_teplota,23.13,2026-10-03T20:00:51.064Z
sensor.alpstuga_air_quality_monitor_teplota,23.12,2026-10-03T20:03:19.719Z
sensor.alpstuga_air_quality_monitor_teplota,23.11,2026-10-03T20:07:47.155Z
sensor.alpstuga_air_quality_monitor_teplota,23.1,2026-10-03T20:09:16.281Z
sensor.alpstuga_air_quality_monitor_teplota,23.11,2026-10-03T20:09:45.993Z
sensor.alpstuga_air_quality_monitor_teplota,23.1,2026-10-03T20:10:15.710Z
sensor.alpstuga_air_quality_monitor_teplota,23.11,2026-10-03T20:14:13.557Z
sensor.alpstuga_air_quality_monitor_teplota,23.12,2026-10-03T20:16:42.188Z
sensor.alpstuga_air_quality_monitor_teplota,23.13,2026-10-03T20:19:40.464Z
sensor.alpstuga_air_quality_monitor_teplota,23.14,2026-10-03T20:20:39.886Z
sensor.alpstuga_air_quality_monitor_teplota,23.15,2026-10-03T20:21:39.292Z
sensor.alpstuga_air_quality_monitor_teplota,23.16,2026-10-03T20:22:38.691Z
sensor.alpstuga_air_quality_monitor_teplota,23.17,2026-10-03T20:23:38.174Z
sensor.alpstuga_air_quality_monitor_teplota,23.18,2026-10-03T20:24:07.921Z
sensor.alpstuga_air_quality_monitor_teplota,23.19,2026-10-03T20:25:37.081Z
sensor.alpstuga_air_quality_monitor_teplota,23.2,2026-10-03T20:26:06.805Z
sensor.alpstuga_air_quality_monitor_teplota,23.21,2026-10-03T20:27:06.235Z
sensor.alpstuga_air_quality_monitor_teplota,23.22,2026-10-03T20:27:35.948Z
sensor.alpstuga_air_quality_monitor_teplota,23.23,2026-10-03T20:28:05.650Z
sensor.alpstuga_air_quality_monitor_teplota,23.24,2026-10-03T20:28:35.383Z
sensor.alpstuga_air_quality_monitor_teplota,23.25,2026-10-03T20:29:05.136Z
sensor.alpstuga_air_quality_monitor_teplota,23.26,2026-10-03T20:29:34.870Z
sensor.alpstuga_air_quality_monitor_teplota,23.27,2026-10-03T20:30:34.318Z
sensor.alpstuga_air_quality_monitor_teplota,23.28,2026-10-03T20:31:04.026Z
sensor.alpstuga_air_quality_monitor_teplota,23.29,2026-10-03T20:31:33.729Z
sensor.alpstuga_air_quality_monitor_teplota,23.3,2026-10-03T20:32:03.430Z
sensor.alpstuga_air_quality_monitor_teplota,23.31,2026-10-03T20:32:33.129Z
sensor.alpstuga_air_quality_monitor_teplota,23.32,2026-10-03T20:33:32.548Z
sensor.alpstuga_air_quality_monitor_teplota,23.33,2026-10-03T20:34:02.246Z
sensor.alpstuga_air_quality_monitor_teplota,23.34,2026-10-03T20:35:31.349Z
sensor.alpstuga_air_quality_monitor_teplota,23.35,2026-10-03T20:36:01.042Z
sensor.alpstuga_air_quality_monitor_teplota,23.36,2026-10-03T20:37:30.170Z
sensor.alpstuga_air_quality_monitor_teplota,23.37,2026-10-03T20:37:59.860Z
sensor.alpstuga_air_quality_monitor_teplota,23.38,2026-10-03T20:38:29.552Z
sensor.alpstuga_air_quality_monitor_teplota,23.39,2026-10-03T20:38:59.248Z
sensor.alpstuga_air_quality_monitor_teplota,23.4,2026-10-03T20:39:28.957Z
sensor.alpstuga_air_quality_monitor_teplota,23.41,2026-10-03T20:39:58.652Z
sensor.alpstuga_air_quality_monitor_teplota,23.42,2026-10-03T20:40:58.075Z
sensor.alpstuga_air_quality_monitor_teplota,23.43,2026-10-03T20:41:57.538Z
sensor.alpstuga_air_quality_monitor_teplota,23.44,2026-10-03T20:42:56.978Z
sensor.alpstuga_air_quality_monitor_teplota,23.45,2026-10-03T20:43:56.399Z
sensor.alpstuga_air_quality_monitor_teplota,23.46,2026-10-03T20:44:26.101Z
sensor.alpstuga_air_quality_monitor_teplota,23.47,2026-10-03T20:45:25.483Z
sensor.alpstuga_air_quality_monitor_teplota,23.48,2026-10-03T20:46:24.872Z
sensor.alpstuga_air_quality_monitor_teplota,23.49,2026-10-03T20:46:54.607Z
sensor.alpstuga_air_quality_monitor_teplota,23.5,2026-10-03T20:47:54.045Z
sensor.alpstuga_air_quality_monitor_teplota,23.51,2026-10-03T20:48:23.739Z
sensor.alpstuga_air_quality_monitor_teplota,23.52,2026-10-03T20:49:23.143Z
sensor.alpstuga_air_quality_monitor_teplota,23.53,2026-10-03T20:50:22.588Z
sensor.alpstuga_air_quality_monitor_teplota,23.54,2026-10-03T20:51:22.014Z
sensor.alpstuga_air_quality_monitor_teplota,23.55,2026-10-03T20:52:21.405Z
sensor.alpstuga_air_quality_monitor_teplota,23.56,2026-10-03T20:53:20.866Z
sensor.alpstuga_air_quality_monitor_teplota,23.57,2026-10-03T20:55:19.841Z
sensor.alpstuga_air_quality_monitor_teplota,23.58,2026-10-03T20:56:19.328Z
sensor.alpstuga_air_quality_monitor_teplota,23.59,2026-10-03T20:57:48.588Z
sensor.alpstuga_air_quality_monitor_teplota,23.6,2026-10-03T20:59:17.781Z
sensor.alpstuga_air_quality_monitor_teplota,23.61,2026-10-03T21:01:16.635Z
sensor.alpstuga_air_quality_monitor_teplota,23.62,2026-10-03T21:03:15.476Z
sensor.alpstuga_air_quality_monitor_teplota,23.63,2026-10-03T21:05:14.388Z
sensor.alpstuga_air_quality_monitor_teplota,23.64,2026-10-03T21:07:13.302Z
sensor.alpstuga_air_quality_monitor_teplota,23.65,2026-10-03T21:08:42.449Z
sensor.alpstuga_air_quality_monitor_teplota,23.66,2026-10-03T21:10:41.360Z
sensor.alpstuga_air_quality_monitor_teplota,23.67,2026-10-03T21:12:40.171Z
sensor.alpstuga_air_quality_monitor_teplota,23.68,2026-10-03T21:15:38.439Z
sensor.alpstuga_air_quality_monitor_teplota,23.69,2026-10-03T21:18:07.067Z
sensor.alpstuga_air_quality_monitor_teplota,23.7,2026-10-03T21:21:05.351Z
sensor.alpstuga_air_quality_monitor_teplota,23.71,2026-10-03T21:24:33.397Z
sensor.alpstuga_air_quality_monitor_teplota,23.7,2026-10-03T21:25:03.158Z
sensor.alpstuga_air_quality_monitor_teplota,23.71,2026-10-03T21:25:32.899Z
sensor.alpstuga_air_quality_monitor_teplota,23.72,2026-10-03T21:29:00.941Z
sensor.alpstuga_air_quality_monitor_teplota,23.73,2026-10-03T21:30:59.771Z
sensor.alpstuga_air_quality_monitor_teplota,23.74,2026-10-03T21:33:28.387Z
sensor.alpstuga_air_quality_monitor_teplota,23.75,2026-10-03T21:36:56.434Z
sensor.alpstuga_air_quality_monitor_teplota,23.76,2026-10-03T21:39:54.722Z
sensor.alpstuga_air_quality_monitor_teplota,23.77,2026-10-03T21:41:53.680Z
sensor.alpstuga_air_quality_monitor_teplota,23.78,2026-10-03T21:42:23.408Z
sensor.alpstuga_air_quality_monitor_teplota,23.79,2026-10-03T21:42:53.145Z
sensor.alpstuga_air_quality_monitor_teplota,23.8,2026-10-03T21:44:22.258Z
sensor.alpstuga_air_quality_monitor_teplota,23.81,2026-10-03T21:47:20.520Z
sensor.alpstuga_air_quality_monitor_teplota,23.82,2026-10-03T21:48:49.651Z
sensor.alpstuga_air_quality_monitor_teplota,23.83,2026-10-03T21:50:48.555Z
sensor.alpstuga_air_quality_monitor_teplota,23.84,2026-10-03T21:54:18.423Z
sensor.alpstuga_air_quality_monitor_teplota,23.83,2026-10-03T21:55:18.480Z
sensor.alpstuga_air_quality_monitor_teplota,23.84,2026-10-03T21:56:18.538Z
sensor.alpstuga_air_quality_monitor_teplota,23.83,2026-10-03T21:56:48.539Z
sensor.alpstuga_air_quality_monitor_teplota,23.84,2026-10-03T21:57:18.558Z
sensor.alpstuga_air_quality_monitor_teplota,23.85,2026-10-03T21:59:48.677Z
sensor.alpstuga_air_quality_monitor_teplota,23.86,2026-10-03T22:00:18.720Z
sensor.alpstuga_air_quality_monitor_teplota,23.87,2026-10-03T22:01:18.810Z
sensor.alpstuga_air_quality_monitor_teplota,23.88,2026-10-03T22:01:48.850Z
sensor.alpstuga_air_quality_monitor_teplota,23.89,2026-10-03T22:02:18.868Z
sensor.alpstuga_air_quality_monitor_teplota,23.91,2026-10-03T22:02:48.894Z
sensor.alpstuga_air_quality_monitor_teplota,23.92,2026-10-03T22:03:48.941Z
sensor.alpstuga_air_quality_monitor_teplota,23.91,2026-10-03T22:10:49.605Z
sensor.alpstuga_air_quality_monitor_teplota,23.9,2026-10-03T22:12:19.677Z
sensor.alpstuga_air_quality_monitor_teplota,23.89,2026-10-03T22:14:49.811Z
sensor.alpstuga_air_quality_monitor_teplota,23.9,2026-10-03T22:15:19.822Z
sensor.alpstuga_air_quality_monitor_teplota,23.91,2026-10-03T22:15:49.825Z
sensor.alpstuga_air_quality_monitor_teplota,23.92,2026-10-03T22:16:49.922Z
sensor.alpstuga_air_quality_monitor_teplota,23.91,2026-10-03T22:17:19.987Z
sensor.alpstuga_air_quality_monitor_teplota,23.89,2026-10-03T22:17:50.020Z
sensor.alpstuga_air_quality_monitor_teplota,23.87,2026-10-03T22:18:20.037Z
sensor.alpstuga_air_quality_monitor_teplota,23.86,2026-10-03T22:18:50.088Z
sensor.alpstuga_air_quality_monitor_teplota,23.85,2026-10-03T22:20:20.302Z
sensor.alpstuga_air_quality_monitor_teplota,23.86,2026-10-03T22:20:50.324Z
sensor.alpstuga_air_quality_monitor_teplota,23.87,2026-10-03T22:21:20.360Z
sensor.alpstuga_air_quality_monitor_teplota,23.88,2026-10-03T22:21:50.419Z
sensor.alpstuga_air_quality_monitor_teplota,23.89,2026-10-03T22:22:20.503Z
sensor.alpstuga_air_quality_monitor_teplota,23.88,2026-10-03T22:23:20.563Z
sensor.alpstuga_air_quality_monitor_teplota,23.87,2026-10-03T22:27:50.877Z
sensor.alpstuga_air_quality_monitor_teplota,23.86,2026-10-03T22:29:20.923Z
sensor.alpstuga_air_quality_monitor_teplota,23.85,2026-10-03T22:30:21.113Z
sensor.alpstuga_air_quality_monitor_teplota,23.84,2026-10-03T22:31:21.185Z
sensor.alpstuga_air_quality_monitor_teplota,23.83,2026-10-03T22:32:51.301Z
sensor.alpstuga_air_quality_monitor_teplota,23.82,2026-10-03T22:34:51.514Z
sensor.alpstuga_air_quality_monitor_teplota,23.83,2026-10-03T22:35:51.782Z
sensor.alpstuga_air_quality_monitor_teplota,23.84,2026-10-03T22:37:51.927Z
sensor.alpstuga_air_quality_monitor_teplota,23.85,2026-10-03T22:45:22.329Z
sensor.alpstuga_air_quality_monitor_teplota,23.84,2026-10-03T22:47:52.389Z
sensor.alpstuga_air_quality_monitor_teplota,23.85,2026-10-03T22:48:52.348Z
sensor.alpstuga_air_quality_monitor_teplota,23.84,2026-10-03T22:49:52.372Z
sensor.alpstuga_air_quality_monitor_teplota,23.83,2026-10-03T22:52:52.702Z
sensor.alpstuga_air_quality_monitor_teplota,23.82,2026-10-03T22:55:52.898Z
sensor.alpstuga_air_quality_monitor_teplota,23.81,2026-10-03T22:57:22.928Z
sensor.alpstuga_air_quality_monitor_teplota,23.82,2026-10-03T22:59:23.080Z
sensor.alpstuga_air_quality_monitor_teplota,23.83,2026-10-03T23:01:53.272Z
sensor.alpstuga_air_quality_monitor_teplota,23.84,2026-10-03T23:04:53.369Z
sensor.alpstuga_air_quality_monitor_teplota,23.83,2026-10-03T23:05:53.478Z
sensor.alpstuga_air_quality_monitor_teplota,23.84,2026-10-03T23:06:53.628Z
sensor.alpstuga_air_quality_monitor_teplota,23.83,2026-10-03T23:07:23.673Z
sensor.alpstuga_air_quality_monitor_teplota,23.84,2026-10-03T23:07:53.697Z
sensor.alpstuga_air_quality_monitor_teplota,23.83,2026-10-03T23:13:54.070Z
sensor.alpstuga_air_quality_monitor_teplota,23.82,2026-10-03T23:15:54.330Z
sensor.alpstuga_air_quality_monitor_teplota,23.81,2026-10-03T23:17:54.454Z
sensor.alpstuga_air_quality_monitor_teplota,23.8,2026-10-03T23:20:24.692Z
sensor.alpstuga_air_quality_monitor_teplota,23.79,2026-10-03T23:21:24.795Z
sensor.alpstuga_air_quality_monitor_teplota,23.78,2026-10-03T23:22:54.995Z
sensor.alpstuga_air_quality_monitor_teplota,23.79,2026-10-03T23:23:25.028Z
sensor.alpstuga_air_quality_monitor_teplota,23.78,2026-10-03T23:23:55.047Z
sensor.alpstuga_air_quality_monitor_teplota,23.79,2026-10-03T23:25:55.114Z
sensor.alpstuga_air_quality_monitor_teplota,23.8,2026-10-03T23:27:25.214Z
sensor.alpstuga_air_quality_monitor_teplota,23.79,2026-10-03T23:28:25.295Z
sensor.alpstuga_air_quality_monitor_teplota,23.78,2026-10-03T23:29:55.451Z
sensor.alpstuga_air_quality_monitor_teplota,23.77,2026-10-03T23:31:55.592Z
sensor.alpstuga_air_quality_monitor_teplota,23.78,2026-10-03T23:32:25.621Z
sensor.alpstuga_air_quality_monitor_teplota,23.77,2026-10-03T23:32:55.648Z
sensor.alpstuga_air_quality_monitor_teplota,23.78,2026-10-03T23:33:55.796Z
sensor.alpstuga_air_quality_monitor_teplota,23.79,2026-10-03T23:38:26.133Z
sensor.alpstuga_air_quality_monitor_teplota,23.8,2026-10-03T23:39:56.245Z
sensor.alpstuga_air_quality_monitor_teplota,23.81,2026-10-03T23:40:56.194Z
sensor.alpstuga_air_quality_monitor_teplota,23.82,2026-10-03T23:44:56.534Z
sensor.alpstuga_air_quality_monitor_teplota,23.83,2026-10-03T23:47:56.520Z
sensor.alpstuga_air_quality_monitor_teplota,23.84,2026-10-03T23:49:26.604Z
sensor.alpstuga_air_quality_monitor_teplota,23.85,2026-10-03T23:50:26.638Z
sensor.alpstuga_air_quality_monitor_teplota,23.86,2026-10-03T23:51:26.689Z
sensor.alpstuga_air_quality_monitor_teplota,23.87,2026-10-03T23:53:26.854Z
sensor.alpstuga_air_quality_monitor_teplota,23.88,2026-10-03T23:55:26.931Z
sensor.alpstuga_air_quality_monitor_teplota,23.89,2026-10-04T00:01:27.163Z
sensor.alpstuga_air_quality_monitor_teplota,23.88,2026-10-04T00:02:26.876Z
sensor.alpstuga_air_quality_monitor_teplota,23.89,2026-10-04T00:06:57.238Z
sensor.alpstuga_air_quality_monitor_teplota,23.88,2026-10-04T00:08:57.312Z
sensor.alpstuga_air_quality_monitor_teplota,23.89,2026-10-04T00:09:27.343Z
sensor.alpstuga_air_quality_monitor_teplota,23.9,2026-10-04T00:43:29.423Z
sensor.alpstuga_air_quality_monitor_teplota,23.89,2026-10-04T00:43:59.429Z
sensor.alpstuga_air_quality_monitor_teplota,23.9,2026-10-04T00:44:29.381Z
sensor.alpstuga_air_quality_monitor_teplota,23.89,2026-10-04T00:46:29.542Z
sensor.alpstuga_air_quality_monitor_teplota,23.9,2026-10-04T00:52:59.976Z
sensor.alpstuga_air_quality_monitor_teplota,23.89,2026-10-04T00:54:30.076Z
sensor.alpstuga_air_quality_monitor_teplota,23.88,2026-10-04T00:58:30.310Z
sensor.alpstuga_air_quality_monitor_teplota,23.87,2026-10-04T01:02:00.540Z
sensor.alpstuga_air_quality_monitor_teplota,23.86,2026-10-04T01:08:31.021Z
sensor.alpstuga_air_quality_monitor_teplota,23.87,2026-10-04T01:09:01.155Z
sensor.alpstuga_air_quality_monitor_teplota,23.86,2026-10-04T01:16:32.209Z
sensor.alpstuga_air_quality_monitor_teplota,23.87,2026-10-04T01:17:02.329Z
sensor.alpstuga_air_quality_monitor_teplota,23.86,2026-10-04T01:22:32.668Z
sensor.alpstuga_air_quality_monitor_teplota,23.85,2026-10-04T01:24:32.929Z
sensor.alpstuga_air_quality_monitor_teplota,23.86,2026-10-04T01:25:02.940Z
sensor.alpstuga_air_quality_monitor_teplota,23.85,2026-10-04T01:30:03.423Z
sensor.alpstuga_air_quality_monitor_teplota,23.86,2026-10-04T01:30:33.479Z
sensor.alpstuga_air_quality_monitor_teplota,23.85,2026-10-04T01:31:33.653Z
sensor.alpstuga_air_quality_monitor_teplota,23.86,2026-10-04T01:36:33.934Z
sensor.alpstuga_air_quality_monitor_teplota,23.85,2026-10-04T01:37:03.938Z
sensor.alpstuga_air_quality_monitor_teplota,23.86,2026-10-04T01:37:33.963Z
sensor.alpstuga_air_quality_monitor_teplota,23.85,2026-10-04T01:38:04.051Z
sensor.alpstuga_air_quality_monitor_teplota,23.86,2026-10-04T01:38:34.108Z
sensor.alpstuga_air_quality_monitor_teplota,23.85,2026-10-04T01:39:34.166Z
sensor.alpstuga_air_quality_monitor_teplota,23.86,2026-10-04T01:45:04.501Z
sensor.alpstuga_air_quality_monitor_teplota,23.85,2026-10-04T01:45:34.517Z
sensor.alpstuga_air_quality_monitor_teplota,23.84,2026-10-04T01:52:35.177Z
sensor.alpstuga_air_quality_monitor_teplota,23.85,2026-10-04T01:53:05.213Z
sensor.alpstuga_air_quality_monitor_teplota,23.84,2026-10-04T01:57:05.403Z
sensor.alpstuga_air_quality_monitor_teplota,23.83,2026-10-04T02:01:05.637Z
sensor.alpstuga_air_quality_monitor_teplota,23.82,2026-10-04T02:07:06.038Z
sensor.alpstuga_air_quality_monitor_teplota,23.81,2026-10-04T02:13:36.473Z
sensor.alpstuga_air_quality_monitor_teplota,23.8,2026-10-04T02:20:06.893Z
sensor.alpstuga_air_quality_monitor_teplota,23.81,2026-10-04T02:22:07.048Z
sensor.alpstuga_air_quality_monitor_teplota,23.8,2026-10-04T02:24:07.191Z
sensor.alpstuga_air_quality_monitor_teplota,23.81,2026-10-04T02:24:37.235Z
sensor.alpstuga_air_quality_monitor_teplota,23.8,2026-10-04T02:25:07.271Z
sensor.alpstuga_air_quality_monitor_teplota,23.81,2026-10-04T02:28:07.480Z
sensor.alpstuga_air_quality_monitor_teplota,23.82,2026-10-04T02:32:37.639Z
sensor.alpstuga_air_quality_monitor_teplota,23.81,2026-10-04T02:37:38.132Z
sensor.alpstuga_air_quality_monitor_teplota,23.8,2026-10-04T02:40:38.227Z
sensor.alpstuga_air_quality_monitor_teplota,23.81,2026-10-04T02:41:08.270Z
sensor.alpstuga_air_quality_monitor_teplota,23.8,2026-10-04T02:44:08.692Z
sensor.alpstuga_air_quality_monitor_teplota,23.81,2026-10-04T02:45:08.797Z
sensor.alpstuga_air_quality_monitor_teplota,23.8,2026-10-04T02:45:38.847Z
sensor.alpstuga_air_quality_monitor_teplota,23.81,2026-10-04T02:46:08.907Z
sensor.alpstuga_air_quality_monitor_teplota,23.8,2026-10-04T02:52:09.311Z
sensor.alpstuga_air_quality_monitor_teplota,23.81,2026-10-04T03:04:10.169Z
sensor.alpstuga_air_quality_monitor_teplota,23.8,2026-10-04T03:04:40.168Z
sensor.alpstuga_air_quality_monitor_teplota,23.81,2026-10-04T03:05:10.174Z
sensor.alpstuga_air_quality_monitor_teplota,23.8,2026-10-04T03:10:10.562Z
sensor.alpstuga_air_quality_monitor_teplota,23.81,2026-10-04T03:10:40.597Z
sensor.alpstuga_air_quality_monitor_teplota,23.8,2026-10-04T03:13:10.792Z
sensor.alpstuga_air_quality_monitor_teplota,23.81,2026-10-04T03:26:41.472Z
sensor.alpstuga_air_quality_monitor_teplota,23.8,2026-10-04T03:27:11.552Z
sensor.alpstuga_air_quality_monitor_teplota,23.81,2026-10-04T03:36:11.813Z
sensor.alpstuga_air_quality_monitor_teplota,23.82,2026-10-04T03:48:42.625Z
sensor.alpstuga_air_quality_monitor_teplota,23.81,2026-10-04T03:51:42.737Z
sensor.alpstuga_air_quality_monitor_teplota,23.82,2026-10-04T03:52:12.791Z
sensor.alpstuga_air_quality_monitor_teplota,23.81,2026-10-04T03:53:12.876Z
sensor.alpstuga_air_quality_monitor_teplota,23.82,2026-10-04T04:07:13.828Z
sensor.alpstuga_air_quality_monitor_teplota,23.83,2026-10-04T04:11:44.151Z
sensor.alpstuga_air_quality_monitor_teplota,23.82,2026-10-04T04:12:14.152Z
sensor.alpstuga_air_quality_monitor_teplota,23.83,2026-10-04T04:16:14.488Z
sensor.alpstuga_air_quality_monitor_teplota,23.82,2026-10-04T04:20:44.844Z
sensor.alpstuga_air_quality_monitor_teplota,23.83,2026-10-04T04:21:44.907Z
sensor.alpstuga_air_quality_monitor_teplota,23.82,2026-10-04T04:22:14.935Z
sensor.alpstuga_air_quality_monitor_teplota,23.83,2026-10-04T04:23:14.988Z
sensor.alpstuga_air_quality_monitor_teplota,23.82,2026-10-04T04:24:45.115Z
sensor.alpstuga_air_quality_monitor_teplota,23.81,2026-10-04T04:31:15.813Z
sensor.alpstuga_air_quality_monitor_teplota,23.82,2026-10-04T04:32:15.862Z
sensor.alpstuga_air_quality_monitor_teplota,23.81,2026-10-04T04:32:45.907Z
sensor.alpstuga_air_quality_monitor_teplota,23.8,2026-10-04T04:38:46.418Z
sensor.alpstuga_air_quality_monitor_teplota,23.81,2026-10-04T04:42:46.778Z
sensor.alpstuga_air_quality_monitor_teplota,23.82,2026-10-04T04:44:16.953Z
sensor.alpstuga_air_quality_monitor_teplota,23.81,2026-10-04T04:44:46.972Z
sensor.alpstuga_air_quality_monitor_teplota,23.8,2026-10-04T04:47:47.115Z
sensor.alpstuga_air_quality_monitor_teplota,23.79,2026-10-04T04:51:17.329Z
sensor.alpstuga_air_quality_monitor_teplota,23.8,2026-10-04T04:52:47.407Z
sensor.alpstuga_air_quality_monitor_teplota,23.79,2026-10-04T04:53:47.516Z
sensor.alpstuga_air_quality_monitor_teplota,23.78,2026-10-04T05:19:49.230Z
sensor.alpstuga_air_quality_monitor_teplota,23.77,2026-10-04T05:21:48.917Z
sensor.alpstuga_air_quality_monitor_teplota,23.78,2026-10-04T05:23:49.198Z
sensor.alpstuga_air_quality_monitor_teplota,23.77,2026-10-04T05:24:19.196Z
sensor.alpstuga_air_quality_monitor_teplota,23.76,2026-10-04T05:26:19.244Z
sensor.alpstuga_air_quality_monitor_teplota,23.75,2026-10-04T05:29:49.588Z
sensor.alpstuga_air_quality_monitor_teplota,23.76,2026-10-04T05:30:19.654Z
sensor.alpstuga_air_quality_monitor_teplota,23.75,2026-10-04T05:31:19.759Z
sensor.alpstuga_air_quality_monitor_teplota,23.74,2026-10-04T05:35:19.940Z
sensor.alpstuga_air_quality_monitor_teplota,23.75,2026-10-04T05:41:20.328Z
sensor.alpstuga_air_quality_monitor_teplota,23.74,2026-10-04T05:46:50.779Z
sensor.alpstuga_air_quality_monitor_teplota,23.75,2026-10-04T05:47:20.847Z
sensor.alpstuga_air_quality_monitor_teplota,23.74,2026-10-04T05:48:51.054Z
sensor.alpstuga_air_quality_monitor_teplota,23.75,2026-10-04T05:49:51.078Z
sensor.alpstuga_air_quality_monitor_teplota,23.76,2026-10-04T05:58:52.727Z
sensor.alpstuga_air_quality_monitor_teplota,23.77,2026-10-04T06:02:22.992Z
sensor.alpstuga_air_quality_monitor_teplota,23.76,2026-10-04T06:08:53.211Z
sensor.alpstuga_air_quality_monitor_teplota,23.77,2026-10-04T06:11:54.301Z
sensor.alpstuga_air_quality_monitor_teplota,23.76,2026-10-04T06:12:24.400Z
sensor.alpstuga_air_quality_monitor_teplota,23.77,2026-10-04T06:12:54.374Z
sensor.alpstuga_air_quality_monitor_teplota,23.76,2026-10-04T06:14:54.359Z
sensor.alpstuga_air_quality_monitor_teplota,23.77,2026-10-04T06:16:24.444Z
sensor.alpstuga_air_quality_monitor_teplota,23.76,2026-10-04T06:17:24.527Z
sensor.alpstuga_air_quality_monitor_teplota,23.77,2026-10-04T06:21:54.810Z
sensor.alpstuga_air_quality_monitor_teplota,23.76,2026-10-04T06:22:54.827Z
sensor.alpstuga_air_quality_monitor_teplota,23.75,2026-10-04T06:34:55.659Z
sensor.alpstuga_air_quality_monitor_teplota,23.76,2026-10-04T06:35:25.680Z
sensor.alpstuga_air_quality_monitor_teplota,23.75,2026-10-04T06:37:25.719Z
sensor.alpstuga_air_quality_monitor_teplota,23.76,2026-10-04T06:37:55.748Z
sensor.alpstuga_air_quality_monitor_teplota,23.75,2026-10-04T06:38:55.753Z
sensor.alpstuga_air_quality_monitor_teplota,23.74,2026-10-04T06:39:55.799Z
sensor.alpstuga_air_quality_monitor_teplota,23.75,2026-10-04T06:42:55.897Z
sensor.alpstuga_air_quality_monitor_teplota,23.77,2026-10-04T06:44:56.010Z
sensor.alpstuga_air_quality_monitor_teplota,23.78,2026-10-04T06:45:26.008Z
sensor.alpstuga_air_quality_monitor_teplota,23.8,2026-10-04T06:45:56.036Z
sensor.alpstuga_air_quality_monitor_teplota,23.81,2026-10-04T06:46:56.075Z
sensor.alpstuga_air_quality_monitor_teplota,23.82,2026-10-04T06:47:26.092Z
sensor.alpstuga_air_quality_monitor_teplota,23.83,2026-10-04T06:47:56.116Z
sensor.alpstuga_air_quality_monitor_teplota,23.85,2026-10-04T06:48:56.241Z
sensor.alpstuga_air_quality_monitor_teplota,23.86,2026-10-04T06:49:26.256Z
sensor.alpstuga_air_quality_monitor_teplota,23.88,2026-10-04T06:49:56.271Z
sensor.alpstuga_air_quality_monitor_teplota,23.89,2026-10-04T06:50:26.280Z
sensor.alpstuga_air_quality_monitor_teplota,23.9,2026-10-04T06:51:26.341Z
sensor.alpstuga_air_quality_monitor_teplota,23.91,2026-10-04T06:51:56.382Z
sensor.alpstuga_air_quality_monitor_teplota,23.92,2026-10-04T06:52:26.445Z
sensor.alpstuga_air_quality_monitor_teplota,23.93,2026-10-04T06:52:56.493Z
sensor.alpstuga_air_quality_monitor_teplota,23.94,2026-10-04T06:53:26.530Z
sensor.alpstuga_air_quality_monitor_teplota,23.95,2026-10-04T06:53:56.575Z
sensor.alpstuga_air_quality_monitor_teplota,23.96,2026-10-04T06:54:56.650Z
sensor.alpstuga_air_quality_monitor_teplota,23.97,2026-10-04T06:55:56.630Z
sensor.alpstuga_air_quality_monitor_teplota,23.98,2026-10-04T06:56:26.603Z
sensor.alpstuga_air_quality_monitor_teplota,23.99,2026-10-04T06:56:56.654Z
sensor.alpstuga_air_quality_monitor_teplota,24.0,2026-10-04T06:57:26.703Z
sensor.alpstuga_air_quality_monitor_teplota,24.01,2026-10-04T06:57:56.749Z
sensor.alpstuga_air_quality_monitor_teplota,24.0,2026-10-04T07:00:56.911Z
sensor.alpstuga_air_quality_monitor_teplota,24.01,2026-10-04T07:01:57.076Z
sensor.alpstuga_air_quality_monitor_teplota,24.02,2026-10-04T07:02:57.172Z
sensor.alpstuga_air_quality_monitor_teplota,24.03,2026-10-04T07:04:27.261Z
sensor.alpstuga_air_quality_monitor_teplota,24.02,2026-10-04T07:04:57.182Z
sensor.alpstuga_air_quality_monitor_teplota,24.03,2026-10-04T07:07:27.403Z
sensor.alpstuga_air_quality_monitor_teplota,24.04,2026-10-04T07:07:57.453Z
sensor.alpstuga_air_quality_monitor_teplota,24.05,2026-10-04T07:08:27.494Z
sensor.alpstuga_air_quality_monitor_teplota,24.06,2026-10-04T07:13:28.092Z
sensor.alpstuga_air_quality_monitor_teplota,24.05,2026-10-04T07:14:28.038Z
sensor.alpstuga_air_quality_monitor_teplota,24.04,2026-10-04T07:19:28.254Z
sensor.alpstuga_air_quality_monitor_teplota,24.05,2026-10-04T07:19:58.269Z
sensor.alpstuga_air_quality_monitor_teplota,24.06,2026-10-04T07:20:58.243Z
sensor.alpstuga_air_quality_monitor_teplota,24.07,2026-10-04T07:21:28.289Z
sensor.alpstuga_air_quality_monitor_teplota,24.08,2026-10-04T07:24:58.589Z
sensor.alpstuga_air_quality_monitor_teplota,24.09,2026-10-04T07:26:28.862Z
sensor.alpstuga_air_quality_monitor_teplota,24.1,2026-10-04T07:29:29.927Z
sensor.alpstuga_air_quality_monitor_teplota,24.11,2026-10-04T07:32:31.774Z
sensor.alpstuga_air_quality_monitor_teplota,24.1,2026-10-04T07:33:31.856Z
sensor.alpstuga_air_quality_monitor_teplota,24.11,2026-10-04T07:35:01.948Z
sensor.alpstuga_air_quality_monitor_teplota,24.1,2026-10-04T07:35:32.005Z
sensor.alpstuga_air_quality_monitor_teplota,24.11,2026-10-04T07:36:32.028Z
sensor.alpstuga_air_quality_monitor_teplota,24.1,2026-10-04T07:37:02.040Z
sensor.alpstuga_air_quality_monitor_teplota,24.09,2026-10-04T07:38:02.215Z
sensor.alpstuga_air_quality_monitor_teplota,24.07,2026-10-04T07:40:02.998Z
sensor.alpstuga_air_quality_monitor_teplota,24.01,2026-10-04T07:40:33.109Z
sensor.alpstuga_air_quality_monitor_teplota,23.96,2026-10-04T07:41:03.250Z
sensor.alpstuga_air_quality_monitor_teplota,23.92,2026-10-04T07:41:33.286Z
sensor.alpstuga_air_quality_monitor_teplota,23.9,2026-10-04T07:42:03.268Z
sensor.alpstuga_air_quality_monitor_teplota,23.89,2026-10-04T07:42:33.325Z
sensor.alpstuga_air_quality_monitor_teplota,23.87,2026-10-04T07:43:03.346Z
sensor.alpstuga_air_quality_monitor_teplota,23.85,2026-10-04T07:43:33.392Z
sensor.alpstuga_air_quality_monitor_teplota,23.83,2026-10-04T07:44:03.455Z
sensor.alpstuga_air_quality_monitor_teplota,23.81,2026-10-04T07:44:33.482Z
sensor.alpstuga_air_quality_monitor_teplota,23.79,2026-10-04T07:45:03.521Z
sensor.alpstuga_air_quality_monitor_teplota,23.78,2026-10-04T07:46:03.559Z
sensor.alpstuga_air_quality_monitor_teplota,23.77,2026-10-04T07:46:33.579Z
sensor.alpstuga_air_quality_monitor_teplota,23.76,2026-10-04T07:47:03.606Z
sensor.alpstuga_air_quality_monitor_teplota,23.75,2026-10-04T07:48:03.602Z
sensor.alpstuga_air_quality_monitor_teplota,23.74,2026-10-04T07:48:33.639Z
sensor.alpstuga_air_quality_monitor_teplota,23.73,2026-10-04T07:49:33.761Z
sensor.alpstuga_air_quality_monitor_teplota,23.72,2026-10-04T07:50:03.805Z
sensor.alpstuga_air_quality_monitor_teplota,23.7,2026-10-04T07:50:33.816Z
sensor.alpstuga_air_quality_monitor_teplota,23.65,2026-10-04T07:51:03.857Z
sensor.alpstuga_air_quality_monitor_teplota,23.6,2026-10-04T07:51:33.834Z
sensor.alpstuga_air_quality_monitor_teplota,23.55,2026-10-04T07:52:03.869Z
sensor.alpstuga_air_quality_monitor_teplota,23.5,2026-10-04T07:52:33.864Z
sensor.alpstuga_air_quality_monitor_teplota,23.48,2026-10-04T07:53:03.909Z
sensor.alpstuga_air_quality_monitor_teplota,23.45,2026-10-04T07:53:33.944Z
sensor.alpstuga_air_quality_monitor_teplota,23.43,2026-10-04T07:54:03.984Z
sensor.alpstuga_air_quality_monitor_teplota,23.41,2026-10-04T07:54:34.060Z
sensor.alpstuga_air_quality_monitor_teplota,23.4,2026-10-04T07:55:04.018Z
sensor.alpstuga_air_quality_monitor_teplota,23.39,2026-10-04T07:56:34.110Z
sensor.alpstuga_air_quality_monitor_teplota,23.4,2026-10-04T07:58:34.210Z
sensor.alpstuga_air_quality_monitor_teplota,23.41,2026-10-04T08:00:04.294Z
sensor.alpstuga_air_quality_monitor_teplota,23.42,2026-10-04T08:01:34.262Z
sensor.alpstuga_air_quality_monitor_teplota,23.43,2026-10-04T08:02:34.262Z
sensor.alpstuga_air_quality_monitor_teplota,23.44,2026-10-04T08:03:04.334Z
sensor.alpstuga_air_quality_monitor_teplota,23.45,2026-10-04T08:03:34.374Z
sensor.alpstuga_air_quality_monitor_teplota,23.46,2026-10-04T08:04:34.433Z
sensor.alpstuga_air_quality_monitor_teplota,23.47,2026-10-04T08:06:04.528Z
sensor.alpstuga_air_quality_monitor_teplota,23.48,2026-10-04T08:08:04.558Z
sensor.alpstuga_air_quality_monitor_teplota,23.49,2026-10-04T08:08:34.578Z
sensor.alpstuga_air_quality_monitor_teplota,23.5,2026-10-04T08:09:04.605Z
sensor.alpstuga_air_quality_monitor_teplota,23.51,2026-10-04T08:10:04.664Z
sensor.alpstuga_air_quality_monitor_teplota,23.52,2026-10-04T08:10:34.686Z
sensor.alpstuga_air_quality_monitor_teplota,23.53,2026-10-04T08:11:34.688Z
sensor.alpstuga_air_quality_monitor_teplota,23.52,2026-10-04T08:14:05.172Z
sensor.alpstuga_air_quality_monitor_teplota,23.51,2026-10-04T08:18:35.403Z
sensor.alpstuga_air_quality_monitor_teplota,23.52,2026-10-04T08:22:35.738Z
sensor.alpstuga_air_quality_monitor_teplota,23.53,2026-10-04T08:26:05.947Z
sensor.alpstuga_air_quality_monitor_teplota,23.54,2026-10-04T08:27:05.992Z
sensor.alpstuga_air_quality_monitor_teplota,23.55,2026-10-04T08:43:37.123Z
sensor.alpstuga_air_quality_monitor_teplota,23.56,2026-10-04T08:49:07.430Z
sensor.alpstuga_air_quality_monitor_teplota,23.57,2026-10-04T08:56:37.930Z
sensor.alpstuga_air_quality_monitor_teplota,23.56,2026-10-04T08:57:37.988Z
sensor.alpstuga_air_quality_monitor_teplota,23.57,2026-10-04T08:58:38.040Z
sensor.alpstuga_air_quality_monitor_teplota,23.56,2026-10-04T09:01:08.134Z
sensor.alpstuga_air_quality_monitor_teplota,23.55,2026-10-04T09:03:38.981Z
sensor.alpstuga_air_quality_monitor_teplota,23.56,2026-10-04T09:04:39.031Z
sensor.alpstuga_air_quality_monitor_teplota,23.55,2026-10-04T09:07:09.073Z
sensor.alpstuga_air_quality_monitor_teplota,23.56,2026-10-04T09:08:39.087Z
sensor.alpstuga_air_quality_monitor_teplota,23.55,2026-10-04T09:09:39.079Z
sensor.alpstuga_air_quality_monitor_teplota,23.54,2026-10-04T09:13:39.851Z
sensor.alpstuga_air_quality_monitor_teplota,23.55,2026-10-04T09:16:09.927Z
sensor.alpstuga_air_quality_monitor_teplota,23.54,2026-10-04T09:22:10.503Z
sensor.alpstuga_air_quality_monitor_teplota,23.53,2026-10-04T09:27:10.649Z
sensor.alpstuga_air_quality_monitor_teplota,23.54,2026-10-04T09:27:40.713Z
sensor.alpstuga_air_quality_monitor_teplota,23.53,2026-10-04T09:29:10.814Z
sensor.alpstuga_air_quality_monitor_teplota,23.54,2026-10-04T09:32:10.937Z
sensor.alpstuga_air_quality_monitor_teplota,23.53,2026-10-04T09:32:40.957Z
sensor.alpstuga_air_quality_monitor_teplota,23.54,2026-10-04T09:48:44.876Z
sensor.alpstuga_air_quality_monitor_teplota,23.53,2026-10-04T09:52:46.325Z
sensor.alpstuga_air_quality_monitor_teplota,23.52,2026-10-04T09:55:47.663Z
sensor.alpstuga_air_quality_monitor_teplota,23.53,2026-10-04T09:57:48.311Z
sensor.alpstuga_air_quality_monitor_teplota,23.52,2026-10-04T09:58:18.667Z
sensor.alpstuga_air_quality_monitor_teplota,23.53,2026-10-04T10:00:19.720Z
sensor.alpstuga_air_quality_monitor_teplota,23.54,2026-10-04T10:03:20.743Z
sensor.alpstuga_air_quality_monitor_teplota,23.55,2026-10-04T10:04:20.787Z
sensor.alpstuga_air_quality_monitor_teplota,23.56,2026-10-04T10:10:52.899Z
sensor.alpstuga_air_quality_monitor_teplota,23.55,2026-10-04T10:12:53.015Z
sensor.alpstuga_air_quality_monitor_teplota,23.56,2026-10-04T10:16:54.537Z
sensor.alpstuga_air_quality_monitor_teplota,23.57,2026-10-04T10:20:56.705Z
sensor.alpstuga_air_quality_monitor_teplota,23.58,2026-10-04T10:26:29.445Z
sensor.alpstuga_air_quality_monitor_teplota,23.59,2026-10-04T10:31:00.966Z
sensor.alpstuga_air_quality_monitor_teplota,23.6,2026-10-04T10:33:01.750Z
sensor.alpstuga_air_quality_monitor_teplota,23.61,2026-10-04T10:35:32.529Z
sensor.alpstuga_air_quality_monitor_teplota,23.6,2026-10-04T10:36:02.530Z
sensor.alpstuga_air_quality_monitor_teplota,23.61,2026-10-04T10:37:33.327Z
sensor.alpstuga_air_quality_monitor_teplota,23.62,2026-10-04T10:40:34.828Z
sensor.alpstuga_air_quality_monitor_teplota,23.63,2026-10-04T10:43:36.530Z
sensor.alpstuga_air_quality_monitor_teplota,23.64,2026-10-04T10:46:07.425Z
sensor.alpstuga_air_quality_monitor_teplota,23.63,2026-10-04T10:46:37.481Z
sensor.alpstuga_air_quality_monitor_teplota,23.64,2026-10-04T10:47:07.519Z
sensor.alpstuga_air_quality_monitor_teplota,23.63,2026-10-04T10:47:37.538Z
sensor.alpstuga_air_quality_monitor_teplota,23.64,2026-10-04T10:49:07.628Z
sensor.alpstuga_air_quality_monitor_teplota,23.65,2026-10-04T10:51:37.787Z
sensor.alpstuga_air_quality_monitor_teplota,23.64,2026-10-04T10:53:07.889Z
sensor.alpstuga_air_quality_monitor_teplota,23.65,2026-10-04T10:56:38.111Z
sensor.alpstuga_air_quality_monitor_teplota,23.64,2026-10-04T10:57:38.254Z
sensor.alpstuga_air_quality_monitor_teplota,23.65,2026-10-04T10:58:08.276Z
sensor.alpstuga_air_quality_monitor_teplota,23.66,2026-10-04T11:03:08.525Z
sensor.alpstuga_air_quality_monitor_teplota,23.67,2026-10-04T11:08:38.960Z
sensor.alpstuga_air_quality_monitor_teplota,23.68,2026-10-04T11:10:39.540Z
sensor.alpstuga_air_quality_monitor_teplota,23.69,2026-10-04T11:15:41.297Z
sensor.alpstuga_air_quality_monitor_teplota,23.68,2026-10-04T11:19:12.484Z
sensor.alpstuga_air_quality_monitor_teplota,23.69,2026-10-04T11:19:42.649Z
sensor.alpstuga_air_quality_monitor_teplota,23.68,2026-10-04T11:20:43.069Z
sensor.alpstuga_air_quality_monitor_teplota,23.69,2026-10-04T11:21:13.416Z
sensor.alpstuga_air_quality_monitor_teplota,23.7,2026-10-04T11:25:15.810Z
sensor.alpstuga_air_quality_monitor_teplota,23.71,2026-10-04T11:27:46.552Z
sensor.alpstuga_air_quality_monitor_teplota,23.72,2026-10-04T11:32:46.906Z
sensor.alpstuga_air_quality_monitor_teplota,23.73,2026-10-04T11:37:17.185Z
sensor.alpstuga_air_quality_monitor_teplota,23.72,2026-10-04T11:37:47.233Z
sensor.alpstuga_air_quality_monitor_teplota,23.73,2026-10-04T11:38:17.264Z
sensor.alpstuga_air_quality_monitor_teplota,23.74,2026-10-04T11:40:17.348Z
sensor.alpstuga_air_quality_monitor_teplota,23.75,2026-10-04T11:44:17.684Z
sensor.alpstuga_air_quality_monitor_teplota,23.74,2026-10-04T11:45:17.736Z
sensor.alpstuga_air_quality_monitor_teplota,23.75,2026-10-04T11:46:17.808Z
sensor.alpstuga_air_quality_monitor_teplota,23.76,2026-10-04T11:48:47.937Z
sensor.alpstuga_air_quality_monitor_teplota,23.77,2026-10-04T11:51:18.782Z
sensor.alpstuga_air_quality_monitor_teplota,23.78,2026-10-04T11:51:49.135Z
sensor.alpstuga_air_quality_monitor_teplota,23.79,2026-10-04T11:54:19.363Z
sensor.alpstuga_air_quality_monitor_teplota,23.8,2026-10-04T11:56:20.607Z
sensor.alpstuga_air_quality_monitor_teplota,23.81,2026-10-04T11:57:50.638Z
sensor.alpstuga_air_quality_monitor_teplota,23.82,2026-10-04T11:59:21.290Z
sensor.alpstuga_air_quality_monitor_teplota,23.83,2026-10-04T12:00:51.814Z
sensor.alpstuga_air_quality_monitor_teplota,23.84,2026-10-04T12:04:22.994Z
sensor.alpstuga_air_quality_monitor_teplota,23.85,2026-10-04T12:06:53.479Z
sensor.alpstuga_air_quality_monitor_teplota,23.86,2026-10-04T12:08:24.263Z
sensor.alpstuga_air_quality_monitor_teplota,23.85,2026-10-04T12:08:54.376Z
sensor.alpstuga_air_quality_monitor_teplota,23.86,2026-10-04T12:09:24.510Z
sensor.alpstuga_air_quality_monitor_teplota,23.87,2026-10-04T12:12:56.150Z
sensor.alpstuga_air_quality_monitor_teplota,23.88,2026-10-04T12:14:57.326Z
sensor.alpstuga_air_quality_monitor_teplota,23.89,2026-10-04T12:17:58.906Z
sensor.alpstuga_air_quality_monitor_teplota,23.9,2026-10-04T12:19:59.503Z
sensor.alpstuga_air_quality_monitor_teplota,23.91,2026-10-04T12:22:00.152Z
sensor.alpstuga_air_quality_monitor_teplota,23.92,2026-10-04T12:24:00.992Z
sensor.alpstuga_air_quality_monitor_teplota,23.93,2026-10-04T12:25:31.703Z
sensor.alpstuga_air_quality_monitor_teplota,23.94,2026-10-04T12:27:32.651Z
sensor.alpstuga_air_quality_monitor_teplota,23.95,2026-10-04T12:33:03.791Z
sensor.alpstuga_air_quality_monitor_teplota,23.96,2026-10-04T12:35:34.651Z
sensor.alpstuga_air_quality_monitor_teplota,23.97,2026-10-04T12:39:06.341Z
sensor.alpstuga_air_quality_monitor_teplota,23.98,2026-10-04T12:43:08.556Z
sensor.alpstuga_air_quality_monitor_teplota,23.99,2026-10-04T12:44:08.688Z
sensor.alpstuga_air_quality_monitor_teplota,24.0,2026-10-04T12:45:08.863Z
sensor.alpstuga_air_quality_monitor_teplota,24.01,2026-10-04T12:47:10.102Z
sensor.alpstuga_air_quality_monitor_teplota,24.02,2026-10-04T12:48:10.682Z
sensor.alpstuga_air_quality_monitor_teplota,24.03,2026-10-04T12:48:40.698Z
sensor.alpstuga_air_quality_monitor_teplota,24.04,2026-10-04T12:51:42.216Z
sensor.alpstuga_air_quality_monitor_teplota,24.05,2026-10-04T12:52:42.804Z
sensor.alpstuga_air_quality_monitor_teplota,24.06,2026-10-04T12:53:43.483Z
sensor.alpstuga_air_quality_monitor_teplota,24.07,2026-10-04T12:54:44.146Z
sensor.alpstuga_air_quality_monitor_teplota,24.08,2026-10-04T12:55:14.452Z
sensor.alpstuga_air_quality_monitor_teplota,24.09,2026-10-04T12:56:14.907Z
sensor.alpstuga_air_quality_monitor_teplota,24.1,2026-10-04T12:57:15.080Z
sensor.alpstuga_air_quality_monitor_teplota,24.11,2026-10-04T12:58:15.342Z
sensor.alpstuga_air_quality_monitor_teplota,24.12,2026-10-04T12:58:45.565Z
sensor.alpstuga_air_quality_monitor_teplota,24.13,2026-10-04T12:59:15.571Z
sensor.alpstuga_air_quality_monitor_teplota,24.14,2026-10-04T13:00:16.211Z
sensor.alpstuga_air_quality_monitor_teplota,24.15,2026-10-04T13:00:46.203Z
sensor.alpstuga_air_quality_monitor_teplota,24.16,2026-10-04T13:01:16.404Z
sensor.alpstuga_air_quality_monitor_teplota,24.17,2026-10-04T13:01:46.551Z
sensor.alpstuga_air_quality_monitor_teplota,24.18,2026-10-04T13:02:16.904Z
sensor.alpstuga_air_quality_monitor_teplota,24.19,2026-10-04T13:02:47.238Z
sensor.alpstuga_air_quality_monitor_teplota,24.2,2026-10-04T13:03:17.586Z
sensor.alpstuga_air_quality_monitor_teplota,24.21,2026-10-04T13:03:47.657Z
sensor.alpstuga_air_quality_monitor_teplota,24.22,2026-10-04T13:04:17.686Z
sensor.alpstuga_air_quality_monitor_teplota,24.23,2026-10-04T13:05:48.119Z
sensor.alpstuga_air_quality_monitor_teplota,24.24,2026-10-04T13:07:18.772Z
sensor.alpstuga_air_quality_monitor_teplota,24.25,2026-10-04T13:08:19.152Z
sensor.alpstuga_air_quality_monitor_teplota,24.26,2026-10-04T13:09:49.438Z
sensor.alpstuga_air_quality_monitor_teplota,24.27,2026-10-04T13:10:49.986Z
sensor.alpstuga_air_quality_monitor_teplota,24.28,2026-10-04T13:11:50.448Z
sensor.alpstuga_air_quality_monitor_teplota,24.29,2026-10-04T13:13:51.115Z
sensor.alpstuga_air_quality_monitor_teplota,24.3,2026-10-04T13:14:51.647Z
sensor.alpstuga_air_quality_monitor_teplota,24.31,2026-10-04T13:15:51.772Z
sensor.alpstuga_air_quality_monitor_teplota,24.32,2026-10-04T13:17:22.204Z
sensor.alpstuga_air_quality_monitor_teplota,24.33,2026-10-04T13:18:52.966Z
sensor.alpstuga_air_quality_monitor_teplota,24.34,2026-10-04T13:19:23.336Z
sensor.alpstuga_air_quality_monitor_teplota,24.35,2026-10-04T13:20:53.786Z
sensor.alpstuga_air_quality_monitor_teplota,24.36,2026-10-04T13:21:54.041Z
sensor.alpstuga_air_quality_monitor_teplota,24.37,2026-10-04T13:23:24.526Z
sensor.alpstuga_air_quality_monitor_teplota,24.38,2026-10-04T13:23:54.884Z
sensor.alpstuga_air_quality_monitor_teplota,24.39,2026-10-04T13:25:25.965Z
sensor.alpstuga_air_quality_monitor_teplota,24.4,2026-10-04T13:26:56.788Z
sensor.alpstuga_air_quality_monitor_teplota,24.41,2026-10-04T13:27:56.945Z
sensor.alpstuga_air_quality_monitor_teplota,24.42,2026-10-04T13:29:57.962Z
sensor.alpstuga_air_quality_monitor_teplota,24.43,2026-10-04T13:31:29.044Z
sensor.alpstuga_air_quality_monitor_teplota,24.44,2026-10-04T13:33:29.911Z
sensor.alpstuga_air_quality_monitor_teplota,24.45,2026-10-04T13:35:31.049Z
sensor.alpstuga_air_quality_monitor_teplota,24.46,2026-10-04T13:37:32.116Z
sensor.alpstuga_air_quality_monitor_teplota,24.47,2026-10-04T13:40:02.829Z
sensor.alpstuga_air_quality_monitor_teplota,24.48,2026-10-04T13:42:34.311Z
sensor.alpstuga_air_quality_monitor_teplota,24.49,2026-10-04T13:45:05.972Z
sensor.alpstuga_air_quality_monitor_teplota,24.5,2026-10-04T13:47:06.564Z
sensor.alpstuga_air_quality_monitor_teplota,24.51,2026-10-04T13:49:37.720Z
sensor.alpstuga_air_quality_monitor_teplota,24.52,2026-10-04T13:51:38.163Z
sensor.alpstuga_air_quality_monitor_teplota,24.53,2026-10-04T13:53:39.040Z
sensor.alpstuga_air_quality_monitor_teplota,24.54,2026-10-04T13:55:39.559Z
sensor.alpstuga_air_quality_monitor_teplota,24.55,2026-10-04T13:56:39.840Z
sensor.alpstuga_air_quality_monitor_teplota,24.56,2026-10-04T13:58:10.747Z
sensor.alpstuga_air_quality_monitor_teplota,24.57,2026-10-04T14:00:12.070Z
sensor.alpstuga_air_quality_monitor_teplota,24.58,2026-10-04T14:02:13.025Z
sensor.alpstuga_air_quality_monitor_teplota,24.59,2026-10-04T14:02:43.314Z
sensor.alpstuga_air_quality_monitor_teplota,24.6,2026-10-04T14:04:44.569Z
sensor.alpstuga_air_quality_monitor_teplota,24.61,2026-10-04T14:07:16.301Z
sensor.alpstuga_air_quality_monitor_teplota,24.62,2026-10-04T14:08:16.842Z
sensor.alpstuga_air_quality_monitor_teplota,24.63,2026-10-04T14:09:17.541Z
sensor.alpstuga_air_quality_monitor_teplota,24.64,2026-10-04T14:09:47.904Z
sensor.alpstuga_air_quality_monitor_teplota,24.65,2026-10-04T14:10:18.222Z
sensor.alpstuga_air_quality_monitor_teplota,24.66,2026-10-04T14:10:48.509Z
sensor.alpstuga_air_quality_monitor_teplota,24.67,2026-10-04T14:11:49.198Z
sensor.alpstuga_air_quality_monitor_teplota,24.68,2026-10-04T14:12:49.879Z
sensor.alpstuga_air_quality_monitor_teplota,24.69,2026-10-04T14:14:20.840Z
sensor.alpstuga_air_quality_monitor_teplota,24.7,2026-10-04T14:16:22.279Z
sensor.alpstuga_air_quality_monitor_teplota,24.71,2026-10-04T14:17:52.910Z
sensor.alpstuga_air_quality_monitor_teplota,24.72,2026-10-04T14:18:53.507Z
sensor.alpstuga_air_quality_monitor_teplota,24.73,2026-10-04T14:19:54.105Z
sensor.alpstuga_air_quality_monitor_teplota,24.74,2026-10-04T14:21:24.980Z
sensor.alpstuga_air_quality_monitor_teplota,24.75,2026-10-04T14:22:25.649Z
sensor.alpstuga_air_quality_monitor_teplota,24.76,2026-10-04T14:25:27.493Z
sensor.alpstuga_air_quality_monitor_teplota,24.77,2026-10-04T14:26:58.535Z
sensor.alpstuga_air_quality_monitor_teplota,24.78,2026-10-04T14:27:28.872Z
sensor.alpstuga_air_quality_monitor_teplota,24.79,2026-10-04T14:28:29.292Z
sensor.alpstuga_air_quality_monitor_teplota,24.8,2026-10-04T14:28:59.322Z
sensor.alpstuga_air_quality_monitor_teplota,24.81,2026-10-04T14:32:01.387Z
sensor.alpstuga_air_quality_monitor_teplota,24.82,2026-10-04T14:34:02.857Z
sensor.alpstuga_air_quality_monitor_teplota,24.81,2026-10-04T14:34:33.202Z
sensor.alpstuga_air_quality_monitor_teplota,24.82,2026-10-04T14:35:03.568Z
sensor.alpstuga_air_quality_monitor_teplota,24.83,2026-10-04T14:39:36.644Z
sensor.alpstuga_air_quality_monitor_teplota,24.84,2026-10-04T14:42:08.302Z
sensor.alpstuga_air_quality_monitor_teplota,24.83,2026-10-04T14:43:09.044Z
sensor.alpstuga_air_quality_monitor_teplota,24.84,2026-10-04T14:43:39.385Z
sensor.alpstuga_air_quality_monitor_teplota,24.83,2026-10-04T14:48:12.302Z
sensor.alpstuga_air_quality_monitor_teplota,24.82,2026-10-04T14:49:12.957Z
sensor.alpstuga_air_quality_monitor_teplota,24.81,2026-10-04T14:52:14.960Z
sensor.alpstuga_air_quality_monitor_teplota,24.8,2026-10-04T14:57:18.317Z
sensor.alpstuga_air_quality_monitor_teplota,24.79,2026-10-04T14:58:49.323Z
sensor.alpstuga_air_quality_monitor_teplota,24.78,2026-10-04T14:59:49.971Z
sensor.alpstuga_air_quality_monitor_teplota,24.77,2026-10-04T15:00:50.686Z
sensor.alpstuga_air_quality_monitor_teplota,24.76,2026-10-04T15:01:51.380Z
sensor.alpstuga_air_quality_monitor_teplota,24.75,2026-10-04T15:02:21.704Z
sensor.alpstuga_air_quality_monitor_teplota,24.74,2026-10-04T15:05:54.174Z
sensor.alpstuga_air_quality_monitor_teplota,24.73,2026-10-04T15:08:25.984Z
sensor.alpstuga_air_quality_monitor_teplota,24.72,2026-10-04T15:09:57.126Z
sensor.alpstuga_air_quality_monitor_teplota,24.71,2026-10-04T15:11:28.316Z
sensor.alpstuga_air_quality_monitor_teplota,24.7,2026-10-04T15:12:28.980Z
sensor.alpstuga_air_quality_monitor_teplota,24.69,2026-10-04T15:12:59.293Z
sensor.alpstuga_air_quality_monitor_teplota,24.68,2026-10-04T15:13:59.942Z
sensor.alpstuga_air_quality_monitor_teplota,24.67,2026-10-04T15:15:00.580Z
sensor.alpstuga_air_quality_monitor_teplota,24.66,2026-10-04T15:15:30.896Z
sensor.alpstuga_air_quality_monitor_teplota,24.65,2026-10-04T15:16:01.243Z
sensor.alpstuga_air_quality_monitor_teplota,24.64,2026-10-04T15:17:01.944Z
sensor.alpstuga_air_quality_monitor_teplota,24.63,2026-10-04T15:17:32.312Z
sensor.alpstuga_air_quality_monitor_teplota,24.62,2026-10-04T15:18:33.004Z
sensor.alpstuga_air_quality_monitor_teplota,24.61,2026-10-04T15:20:04.038Z
sensor.alpstuga_air_quality_monitor_teplota,24.6,2026-10-04T15:22:05.584Z
sensor.alpstuga_air_quality_monitor_teplota,24.59,2026-10-04T15:22:35.933Z
sensor.alpstuga_air_quality_monitor_teplota,24.6,2026-10-04T15:28:39.982Z
sensor.alpstuga_air_quality_monitor_teplota,24.59,2026-10-04T15:29:40.601Z
sensor.alpstuga_air_quality_monitor_teplota,24.6,2026-10-04T15:31:11.522Z
sensor.alpstuga_air_quality_monitor_teplota,24.59,2026-10-04T15:33:43.293Z
sensor.alpstuga_air_quality_monitor_teplota,24.6,2026-10-04T15:34:13.760Z
sensor.alpstuga_air_quality_monitor_teplota,24.59,2026-10-04T15:35:14.382Z
sensor.alpstuga_air_quality_monitor_teplota,24.6,2026-10-04T15:36:45.362Z
sensor.alpstuga_air_quality_monitor_teplota,24.59,2026-10-04T15:37:15.712Z
sensor.alpstuga_air_quality_monitor_teplota,24.6,2026-10-04T15:37:46.015Z
sensor.alpstuga_air_quality_monitor_teplota,24.59,2026-10-04T15:38:16.337Z
sensor.alpstuga_air_quality_monitor_teplota,24.6,2026-10-04T15:40:17.737Z
sensor.alpstuga_air_quality_monitor_teplota,24.59,2026-10-04T15:41:18.360Z
sensor.alpstuga_air_quality_monitor_teplota,24.58,2026-10-04T15:43:50.083Z
sensor.alpstuga_air_quality_monitor_teplota,24.57,2026-10-04T15:46:52.137Z
sensor.alpstuga_air_quality_monitor_teplota,24.58,2026-10-04T15:48:23.142Z
sensor.alpstuga_air_quality_monitor_teplota,24.57,2026-10-04T15:48:53.503Z
sensor.alpstuga_air_quality_monitor_teplota,24.56,2026-10-04T15:52:25.955Z
sensor.alpstuga_air_quality_monitor_teplota,24.57,2026-10-04T15:53:26.696Z
sensor.alpstuga_air_quality_monitor_teplota,24.56,2026-10-04T15:53:57.026Z
sensor.alpstuga_air_quality_monitor_teplota,24.55,2026-10-04T15:55:58.280Z
sensor.alpstuga_air_quality_monitor_teplota,24.54,2026-10-04T15:56:58.971Z
sensor.alpstuga_air_quality_monitor_teplota,24.53,2026-10-04T15:59:00.326Z
sensor.alpstuga_air_quality_monitor_teplota,24.52,2026-10-04T16:01:31.984Z
sensor.alpstuga_air_quality_monitor_teplota,24.51,2026-10-04T16:02:32.634Z
sensor.alpstuga_air_quality_monitor_teplota,24.5,2026-10-04T16:03:02.973Z
sensor.alpstuga_air_quality_monitor_teplota,24.51,2026-10-04T16:04:34.027Z
sensor.alpstuga_air_quality_monitor_teplota,24.5,2026-10-04T16:05:04.378Z
sensor.alpstuga_air_quality_monitor_teplota,24.51,2026-10-04T16:06:35.497Z
sensor.alpstuga_air_quality_monitor_teplota,24.52,2026-10-04T16:07:05.822Z
sensor.alpstuga_air_quality_monitor_teplota,24.51,2026-10-04T16:08:36.807Z
sensor.alpstuga_air_quality_monitor_teplota,24.5,2026-10-04T16:09:37.478Z
sensor.alpstuga_air_quality_monitor_teplota,24.49,2026-10-04T16:10:38.183Z
sensor.alpstuga_air_quality_monitor_teplota,24.48,2026-10-04T16:11:38.913Z
sensor.alpstuga_air_quality_monitor_teplota,24.47,2026-10-04T16:12:39.592Z
sensor.alpstuga_air_quality_monitor_teplota,24.46,2026-10-04T16:13:09.933Z
sensor.alpstuga_air_quality_monitor_teplota,24.45,2026-10-04T16:13:40.275Z
sensor.alpstuga_air_quality_monitor_teplota,24.44,2026-10-04T16:14:40.949Z
sensor.alpstuga_air_quality_monitor_teplota,24.43,2026-10-04T16:15:41.617Z
sensor.alpstuga_air_quality_monitor_teplota,24.42,2026-10-04T16:16:11.985Z
sensor.alpstuga_air_quality_monitor_teplota,24.41,2026-10-04T16:16:42.263Z
sensor.alpstuga_air_quality_monitor_teplota,24.4,2026-10-04T16:17:12.564Z
sensor.alpstuga_air_quality_monitor_teplota,24.41,2026-10-04T16:17:42.861Z
sensor.alpstuga_air_quality_monitor_teplota,24.4,2026-10-04T16:18:13.156Z
sensor.alpstuga_air_quality_monitor_teplota,24.39,2026-10-04T16:19:13.726Z
sensor.alpstuga_air_quality_monitor_teplota,24.38,2026-10-04T16:20:44.727Z
sensor.alpstuga_air_quality_monitor_teplota,24.37,2026-10-04T16:22:15.860Z
sensor.alpstuga_air_quality_monitor_teplota,24.36,2026-10-04T16:22:46.194Z
sensor.alpstuga_air_quality_monitor_teplota,24.35,2026-10-04T16:23:46.888Z
sensor.alpstuga_air_quality_monitor_teplota,24.34,2026-10-04T16:24:47.617Z
sensor.alpstuga_air_quality_monitor_teplota,24.33,2026-10-04T16:25:48.440Z
sensor.alpstuga_air_quality_monitor_teplota,24.32,2026-10-04T16:26:49.318Z
sensor.alpstuga_air_quality_monitor_teplota,24.31,2026-10-04T16:27:19.654Z
sensor.alpstuga_air_quality_monitor_teplota,24.3,2026-10-04T16:28:20.314Z
sensor.alpstuga_air_quality_monitor_teplota,24.29,2026-10-04T16:28:50.618Z
sensor.alpstuga_air_quality_monitor_teplota,24.28,2026-10-04T16:29:51.282Z
sensor.alpstuga_air_quality_monitor_teplota,24.27,2026-10-04T16:32:53.699Z
sensor.alpstuga_air_quality_monitor_teplota,24.26,2026-10-04T16:33:24.361Z
sensor.alpstuga_air_quality_monitor_teplota,24.25,2026-10-04T16:33:54.644Z
sensor.alpstuga_air_quality_monitor_teplota,24.24,2026-10-04T16:34:25.002Z
sensor.alpstuga_air_quality_monitor_teplota,24.25,2026-10-04T16:40:59.514Z
sensor.alpstuga_air_quality_monitor_teplota,24.26,2026-10-04T16:42:00.162Z
sensor.alpstuga_air_quality_monitor_teplota,24.27,2026-10-04T16:43:31.225Z
sensor.alpstuga_air_quality_monitor_teplota,24.29,2026-10-04T16:45:02.079Z
sensor.alpstuga_air_quality_monitor_teplota,24.3,2026-10-04T16:46:02.814Z
sensor.alpstuga_air_quality_monitor_teplota,24.29,2026-10-04T16:46:33.216Z
sensor.alpstuga_air_quality_monitor_teplota,24.3,2026-10-04T16:47:03.602Z
sensor.alpstuga_air_quality_monitor_teplota,24.31,2026-10-04T16:48:04.282Z
sensor.alpstuga_air_quality_monitor_teplota,24.32,2026-10-04T16:49:35.246Z
sensor.alpstuga_air_quality_monitor_teplota,24.31,2026-10-04T16:50:35.855Z
sensor.alpstuga_air_quality_monitor_teplota,24.32,2026-10-04T16:52:37.214Z
sensor.alpstuga_air_quality_monitor_teplota,24.33,2026-10-04T16:53:37.893Z
sensor.alpstuga_air_quality_monitor_teplota,24.32,2026-10-04T16:54:08.265Z
sensor.alpstuga_air_quality_monitor_teplota,24.33,2026-10-04T16:54:38.831Z
sensor.alpstuga_air_quality_monitor_teplota,24.34,2026-10-04T16:56:09.783Z
sensor.alpstuga_air_quality_monitor_teplota,24.35,2026-10-04T16:58:11.193Z
sensor.alpstuga_air_quality_monitor_teplota,24.34,2026-10-04T16:58:41.539Z
sensor.alpstuga_air_quality_monitor_teplota,24.35,2026-10-04T17:01:43.482Z
sensor.alpstuga_air_quality_monitor_teplota,24.36,2026-10-04T17:08:48.233Z
sensor.alpstuga_air_quality_monitor_teplota,24.37,2026-10-04T17:11:19.924Z
sensor.alpstuga_air_quality_monitor_teplota,24.38,2026-10-04T17:13:21.301Z
sensor.alpstuga_air_quality_monitor_teplota,24.39,2026-10-04T17:13:51.625Z
sensor.alpstuga_air_quality_monitor_teplota,24.4,2026-10-04T17:14:52.294Z
sensor.alpstuga_air_quality_monitor_teplota,24.41,2026-10-04T17:16:23.381Z
sensor.alpstuga_air_quality_monitor_teplota,24.42,2026-10-04T17:18:55.094Z
sensor.alpstuga_air_quality_monitor_teplota,24.43,2026-10-04T17:19:56.326Z
sensor.alpstuga_air_quality_monitor_teplota,24.44,2026-10-04T17:21:28.316Z
sensor.alpstuga_air_quality_monitor_teplota,24.45,2026-10-04T17:21:58.955Z
sensor.alpstuga_air_quality_monitor_teplota,24.46,2026-10-04T17:23:29.990Z
sensor.alpstuga_air_quality_monitor_teplota,24.47,2026-10-04T17:24:30.640Z
sensor.alpstuga_air_quality_monitor_teplota,24.48,2026-10-04T17:25:00.992Z
sensor.alpstuga_air_quality_monitor_teplota,24.47,2026-10-04T17:28:33.352Z
sensor.alpstuga_air_quality_monitor_teplota,24.48,2026-10-04T17:33:07.352Z
sensor.alpstuga_air_quality_monitor_teplota,24.47,2026-10-04T17:34:08.619Z
sensor.alpstuga_air_quality_monitor_teplota,24.46,2026-10-04T17:35:09.599Z
sensor.alpstuga_air_quality_monitor_teplota,24.45,2026-10-04T17:35:39.963Z
sensor.alpstuga_air_quality_monitor_teplota,24.44,2026-10-04T17:36:40.680Z
sensor.alpstuga_air_quality_monitor_teplota,24.43,2026-10-04T17:38:41.984Z
sensor.alpstuga_air_quality_monitor_teplota,24.41,2026-10-04T17:41:13.567Z
sensor.alpstuga_air_quality_monitor_teplota,24.4,2026-10-04T17:42:14.217Z
sensor.alpstuga_air_quality_monitor_teplota,24.39,2026-10-04T17:43:45.201Z
sensor.alpstuga_air_quality_monitor_teplota,24.38,2026-10-04T17:45:46.602Z
sensor.alpstuga_air_quality_monitor_teplota,24.39,2026-10-04T17:46:16.915Z
sensor.alpstuga_air_quality_monitor_teplota,24.38,2026-10-04T17:50:49.919Z
sensor.alpstuga_air_quality_monitor_teplota,24.37,2026-10-04T17:52:51.242Z
sensor.alpstuga_air_quality_monitor_teplota,24.38,2026-10-04T17:56:23.613Z
sensor.alpstuga_air_quality_monitor_teplota,24.39,2026-10-04T17:58:55.267Z
sensor.alpstuga_air_quality_monitor_teplota,24.4,2026-10-04T18:00:56.664Z
sensor.alpstuga_air_quality_monitor_teplota,24.41,2026-10-04T18:01:27.003Z
sensor.alpstuga_air_quality_monitor_teplota,24.4,2026-10-04T18:02:57.927Z
sensor.alpstuga_air_quality_monitor_teplota,24.41,2026-10-04T18:03:28.581Z
sensor.alpstuga_air_quality_monitor_teplota,24.4,2026-10-04T18:03:59.087Z
sensor.alpstuga_air_quality_monitor_teplota,24.41,2026-10-04T18:16:07.834Z
sensor.alpstuga_air_quality_monitor_teplota,24.42,2026-10-04T18:17:08.465Z
sensor.alpstuga_air_quality_monitor_teplota,24.43,2026-10-04T18:17:38.772Z
sensor.alpstuga_air_quality_monitor_teplota,24.44,2026-10-04T18:22:11.748Z
sensor.alpstuga_air_quality_monitor_teplota,24.45,2026-10-04T18:23:42.839Z
sensor.alpstuga_air_quality_monitor_teplota,24.46,2026-10-04T18:24:13.160Z
sensor.alpstuga_air_quality_monitor_teplota,24.47,2026-10-04T18:24:43.458Z
sensor.alpstuga_air_quality_monitor_teplota,24.48,2026-10-04T18:26:44.891Z
sensor.alpstuga_air_quality_monitor_teplota,24.49,2026-10-04T18:27:45.539Z
sensor.alpstuga_air_quality_monitor_teplota,24.5,2026-10-04T18:28:46.204Z
sensor.alpstuga_air_quality_monitor_teplota,24.51,2026-10-04T18:29:16.523Z
sensor.alpstuga_air_quality_monitor_teplota,24.52,2026-10-04T18:29:46.845Z
sensor.alpstuga_air_quality_monitor_teplota,24.53,2026-10-04T18:30:17.177Z
sensor.alpstuga_air_quality_monitor_teplota,24.55,2026-10-04T18:30:47.506Z
sensor.alpstuga_air_quality_monitor_teplota,24.56,2026-10-04T18:31:17.825Z
sensor.alpstuga_air_quality_monitor_teplota,24.57,2026-10-04T18:32:18.476Z
sensor.alpstuga_air_quality_monitor_teplota,24.58,2026-10-04T18:32:48.835Z
sensor.alpstuga_air_quality_monitor_teplota,24.6,2026-10-04T18:33:19.187Z
sensor.alpstuga_air_quality_monitor_teplota,24.62,2026-10-04T18:34:19.842Z
sensor.alpstuga_air_quality_monitor_teplota,24.63,2026-10-04T18:34:50.152Z
sensor.alpstuga_air_quality_monitor_teplota,24.65,2026-10-04T18:35:20.460Z
sensor.alpstuga_air_quality_monitor_teplota,24.66,2026-10-04T18:35:50.790Z
sensor.alpstuga_air_quality_monitor_teplota,24.68,2026-10-04T18:36:21.084Z
sensor.alpstuga_air_quality_monitor_teplota,24.7,2026-10-04T18:36:51.393Z
sensor.alpstuga_air_quality_monitor_teplota,24.71,2026-10-04T18:37:21.689Z
sensor.alpstuga_air_quality_monitor_teplota,24.72,2026-10-04T18:37:51.952Z
sensor.alpstuga_air_quality_monitor_teplota,24.73,2026-10-04T18:38:52.674Z
sensor.alpstuga_air_quality_monitor_teplota,24.74,2026-10-04T18:44:26.487Z
sensor.alpstuga_air_quality_monitor_teplota,24.73,2026-10-04T18:50:30.496Z
sensor.alpstuga_air_quality_monitor_teplota,24.72,2026-10-04T18:52:31.745Z
sensor.alpstuga_air_quality_monitor_teplota,24.71,2026-10-04T18:55:33.651Z
sensor.alpstuga_air_quality_monitor_teplota,24.7,2026-10-04T18:57:35.069Z
sensor.alpstuga_air_quality_monitor_teplota,24.71,2026-10-04T18:58:05.403Z
sensor.alpstuga_air_quality_monitor_teplota,24.72,2026-10-04T18:59:36.359Z
sensor.alpstuga_air_quality_monitor_teplota,24.73,2026-10-04T19:00:36.993Z
sensor.alpstuga_air_quality_monitor_teplota,24.72,2026-10-04T19:03:39.110Z
sensor.alpstuga_air_quality_monitor_teplota,24.7,2026-10-04T19:08:12.166Z
sensor.alpstuga_air_quality_monitor_teplota,24.69,2026-10-04T19:09:12.933Z
sensor.alpstuga_air_quality_monitor_teplota,24.68,2026-10-04T19:11:14.254Z
sensor.alpstuga_air_quality_monitor_teplota,24.65,2026-10-04T19:11:44.581Z
sensor.alpstuga_air_quality_monitor_teplota,24.63,2026-10-04T19:12:14.914Z
sensor.alpstuga_air_quality_monitor_teplota,24.6,2026-10-04T19:12:45.247Z
sensor.alpstuga_air_quality_monitor_teplota,24.57,2026-10-04T19:13:15.567Z
sensor.alpstuga_air_quality_monitor_teplota,24.54,2026-10-04T19:13:45.922Z
sensor.alpstuga_air_quality_monitor_teplota,24.5,2026-10-04T19:14:16.281Z
sensor.alpstuga_air_quality_monitor_teplota,24.44,2026-10-04T19:14:46.617Z
sensor.alpstuga_air_quality_monitor_teplota,24.32,2026-10-04T19:15:16.962Z
sensor.alpstuga_air_quality_monitor_teplota,24.11,2026-10-04T19:15:47.308Z
sensor.alpstuga_air_quality_monitor_teplota,23.88,2026-10-04T19:16:17.668Z
sensor.alpstuga_air_quality_monitor_teplota,23.7,2026-10-04T19:16:48.009Z
sensor.alpstuga_air_quality_monitor_teplota,23.57,2026-10-04T19:17:18.371Z
sensor.alpstuga_air_quality_monitor_teplota,23.44,2026-10-04T19:17:48.725Z
sensor.alpstuga_air_quality_monitor_teplota,23.29,2026-10-04T19:18:19.060Z
sensor.alpstuga_air_quality_monitor_teplota,23.17,2026-10-04T19:18:49.418Z
sensor.alpstuga_air_quality_monitor_teplota,23.05,2026-10-04T19:19:19.767Z
sensor.alpstuga_air_quality_monitor_teplota,22.89,2026-10-04T19:19:50.097Z
sensor.alpstuga_air_quality_monitor_teplota,22.78,2026-10-04T19:20:20.449Z
sensor.alpstuga_air_quality_monitor_teplota,22.77,2026-10-04T19:20:50.816Z
sensor.alpstuga_air_quality_monitor_teplota,22.78,2026-10-04T19:21:21.159Z
sensor.alpstuga_air_quality_monitor_teplota,22.79,2026-10-04T19:21:51.517Z
sensor.alpstuga_air_quality_monitor_teplota,22.81,2026-10-04T19:22:21.874Z
sensor.alpstuga_air_quality_monitor_teplota,22.82,2026-10-04T19:22:52.235Z
sensor.alpstuga_air_quality_monitor_teplota,22.84,2026-10-04T19:23:22.579Z
sensor.alpstuga_air_quality_monitor_teplota,22.86,2026-10-04T19:24:23.242Z
sensor.alpstuga_air_quality_monitor_teplota,22.87,2026-10-04T19:24:53.555Z
sensor.alpstuga_air_quality_monitor_teplota,22.88,2026-10-04T19:25:23.859Z
sensor.alpstuga_air_quality_monitor_teplota,22.9,2026-10-04T19:25:54.149Z
sensor.alpstuga_air_quality_monitor_teplota,22.92,2026-10-04T19:26:24.507Z
sensor.alpstuga_air_quality_monitor_teplota,22.94,2026-10-04T19:26:54.830Z
sensor.alpstuga_air_quality_monitor_teplota,22.97,2026-10-04T19:27:25.161Z
sensor.alpstuga_air_quality_monitor_teplota,23.0,2026-10-04T19:27:55.488Z
sensor.alpstuga_air_quality_monitor_teplota,23.03,2026-10-04T19:28:25.835Z
sensor.alpstuga_air_quality_monitor_teplota,23.07,2026-10-04T19:28:56.268Z
sensor.alpstuga_air_quality_monitor_teplota,23.1,2026-10-04T19:29:26.627Z
sensor.alpstuga_air_quality_monitor_teplota,23.14,2026-10-04T19:29:56.955Z
sensor.alpstuga_air_quality_monitor_teplota,23.16,2026-10-04T19:30:27.238Z
sensor.alpstuga_air_quality_monitor_teplota,23.19,2026-10-04T19:30:57.557Z
sensor.alpstuga_air_quality_monitor_teplota,23.21,2026-10-04T19:31:27.873Z
sensor.alpstuga_air_quality_monitor_teplota,23.24,2026-10-04T19:31:58.185Z
sensor.alpstuga_air_quality_monitor_teplota,23.26,2026-10-04T19:32:28.501Z
sensor.alpstuga_air_quality_monitor_teplota,23.29,2026-10-04T19:32:58.820Z
sensor.alpstuga_air_quality_monitor_teplota,23.31,2026-10-04T19:33:29.206Z
sensor.alpstuga_air_quality_monitor_teplota,23.33,2026-10-04T19:33:59.498Z
sensor.alpstuga_air_quality_monitor_teplota,23.35,2026-10-04T19:34:29.798Z
sensor.alpstuga_air_quality_monitor_teplota,23.37,2026-10-04T19:35:00.147Z
sensor.alpstuga_air_quality_monitor_teplota,23.39,2026-10-04T19:35:30.835Z
sensor.alpstuga_air_quality_monitor_teplota,23.41,2026-10-04T19:36:01.517Z
sensor.alpstuga_air_quality_monitor_teplota,23.43,2026-10-04T19:36:32.195Z
sensor.alpstuga_air_quality_monitor_teplota,23.45,2026-10-04T19:37:02.856Z
sensor.alpstuga_air_quality_monitor_teplota,23.47,2026-10-04T19:37:33.516Z
sensor.alpstuga_air_quality_monitor_teplota,23.49,2026-10-04T19:38:04.166Z
sensor.alpstuga_air_quality_monitor_teplota,23.5,2026-10-04T19:38:34.820Z
sensor.alpstuga_air_quality_monitor_teplota,23.52,2026-10-04T19:39:05.380Z
sensor.alpstuga_air_quality_monitor_teplota,23.53,2026-10-04T19:39:35.720Z
sensor.alpstuga_air_quality_monitor_teplota,23.55,2026-10-04T19:40:06.055Z
sensor.alpstuga_air_quality_monitor_teplota,23.56,2026-10-04T19:40:36.382Z
sensor.alpstuga_air_quality_monitor_teplota,23.58,2026-10-04T19:41:06.695Z
sensor.alpstuga_air_quality_monitor_teplota,23.59,2026-10-04T19:41:37.010Z
sensor.alpstuga_air_quality_monitor_teplota,23.6,2026-10-04T19:42:07.303Z
sensor.alpstuga_air_quality_monitor_teplota,23.62,2026-10-04T19:42:37.594Z
sensor.alpstuga_air_quality_monitor_teplota,23.63,2026-10-04T19:43:07.904Z
sensor.alpstuga_air_quality_monitor_teplota,23.65,2026-10-04T19:43:38.240Z
sensor.alpstuga_air_quality_monitor_teplota,23.67,2026-10-04T19:44:08.604Z
sensor.alpstuga_air_quality_monitor_teplota,23.68,2026-10-04T19:44:38.934Z
sensor.alpstuga_air_quality_monitor_teplota,23.7,2026-10-04T19:45:09.278Z
sensor.alpstuga_air_quality_monitor_teplota,23.71,2026-10-04T19:45:39.633Z
sensor.alpstuga_air_quality_monitor_teplota,23.73,2026-10-04T19:46:09.974Z
sensor.alpstuga_air_quality_monitor_teplota,23.74,2026-10-04T19:46:40.348Z
sensor.alpstuga_air_quality_monitor_teplota,23.76,2026-10-04T19:47:10.700Z
sensor.alpstuga_air_quality_monitor_teplota,23.77,2026-10-04T19:47:41.064Z
sensor.alpstuga_air_quality_monitor_teplota,23.78,2026-10-04T19:48:11.410Z
sensor.alpstuga_air_quality_monitor_teplota,23.79,2026-10-04T19:48:41.785Z
sensor.alpstuga_air_quality_monitor_teplota,23.81,2026-10-04T19:49:12.151Z
sensor.alpstuga_air_quality_monitor_teplota,23.82,2026-10-04T19:49:42.518Z
sensor.alpstuga_air_quality_monitor_teplota,23.83,2026-10-04T19:50:12.918Z
sensor.alpstuga_air_quality_monitor_teplota,23.84,2026-10-04T19:50:43.273Z
sensor.alpstuga_air_quality_monitor_teplota,23.85,2026-10-04T19:51:13.615Z
sensor.alpstuga_air_quality_monitor_teplota,23.86,2026-10-04T19:51:43.961Z
sensor.alpstuga_air_quality_monitor_teplota,23.88,2026-10-04T19:52:14.309Z
sensor.alpstuga_air_quality_monitor_teplota,23.89,2026-10-04T19:52:44.663Z
sensor.alpstuga_air_quality_monitor_teplota,23.9,2026-10-04T19:53:15.036Z
sensor.alpstuga_air_quality_monitor_teplota,23.92,2026-10-04T19:54:15.701Z
sensor.alpstuga_air_quality_monitor_teplota,23.93,2026-10-04T19:55:16.341Z
sensor.alpstuga_air_quality_monitor_teplota,23.94,2026-10-04T19:55:46.645Z
sensor.alpstuga_air_quality_monitor_teplota,23.95,2026-10-04T19:56:16.958Z
sensor.alpstuga_air_quality_monitor_teplota,23.96,2026-10-04T19:56:47.278Z
sensor.alpstuga_air_quality_monitor_teplota,23.97,2026-10-04T19:57:17.604Z
sensor.alpstuga_air_quality_monitor_teplota,23.98,2026-10-04T19:57:47.945Z
sensor.alpstuga_air_quality_monitor_teplota,23.99,2026-10-04T19:58:48.646Z
sensor.alpstuga_air_quality_monitor_teplota,24.0,2026-10-04T19:59:18.984Z
sensor.alpstuga_air_quality_monitor_teplota,24.01,2026-10-04T19:59:49.321Z
sensor.alpstuga_air_quality_monitor_teplota,24.02,2026-10-04T20:00:19.660Z
sensor.alpstuga_air_quality_monitor_teplota,24.03,2026-10-04T20:00:49.993Z
sensor.alpstuga_air_quality_monitor_teplota,24.04,2026-10-04T20:01:50.703Z
sensor.alpstuga_air_quality_monitor_teplota,24.05,2026-10-04T20:02:21.073Z
sensor.alpstuga_air_quality_monitor_teplota,24.06,2026-10-04T20:02:51.376Z
sensor.alpstuga_air_quality_monitor_teplota,24.07,2026-10-04T20:03:52.086Z
sensor.alpstuga_air_quality_monitor_teplota,24.08,2026-10-04T20:04:22.465Z
sensor.alpstuga_air_quality_monitor_teplota,24.09,2026-10-04T20:04:52.811Z
sensor.alpstuga_air_quality_monitor_teplota,24.1,2026-10-04T20:05:23.386Z
sensor.alpstuga_air_quality_monitor_teplota,24.11,2026-10-04T20:05:54.041Z
sensor.alpstuga_air_quality_monitor_teplota,24.12,2026-10-04T20:06:24.682Z
sensor.alpstuga_air_quality_monitor_teplota,24.13,2026-10-04T20:06:55.344Z
sensor.alpstuga_air_quality_monitor_teplota,24.14,2026-10-04T20:07:56.657Z
sensor.alpstuga_air_quality_monitor_teplota,24.15,2026-10-04T20:08:27.300Z
sensor.alpstuga_air_quality_monitor_teplota,24.16,2026-10-04T20:08:57.952Z
sensor.alpstuga_air_quality_monitor_teplota,24.17,2026-10-04T20:09:28.584Z
sensor.alpstuga_air_quality_monitor_teplota,24.18,2026-10-04T20:09:59.212Z
sensor.alpstuga_air_quality_monitor_teplota,24.19,2026-10-04T20:11:00.473Z
sensor.alpstuga_air_quality_monitor_teplota,24.2,2026-10-04T20:12:01.844Z
sensor.alpstuga_air_quality_monitor_teplota,24.21,2026-10-04T20:13:03.130Z
sensor.alpstuga_air_quality_monitor_teplota,24.22,2026-10-04T20:14:04.426Z
sensor.alpstuga_air_quality_monitor_teplota,24.23,2026-10-04T20:15:05.679Z
sensor.alpstuga_air_quality_monitor_teplota,24.24,2026-10-04T20:15:36.357Z
sensor.alpstuga_air_quality_monitor_teplota,24.25,2026-10-04T20:16:37.678Z
sensor.alpstuga_air_quality_monitor_teplota,24.26,2026-10-04T20:18:09.608Z
sensor.alpstuga_air_quality_monitor_teplota,24.27,2026-10-04T20:19:10.858Z
sensor.alpstuga_air_quality_monitor_teplota,24.28,2026-10-04T20:20:11.993Z
sensor.alpstuga_air_quality_monitor_teplota,24.29,2026-10-04T20:20:42.309Z
sensor.alpstuga_air_quality_monitor_teplota,24.3,2026-10-04T20:22:13.364Z
sensor.alpstuga_air_quality_monitor_teplota,24.31,2026-10-04T20:23:14.048Z
sensor.alpstuga_air_quality_monitor_teplota,24.32,2026-10-04T20:24:14.697Z
sensor.alpstuga_air_quality_monitor_teplota,24.33,2026-10-04T20:25:15.336Z
sensor.alpstuga_air_quality_monitor_teplota,24.34,2026-10-04T20:26:16.001Z
sensor.alpstuga_air_quality_monitor_teplota,24.35,2026-10-04T20:27:46.966Z
sensor.alpstuga_air_quality_monitor_teplota,24.36,2026-10-04T20:28:47.674Z
sensor.alpstuga_air_quality_monitor_teplota,24.37,2026-10-04T20:30:18.743Z
sensor.alpstuga_air_quality_monitor_teplota,24.38,2026-10-04T20:31:19.450Z
sensor.alpstuga_air_quality_monitor_teplota,24.39,2026-10-04T20:32:20.161Z
sensor.alpstuga_air_quality_monitor_teplota,24.4,2026-10-04T20:33:51.235Z
sensor.alpstuga_air_quality_monitor_teplota,24.41,2026-10-04T20:34:51.921Z
sensor.alpstuga_air_quality_monitor_teplota,24.42,2026-10-04T20:36:22.962Z
sensor.alpstuga_air_quality_monitor_teplota,24.43,2026-10-04T20:37:23.600Z
sensor.alpstuga_air_quality_monitor_teplota,24.44,2026-10-04T20:38:54.565Z
sensor.alpstuga_air_quality_monitor_teplota,24.45,2026-10-04T20:40:55.886Z
sensor.alpstuga_air_quality_monitor_teplota,24.46,2026-10-04T20:41:56.586Z
sensor.alpstuga_air_quality_monitor_teplota,24.47,2026-10-04T20:43:27.594Z
sensor.alpstuga_air_quality_monitor_teplota,24.48,2026-10-04T20:44:28.330Z
sensor.alpstuga_air_quality_monitor_teplota,24.49,2026-10-04T20:45:59.346Z
sensor.alpstuga_air_quality_monitor_teplota,24.5,2026-10-04T20:48:00.620Z
sensor.alpstuga_air_quality_monitor_teplota,24.51,2026-10-04T20:49:01.208Z
sensor.alpstuga_air_quality_monitor_teplota,24.52,2026-10-04T20:51:32.861Z
sensor.alpstuga_air_quality_monitor_teplota,24.53,2026-10-04T20:52:33.483Z
sensor.alpstuga_air_quality_monitor_teplota,24.54,2026-10-04T20:55:35.469Z
sensor.alpstuga_air_quality_monitor_teplota,24.53,2026-10-04T20:56:36.121Z
sensor.alpstuga_air_quality_monitor_teplota,24.54,2026-10-04T21:02:09.909Z
sensor.alpstuga_air_quality_monitor_teplota,24.53,2026-10-04T21:04:11.200Z
sensor.alpstuga_air_quality_monitor_teplota,24.54,2026-10-04T21:06:42.857Z
sensor.alpstuga_air_quality_monitor_teplota,24.53,2026-10-04T21:07:13.231Z
sensor.alpstuga_air_quality_monitor_teplota,24.54,2026-10-04T21:07:43.605Z
sensor.alpstuga_air_quality_monitor_teplota,24.53,2026-10-04T21:08:13.953Z
sensor.alpstuga_air_quality_monitor_teplota,24.52,2026-10-04T21:10:45.684Z
sensor.alpstuga_air_quality_monitor_teplota,24.51,2026-10-04T21:12:47.124Z
sensor.alpstuga_air_quality_monitor_teplota,24.5,2026-10-04T21:13:47.679Z
sensor.alpstuga_air_quality_monitor_teplota,24.49,2026-10-04T21:15:18.686Z
sensor.alpstuga_air_quality_monitor_teplota,24.48,2026-10-04T21:20:21.959Z
sensor.alpstuga_air_quality_monitor_teplota,24.49,2026-10-04T21:21:52.876Z
sensor.alpstuga_air_quality_monitor_teplota,24.48,2026-10-04T21:22:23.189Z
sensor.alpstuga_air_quality_monitor_teplota,24.47,2026-10-04T21:26:56.060Z
sensor.alpstuga_air_quality_monitor_teplota,24.48,2026-10-04T21:38:33.790Z
sensor.alpstuga_air_quality_monitor_teplota,24.49,2026-10-04T21:39:34.465Z
sensor.alpstuga_air_quality_monitor_teplota,24.48,2026-10-04T21:40:04.858Z
sensor.alpstuga_air_quality_monitor_teplota,24.47,2026-10-04T21:44:37.966Z
sensor.alpstuga_air_quality_monitor_teplota,24.46,2026-10-04T21:46:39.332Z
sensor.alpstuga_air_quality_monitor_teplota,24.45,2026-10-04T21:48:40.762Z
sensor.alpstuga_air_quality_monitor_teplota,24.44,2026-10-04T21:49:41.481Z
sensor.alpstuga_air_quality_monitor_teplota,24.43,2026-10-04T21:50:12.162Z
sensor.alpstuga_air_quality_monitor_teplota,24.42,2026-10-04T21:51:13.518Z
sensor.alpstuga_air_quality_monitor_teplota,24.41,2026-10-04T21:52:45.502Z
sensor.alpstuga_air_quality_monitor_teplota,24.4,2026-10-04T21:54:17.420Z
sensor.alpstuga_air_quality_monitor_teplota,24.41,2026-10-04T21:54:48.080Z
sensor.alpstuga_air_quality_monitor_teplota,24.4,2026-10-04T21:55:18.701Z
sensor.alpstuga_air_quality_monitor_teplota,24.41,2026-10-04T21:55:49.400Z
sensor.alpstuga_air_quality_monitor_teplota,24.42,2026-10-04T21:56:50.498Z
sensor.alpstuga_air_quality_monitor_teplota,24.43,2026-10-04T21:58:51.829Z
sensor.alpstuga_air_quality_monitor_teplota,24.44,2026-10-04T22:01:53.954Z
sensor.alpstuga_air_quality_monitor_teplota,24.45,2026-10-04T22:06:26.880Z
sensor.alpstuga_air_quality_monitor_teplota,24.46,2026-10-04T22:08:28.106Z
sensor.alpstuga_air_quality_monitor_teplota,24.47,2026-10-04T22:13:01.072Z
sensor.alpstuga_air_quality_monitor_teplota,24.48,2026-10-04T22:14:01.734Z
sensor.alpstuga_air_quality_monitor_teplota,24.47,2026-10-04T22:16:33.466Z
sensor.alpstuga_air_quality_monitor_teplota,24.48,2026-10-04T22:17:03.805Z
sensor.alpstuga_air_quality_monitor_teplota,24.47,2026-10-04T22:22:37.396Z
sensor.alpstuga_air_quality_monitor_teplota,24.48,2026-10-04T22:23:38.060Z
sensor.alpstuga_air_quality_monitor_teplota,24.47,2026-10-04T22:31:13.245Z
sensor.alpstuga_air_quality_monitor_teplota,24.46,2026-10-04T22:31:43.562Z
sensor.alpstuga_air_quality_monitor_teplota,24.42,2026-10-04T22:33:14.468Z
sensor.alpstuga_air_quality_monitor_teplota,24.35,2026-10-04T22:33:44.819Z
sensor.alpstuga_air_quality_monitor_teplota,24.22,2026-10-04T22:34:15.185Z
sensor.alpstuga_air_quality_monitor_teplota,24.07,2026-10-04T22:34:45.635Z
sensor.alpstuga_air_quality_monitor_teplota,23.89,2026-10-04T22:35:15.962Z
sensor.alpstuga_air_quality_monitor_teplota,23.77,2026-10-04T22:35:46.297Z
sensor.alpstuga_air_quality_monitor_teplota,23.73,2026-10-04T22:36:16.599Z
sensor.alpstuga_air_quality_monitor_teplota,23.71,2026-10-04T22:36:46.915Z
sensor.alpstuga_air_quality_monitor_teplota,23.69,2026-10-04T22:37:17.252Z
sensor.alpstuga_air_quality_monitor_teplota,23.66,2026-10-04T22:37:47.617Z
sensor.alpstuga_air_quality_monitor_teplota,23.64,2026-10-04T22:38:17.992Z
sensor.alpstuga_air_quality_monitor_teplota,23.63,2026-10-04T22:38:48.349Z
sensor.alpstuga_air_quality_monitor_teplota,23.61,2026-10-04T22:39:18.692Z
sensor.alpstuga_air_quality_monitor_teplota,23.6,2026-10-04T22:39:49.023Z
sensor.alpstuga_air_quality_monitor_teplota,23.58,2026-10-04T22:40:19.341Z
sensor.alpstuga_air_quality_monitor_teplota,23.57,2026-10-04T22:41:20.014Z
sensor.alpstuga_air_quality_monitor_teplota,23.56,2026-10-04T22:41:50.341Z
sensor.alpstuga_air_quality_monitor_teplota,23.55,2026-10-04T22:42:20.686Z
sensor.alpstuga_air_quality_monitor_teplota,23.54,2026-10-04T22:43:51.740Z
sensor.alpstuga_air_quality_monitor_teplota,23.55,2026-10-04T22:45:22.742Z
sensor.alpstuga_air_quality_monitor_teplota,23.56,2026-10-04T22:46:53.768Z
sensor.alpstuga_air_quality_monitor_teplota,23.57,2026-10-04T22:47:54.510Z
sensor.alpstuga_air_quality_monitor_teplota,23.58,2026-10-04T22:48:24.876Z
sensor.alpstuga_air_quality_monitor_teplota,23.59,2026-10-04T22:49:25.673Z
sensor.alpstuga_air_quality_monitor_teplota,23.6,2026-10-04T22:49:56.059Z
sensor.alpstuga_air_quality_monitor_teplota,23.61,2026-10-04T22:50:26.415Z
sensor.alpstuga_air_quality_monitor_teplota,23.62,2026-10-04T22:50:56.795Z
sensor.alpstuga_air_quality_monitor_teplota,23.63,2026-10-04T22:51:27.187Z
sensor.alpstuga_air_quality_monitor_teplota,23.65,2026-10-04T22:51:57.538Z
sensor.alpstuga_air_quality_monitor_teplota,23.66,2026-10-04T22:52:27.861Z
sensor.alpstuga_air_quality_monitor_teplota,23.67,2026-10-04T22:53:28.514Z
sensor.alpstuga_air_quality_monitor_teplota,23.68,2026-10-04T22:53:58.829Z
sensor.alpstuga_air_quality_monitor_teplota,23.69,2026-10-04T22:54:29.176Z
sensor.alpstuga_air_quality_monitor_teplota,23.7,2026-10-04T22:54:59.520Z
sensor.alpstuga_air_quality_monitor_teplota,23.71,2026-10-04T22:55:29.887Z
sensor.alpstuga_air_quality_monitor_teplota,23.72,2026-10-04T22:56:00.494Z
sensor.alpstuga_air_quality_monitor_teplota,23.73,2026-10-04T22:56:31.108Z
sensor.alpstuga_air_quality_monitor_teplota,23.74,2026-10-04T22:57:01.513Z
sensor.alpstuga_air_quality_monitor_teplota,23.75,2026-10-04T22:57:31.896Z
sensor.alpstuga_air_quality_monitor_teplota,23.76,2026-10-04T22:58:02.544Z
sensor.alpstuga_air_quality_monitor_teplota,23.78,2026-10-04T22:58:32.995Z
sensor.alpstuga_air_quality_monitor_teplota,23.79,2026-10-04T22:59:03.523Z
sensor.alpstuga_air_quality_monitor_teplota,23.81,2026-10-04T23:00:04.683Z
sensor.alpstuga_air_quality_monitor_teplota,23.82,2026-10-04T23:01:05.968Z
sensor.alpstuga_air_quality_monitor_teplota,23.83,2026-10-04T23:01:36.587Z
sensor.alpstuga_air_quality_monitor_teplota,23.84,2026-10-04T23:02:07.104Z
sensor.alpstuga_air_quality_monitor_teplota,23.85,2026-10-04T23:02:37.448Z
sensor.alpstuga_air_quality_monitor_teplota,23.86,2026-10-04T23:03:08.106Z
sensor.alpstuga_air_quality_monitor_teplota,23.87,2026-10-04T23:03:38.739Z
sensor.alpstuga_air_quality_monitor_teplota,23.89,2026-10-04T23:04:09.353Z
sensor.alpstuga_air_quality_monitor_teplota,23.9,2026-10-04T23:04:39.765Z
sensor.alpstuga_air_quality_monitor_teplota,23.91,2026-10-04T23:05:10.066Z
sensor.alpstuga_air_quality_monitor_teplota,23.92,2026-10-04T23:05:40.509Z
sensor.alpstuga_air_quality_monitor_teplota,23.93,2026-10-04T23:06:10.955Z
sensor.alpstuga_air_quality_monitor_teplota,23.94,2026-10-04T23:07:11.713Z
sensor.alpstuga_air_quality_monitor_teplota,23.95,2026-10-04T23:07:42.097Z
sensor.alpstuga_air_quality_monitor_teplota,23.96,2026-10-04T23:08:12.544Z
sensor.alpstuga_air_quality_monitor_teplota,23.97,2026-10-04T23:09:13.201Z
sensor.alpstuga_air_quality_monitor_teplota,23.98,2026-10-04T23:09:43.496Z
sensor.alpstuga_air_quality_monitor_teplota,23.99,2026-10-04T23:10:44.103Z
sensor.alpstuga_air_quality_monitor_teplota,24.0,2026-10-04T23:11:14.476Z
sensor.alpstuga_air_quality_monitor_teplota,24.01,2026-10-04T23:11:44.869Z
sensor.alpstuga_air_quality_monitor_teplota,24.02,2026-10-04T23:12:15.234Z
sensor.alpstuga_air_quality_monitor_teplota,24.03,2026-10-04T23:13:15.925Z
sensor.alpstuga_air_quality_monitor_teplota,24.04,2026-10-04T23:13:46.261Z
sensor.alpstuga_air_quality_monitor_teplota,24.05,2026-10-04T23:14:16.595Z
sensor.alpstuga_air_quality_monitor_teplota,24.06,2026-10-04T23:15:17.285Z
sensor.alpstuga_air_quality_monitor_teplota,24.07,2026-10-04T23:16:17.913Z
sensor.alpstuga_air_quality_monitor_teplota,24.08,2026-10-04T23:16:48.247Z
sensor.alpstuga_air_quality_monitor_teplota,24.09,2026-10-04T23:17:48.907Z
sensor.alpstuga_air_quality_monitor_teplota,24.1,2026-10-04T23:18:19.231Z
sensor.alpstuga_air_quality_monitor_teplota,24.11,2026-10-04T23:19:20.003Z
sensor.alpstuga_air_quality_monitor_teplota,24.12,2026-10-04T23:20:51.023Z
sensor.alpstuga_air_quality_monitor_teplota,24.13,2026-10-04T23:22:52.319Z
sensor.alpstuga_air_quality_monitor_teplota,24.14,2026-10-04T23:23:53.023Z
sensor.alpstuga_air_quality_monitor_teplota,24.15,2026-10-04T23:24:53.688Z
sensor.alpstuga_air_quality_monitor_teplota,24.16,2026-10-04T23:26:24.660Z
sensor.alpstuga_air_quality_monitor_teplota,24.17,2026-10-04T23:27:25.306Z
sensor.alpstuga_air_quality_monitor_teplota,24.18,2026-10-04T23:29:26.647Z
sensor.alpstuga_air_quality_monitor_teplota,24.19,2026-10-04T23:29:56.976Z
sensor.alpstuga_air_quality_monitor_teplota,24.2,2026-10-04T23:30:57.592Z
sensor.alpstuga_air_quality_monitor_teplota,24.21,2026-10-04T23:32:28.575Z
sensor.alpstuga_air_quality_monitor_teplota,24.22,2026-10-04T23:33:29.304Z
sensor.alpstuga_air_quality_monitor_teplota,24.23,2026-10-04T23:34:30.114Z
sensor.alpstuga_air_quality_monitor_teplota,24.24,2026-10-04T23:39:04.938Z
sensor.alpstuga_air_quality_monitor_teplota,24.23,2026-10-04T23:39:35.591Z
sensor.alpstuga_air_quality_monitor_teplota,24.24,2026-10-04T23:40:06.249Z
sensor.alpstuga_air_quality_monitor_teplota,24.25,2026-10-04T23:41:07.611Z
sensor.alpstuga_air_quality_monitor_teplota,24.26,2026-10-04T23:42:08.993Z
sensor.alpstuga_air_quality_monitor_teplota,24.27,2026-10-04T23:44:11.991Z
sensor.alpstuga_air_quality_monitor_teplota,24.28,2026-10-04T23:46:14.505Z
sensor.alpstuga_air_quality_monitor_teplota,24.29,2026-10-04T23:47:46.029Z
sensor.alpstuga_air_quality_monitor_teplota,24.3,2026-10-04T23:49:48.537Z
sensor.alpstuga_air_quality_monitor_teplota,24.31,2026-10-04T23:51:20.451Z
sensor.alpstuga_air_quality_monitor_teplota,24.32,2026-10-04T23:52:52.381Z
sensor.alpstuga_air_quality_monitor_teplota,24.31,2026-10-04T23:53:22.988Z
sensor.alpstuga_air_quality_monitor_teplota,24.32,2026-10-04T23:53:53.647Z
sensor.alpstuga_air_quality_monitor_teplota,24.33,2026-10-04T23:56:57.483Z
sensor.alpstuga_air_quality_monitor_teplota,24.34,2026-10-04T23:59:31.025Z
sensor.alpstuga_air_quality_monitor_teplota,24.35,2026-10-05T00:04:37.264Z
sensor.alpstuga_air_quality_monitor_teplota,24.36,2026-10-05T00:14:51.016Z
sensor.alpstuga_air_quality_monitor_teplota,24.35,2026-10-05T00:16:22.822Z
sensor.alpstuga_air_quality_monitor_teplota,24.36,2026-10-05T00:18:25.560Z
sensor.alpstuga_air_quality_monitor_teplota,24.37,2026-10-05T00:25:03.685Z
sensor.alpstuga_air_quality_monitor_teplota,24.38,2026-10-05T00:31:12.234Z
sensor.alpstuga_air_quality_monitor_teplota,24.37,2026-10-05T00:32:43.867Z
sensor.alpstuga_air_quality_monitor_teplota,24.38,2026-10-05T00:33:14.475Z
sensor.alpstuga_air_quality_monitor_teplota,24.39,2026-10-05T00:36:48.317Z
sensor.alpstuga_air_quality_monitor_teplota,24.4,2026-10-05T00:39:21.128Z
sensor.alpstuga_air_quality_monitor_teplota,24.39,2026-10-05T00:39:51.771Z
sensor.alpstuga_air_quality_monitor_teplota,24.4,2026-10-05T00:40:53.044Z
sensor.alpstuga_air_quality_monitor_teplota,24.39,2026-10-05T00:41:23.687Z
sensor.alpstuga_air_quality_monitor_teplota,24.4,2026-10-05T00:42:24.926Z
sensor.alpstuga_air_quality_monitor_teplota,24.41,2026-10-05T00:49:03.285Z
sensor.alpstuga_air_quality_monitor_teplota,24.42,2026-10-05T00:53:38.906Z
sensor.alpstuga_air_quality_monitor_teplota,24.43,2026-10-05T00:57:12.987Z
sensor.alpstuga_air_quality_monitor_teplota,24.42,2026-10-05T00:58:44.866Z
sensor.alpstuga_air_quality_monitor_teplota,24.43,2026-10-05T00:59:15.414Z
sensor.alpstuga_air_quality_monitor_teplota,24.42,2026-10-05T01:00:16.576Z
sensor.alpstuga_air_quality_monitor_teplota,24.41,2026-10-05T01:02:19.033Z
sensor.alpstuga_air_quality_monitor_teplota,24.42,2026-10-05T01:04:21.598Z
sensor.alpstuga_air_quality_monitor_teplota,24.43,2026-10-05T01:09:58.235Z
sensor.alpstuga_air_quality_monitor_teplota,24.42,2026-10-05T01:10:28.876Z
sensor.alpstuga_air_quality_monitor_teplota,24.43,2026-10-05T01:10:59.498Z
sensor.alpstuga_air_quality_monitor_teplota,24.42,2026-10-05T01:11:30.132Z
sensor.alpstuga_air_quality_monitor_teplota,24.43,2026-10-05T01:12:01.005Z
sensor.alpstuga_air_quality_monitor_teplota,24.42,2026-10-05T01:12:31.817Z
sensor.alpstuga_air_quality_monitor_teplota,24.41,2026-10-05T01:20:42.035Z
sensor.alpstuga_air_quality_monitor_teplota,24.42,2026-10-05T01:24:17.087Z
sensor.alpstuga_air_quality_monitor_teplota,24.41,2026-10-05T01:25:48.949Z
sensor.alpstuga_air_quality_monitor_teplota,24.42,2026-10-05T01:26:19.561Z
sensor.alpstuga_air_quality_monitor_teplota,24.43,2026-10-05T01:27:20.836Z
sensor.alpstuga_air_quality_monitor_teplota,24.44,2026-10-05T01:31:56.843Z
sensor.alpstuga_air_quality_monitor_teplota,24.43,2026-10-05T01:38:35.297Z
sensor.alpstuga_air_quality_monitor_teplota,24.44,2026-10-05T01:46:45.125Z
sensor.alpstuga_air_quality_monitor_teplota,24.45,2026-10-05T01:50:19.463Z
sensor.alpstuga_air_quality_monitor_teplota,24.44,2026-10-05T02:01:02.230Z
sensor.alpstuga_air_quality_monitor_teplota,24.43,2026-10-05T02:04:05.803Z
sensor.alpstuga_air_quality_monitor_teplota,24.44,2026-10-05T02:05:07.187Z
sensor.alpstuga_air_quality_monitor_teplota,24.43,2026-10-05T02:06:08.532Z
sensor.alpstuga_air_quality_monitor_teplota,24.44,2026-10-05T02:06:39.191Z
sensor.alpstuga_air_quality_monitor_teplota,24.43,2026-10-05T02:07:40.500Z
sensor.alpstuga_air_quality_monitor_teplota,24.44,2026-10-05T02:14:18.983Z
sensor.alpstuga_air_quality_monitor_teplota,24.43,2026-10-05T02:14:49.641Z
sensor.alpstuga_air_quality_monitor_teplota,24.42,2026-10-05T02:22:29.833Z
sensor.alpstuga_air_quality_monitor_teplota,24.43,2026-10-05T02:23:31.167Z
sensor.alpstuga_air_quality_monitor_teplota,24.44,2026-10-05T02:29:08.138Z
sensor.alpstuga_air_quality_monitor_teplota,24.45,2026-10-05T02:31:10.916Z
sensor.alpstuga_air_quality_monitor_teplota,24.44,2026-10-05T02:31:41.565Z
sensor.alpstuga_air_quality_monitor_teplota,24.45,2026-10-05T02:32:12.197Z
sensor.alpstuga_air_quality_monitor_teplota,24.46,2026-10-05T02:33:44.123Z
sensor.alpstuga_air_quality_monitor_teplota,24.47,2026-10-05T02:35:15.952Z
sensor.alpstuga_air_quality_monitor_teplota,24.48,2026-10-05T02:37:49.316Z
sensor.alpstuga_air_quality_monitor_teplota,24.47,2026-10-05T02:38:20.012Z
sensor.alpstuga_air_quality_monitor_teplota,24.48,2026-10-05T02:39:51.986Z
sensor.alpstuga_air_quality_monitor_teplota,24.47,2026-10-05T02:40:22.636Z
sensor.alpstuga_air_quality_monitor_teplota,24.48,2026-10-05T02:40:53.290Z
sensor.alpstuga_air_quality_monitor_teplota,24.47,2026-10-05T02:41:23.974Z
sensor.alpstuga_air_quality_monitor_teplota,24.48,2026-10-05T02:43:26.673Z
sensor.alpstuga_air_quality_monitor_teplota,24.47,2026-10-05T02:45:29.294Z
sensor.alpstuga_air_quality_monitor_teplota,24.48,2026-10-05T02:46:30.531Z
sensor.alpstuga_air_quality_monitor_teplota,24.47,2026-10-05T02:48:02.409Z
sensor.alpstuga_air_quality_monitor_teplota,24.46,2026-10-05T02:51:36.982Z
sensor.alpstuga_air_quality_monitor_teplota,24.45,2026-10-05T02:57:14.030Z
sensor.alpstuga_air_quality_monitor_teplota,24.44,2026-10-05T02:58:46.027Z
sensor.alpstuga_air_quality_monitor_teplota,24.45,2026-10-05T03:02:20.419Z
sensor.alpstuga_air_quality_monitor_teplota,24.46,2026-10-05T03:08:57.731Z
sensor.alpstuga_air_quality_monitor_teplota,24.45,2026-10-05T03:12:32.793Z
sensor.alpstuga_air_quality_monitor_teplota,24.44,2026-10-05T03:19:41.612Z
sensor.alpstuga_air_quality_monitor_teplota,24.45,2026-10-05T03:23:16.240Z
sensor.alpstuga_air_quality_monitor_teplota,24.44,2026-10-05T03:24:17.568Z
sensor.alpstuga_air_quality_monitor_teplota,24.45,2026-10-05T03:26:20.003Z
sensor.alpstuga_air_quality_monitor_teplota,24.44,2026-10-05T03:26:50.601Z
sensor.alpstuga_air_quality_monitor_teplota,24.45,2026-10-05T03:28:53.275Z
sensor.alpstuga_air_quality_monitor_teplota,24.44,2026-10-05T03:29:54.508Z
sensor.alpstuga_air_quality_monitor_teplota,24.45,2026-10-05T03:30:55.767Z
sensor.alpstuga_air_quality_monitor_teplota,24.44,2026-10-05T03:31:26.403Z
sensor.alpstuga_air_quality_monitor_teplota,24.45,2026-10-05T03:32:58.223Z
sensor.alpstuga_air_quality_monitor_teplota,24.44,2026-10-05T03:34:30.052Z
sensor.alpstuga_air_quality_monitor_teplota,24.43,2026-10-05T03:38:35.130Z
sensor.alpstuga_air_quality_monitor_teplota,24.44,2026-10-05T03:44:11.974Z
sensor.alpstuga_air_quality_monitor_teplota,24.45,2026-10-05T03:46:45.240Z
sensor.alpstuga_air_quality_monitor_teplota,24.44,2026-10-05T03:57:28.592Z
sensor.alpstuga_air_quality_monitor_teplota,24.43,2026-10-05T04:00:32.516Z
sensor.alpstuga_air_quality_monitor_teplota,24.44,2026-10-05T04:01:33.722Z
sensor.alpstuga_air_quality_monitor_teplota,24.43,2026-10-05T04:03:36.246Z
sensor.alpstuga_air_quality_monitor_teplota,24.44,2026-10-05T04:04:06.841Z
sensor.alpstuga_air_quality_monitor_teplota,24.45,2026-10-05T04:12:49.449Z
sensor.alpstuga_air_quality_monitor_teplota,24.44,2026-10-05T04:14:22.239Z
sensor.alpstuga_air_quality_monitor_teplota,24.45,2026-10-05T04:17:57.019Z
sensor.alpstuga_air_quality_monitor_teplota,24.44,2026-10-05T04:21:00.911Z
sensor.alpstuga_air_quality_monitor_teplota,24.45,2026-10-05T04:23:04.467Z
sensor.alpstuga_air_quality_monitor_teplota,24.46,2026-10-05T04:25:37.630Z
sensor.alpstuga_air_quality_monitor_teplota,24.45,2026-10-05T04:33:47.629Z
sensor.alpstuga_air_quality_monitor_teplota,24.46,2026-10-05T04:35:50.150Z
sensor.alpstuga_air_quality_monitor_teplota,24.45,2026-10-05T04:36:20.774Z
sensor.alpstuga_air_quality_monitor_teplota,24.44,2026-10-05T04:38:23.237Z
sensor.alpstuga_air_quality_monitor_teplota,24.43,2026-10-05T04:39:55.119Z
sensor.alpstuga_air_quality_monitor_teplota,24.44,2026-10-05T04:40:25.773Z
sensor.alpstuga_air_quality_monitor_teplota,24.43,2026-10-05T04:45:32.161Z
sensor.alpstuga_air_quality_monitor_teplota,24.42,2026-10-05T04:49:37.177Z
sensor.alpstuga_air_quality_monitor_teplota,24.41,2026-10-05T05:03:29.520Z
sensor.alpstuga_air_quality_monitor_teplota,24.42,2026-10-05T05:09:06.930Z
sensor.alpstuga_air_quality_monitor_teplota,24.41,2026-10-05T05:12:41.345Z
sensor.alpstuga_air_quality_monitor_teplota,24.4,2026-10-05T05:13:42.591Z
sensor.alpstuga_air_quality_monitor_teplota,24.41,2026-10-05T05:20:21.638Z
sensor.alpstuga_air_quality_monitor_teplota,24.42,2026-10-05T05:24:29.233Z
sensor.alpstuga_air_quality_monitor_teplota,24.43,2026-10-05T05:26:31.782Z
sensor.alpstuga_air_quality_monitor_teplota,24.44,2026-10-05T05:28:34.352Z
sensor.alpstuga_air_quality_monitor_teplota,24.43,2026-10-05T05:30:37.041Z
sensor.alpstuga_air_quality_monitor_teplota,24.42,2026-10-05T05:31:07.653Z
sensor.alpstuga_air_quality_monitor_teplota,24.41,2026-10-05T05:31:38.277Z
sensor.alpstuga_air_quality_monitor_teplota,24.4,2026-10-05T05:32:08.975Z
sensor.alpstuga_air_quality_monitor_teplota,24.41,2026-10-05T05:33:10.430Z
sensor.alpstuga_air_quality_monitor_teplota,24.42,2026-10-05T05:34:11.737Z
sensor.alpstuga_air_quality_monitor_teplota,24.43,2026-10-05T05:34:42.385Z
sensor.alpstuga_air_quality_monitor_teplota,24.44,2026-10-05T05:35:13.058Z
sensor.alpstuga_air_quality_monitor_teplota,24.45,2026-10-05T05:35:43.725Z
sensor.alpstuga_air_quality_monitor_teplota,24.46,2026-10-05T05:36:14.494Z
sensor.alpstuga_air_quality_monitor_teplota,24.48,2026-10-05T05:37:46.401Z
sensor.alpstuga_air_quality_monitor_teplota,24.49,2026-10-05T05:38:17.041Z
sensor.alpstuga_air_quality_monitor_teplota,24.5,2026-10-05T05:38:47.665Z
sensor.alpstuga_air_quality_monitor_teplota,24.51,2026-10-05T05:39:18.294Z
sensor.alpstuga_air_quality_monitor_teplota,24.52,2026-10-05T05:39:48.943Z
sensor.alpstuga_air_quality_monitor_teplota,24.54,2026-10-05T05:40:19.572Z
sensor.alpstuga_air_quality_monitor_teplota,24.55,2026-10-05T05:40:50.197Z
sensor.alpstuga_air_quality_monitor_teplota,24.56,2026-10-05T05:41:20.823Z
sensor.alpstuga_air_quality_monitor_teplota,24.57,2026-10-05T05:41:51.432Z
sensor.alpstuga_air_quality_monitor_teplota,24.59,2026-10-05T05:42:22.033Z
sensor.alpstuga_air_quality_monitor_teplota,24.6,2026-10-05T05:43:53.836Z
sensor.alpstuga_air_quality_monitor_teplota,24.61,2026-10-05T05:44:55.014Z
sensor.alpstuga_air_quality_monitor_teplota,24.62,2026-10-05T05:45:56.197Z
sensor.alpstuga_air_quality_monitor_teplota,24.64,2026-10-05T05:46:26.785Z
sensor.alpstuga_air_quality_monitor_teplota,24.65,2026-10-05T05:47:28.017Z
sensor.alpstuga_air_quality_monitor_teplota,24.66,2026-10-05T05:47:58.627Z
sensor.alpstuga_air_quality_monitor_teplota,24.67,2026-10-05T05:48:29.314Z
sensor.alpstuga_air_quality_monitor_teplota,24.68,2026-10-05T05:50:01.234Z
sensor.alpstuga_air_quality_monitor_teplota,24.69,2026-10-05T05:50:31.879Z
sensor.alpstuga_air_quality_monitor_teplota,24.7,2026-10-05T05:51:02.503Z
sensor.alpstuga_air_quality_monitor_teplota,24.71,2026-10-05T05:51:33.139Z
sensor.alpstuga_air_quality_monitor_teplota,24.72,2026-10-05T05:52:03.776Z
sensor.alpstuga_air_quality_monitor_teplota,24.73,2026-10-05T05:53:05.013Z
sensor.alpstuga_air_quality_monitor_teplota,24.72,2026-10-05T05:53:35.670Z
sensor.alpstuga_air_quality_monitor_teplota,24.71,2026-10-05T05:54:36.988Z
sensor.alpstuga_air_quality_monitor_teplota,24.7,2026-10-05T05:56:39.597Z
sensor.alpstuga_air_quality_monitor_teplota,24.71,2026-10-05T05:57:40.849Z
sensor.alpstuga_air_quality_monitor_teplota,24.7,2026-10-05T05:58:42.077Z
sensor.alpstuga_air_quality_monitor_teplota,24.69,2026-10-05T06:00:44.566Z
sensor.alpstuga_air_quality_monitor_teplota,24.68,2026-10-05T06:04:49.970Z
sensor.alpstuga_air_quality_monitor_teplota,24.67,2026-10-05T06:05:20.629Z
sensor.alpstuga_air_quality_monitor_teplota,24.68,2026-10-05T06:11:59.148Z
sensor.alpstuga_air_quality_monitor_teplota,24.67,2026-10-05T06:12:29.781Z
sensor.alpstuga_air_quality_monitor_teplota,24.68,2026-10-05T06:13:30.958Z
sensor.alpstuga_air_quality_monitor_teplota,24.69,2026-10-05T06:14:32.663Z
sensor.alpstuga_air_quality_monitor_teplota,24.7,2026-10-05T06:18:07.171Z
sensor.alpstuga_air_quality_monitor_teplota,24.71,2026-10-05T06:20:40.333Z
sensor.alpstuga_air_quality_monitor_teplota,24.7,2026-10-05T06:21:41.667Z
sensor.alpstuga_air_quality_monitor_teplota,24.71,2026-10-05T06:23:44.177Z
sensor.alpstuga_air_quality_monitor_teplota,24.72,2026-10-05T06:29:51.973Z
sensor.alpstuga_air_quality_monitor_teplota,24.73,2026-10-05T06:30:22.567Z
sensor.alpstuga_air_quality_monitor_teplota,24.74,2026-10-05T06:31:23.814Z
sensor.alpstuga_air_quality_monitor_teplota,24.75,2026-10-05T06:32:55.694Z
sensor.alpstuga_air_quality_monitor_teplota,24.76,2026-10-05T06:34:27.672Z
sensor.alpstuga_air_quality_monitor_teplota,24.77,2026-10-05T06:35:59.590Z
sensor.alpstuga_air_quality_monitor_teplota,24.78,2026-10-05T06:37:00.884Z
sensor.alpstuga_air_quality_monitor_teplota,24.79,2026-10-05T06:37:31.528Z
sensor.alpstuga_air_quality_monitor_teplota,24.8,2026-10-05T06:38:32.800Z
sensor.alpstuga_air_quality_monitor_teplota,24.81,2026-10-05T06:41:05.834Z
sensor.alpstuga_air_quality_monitor_teplota,24.8,2026-10-05T06:41:36.460Z
sensor.alpstuga_air_quality_monitor_teplota,24.81,2026-10-05T06:42:07.219Z
sensor.alpstuga_air_quality_monitor_teplota,24.82,2026-10-05T06:43:08.683Z
sensor.alpstuga_air_quality_monitor_teplota,24.83,2026-10-05T06:44:09.939Z
sensor.alpstuga_air_quality_monitor_teplota,24.84,2026-10-05T06:45:41.888Z
sensor.alpstuga_air_quality_monitor_teplota,24.85,2026-10-05T06:47:44.449Z
sensor.alpstuga_air_quality_monitor_teplota,24.86,2026-10-05T06:52:20.186Z
sensor.alpstuga_air_quality_monitor_teplota,24.87,2026-10-05T06:53:21.510Z
sensor.alpstuga_air_quality_monitor_teplota,24.88,2026-10-05T06:57:57.082Z
sensor.alpstuga_air_quality_monitor_teplota,24.89,2026-10-05T07:02:02.905Z
sensor.alpstuga_air_quality_monitor_teplota,24.88,2026-10-05T07:02:33.738Z
sensor.alpstuga_air_quality_monitor_teplota,24.89,2026-10-05T07:03:34.993Z
sensor.alpstuga_air_quality_monitor_teplota,24.88,2026-10-05T07:04:05.633Z
sensor.alpstuga_air_quality_monitor_teplota,24.87,2026-10-05T07:06:39.076Z
sensor.alpstuga_air_quality_monitor_teplota,24.88,2026-10-05T07:09:13.953Z
sensor.alpstuga_air_quality_monitor_teplota,24.89,2026-10-05T07:12:19.650Z
sensor.alpstuga_air_quality_monitor_teplota,24.9,2026-10-05T07:14:23.456Z
sensor.alpstuga_air_quality_monitor_teplota,24.91,2026-10-05T07:16:27.255Z
sensor.alpstuga_air_quality_monitor_teplota,24.9,2026-10-05T07:16:58.192Z
sensor.alpstuga_air_quality_monitor_teplota,24.89,2026-10-05T07:18:30.993Z
sensor.alpstuga_air_quality_monitor_teplota,24.88,2026-10-05T07:19:01.897Z
sensor.alpstuga_air_quality_monitor_teplota,24.87,2026-10-05T07:20:34.642Z
sensor.alpstuga_air_quality_monitor_teplota,24.86,2026-10-05T07:23:09.240Z
sensor.alpstuga_air_quality_monitor_teplota,24.85,2026-10-05T07:24:11.173Z
sensor.alpstuga_air_quality_monitor_teplota,24.84,2026-10-05T07:25:44.084Z
sensor.alpstuga_air_quality_monitor_teplota,24.83,2026-10-05T07:27:16.995Z
sensor.alpstuga_air_quality_monitor_teplota,24.82,2026-10-05T07:28:18.936Z
sensor.alpstuga_air_quality_monitor_teplota,24.81,2026-10-05T07:28:49.913Z
sensor.alpstuga_air_quality_monitor_teplota,24.8,2026-10-05T07:29:51.824Z
sensor.alpstuga_air_quality_monitor_teplota,24.79,2026-10-05T07:30:53.722Z
sensor.alpstuga_air_quality_monitor_teplota,24.78,2026-10-05T07:31:55.590Z
sensor.alpstuga_air_quality_monitor_teplota,24.77,2026-10-05T07:32:26.530Z
sensor.alpstuga_air_quality_monitor_teplota,24.76,2026-10-05T07:32:57.477Z
sensor.alpstuga_air_quality_monitor_teplota,24.75,2026-10-05T07:33:59.298Z
sensor.alpstuga_air_quality_monitor_teplota,24.74,2026-10-05T07:35:01.208Z
sensor.alpstuga_air_quality_monitor_teplota,24.73,2026-10-05T07:36:34.103Z
sensor.alpstuga_air_quality_monitor_teplota,24.72,2026-10-05T07:37:05.044Z
sensor.alpstuga_air_quality_monitor_teplota,24.71,2026-10-05T07:37:36.004Z
sensor.alpstuga_air_quality_monitor_teplota,24.7,2026-10-05T07:38:06.949Z
sensor.alpstuga_air_quality_monitor_teplota,24.69,2026-10-05T07:38:37.875Z
sensor.alpstuga_air_quality_monitor_teplota,24.68,2026-10-05T07:39:08.787Z
sensor.alpstuga_air_quality_monitor_teplota,24.67,2026-10-05T07:39:39.717Z
sensor.alpstuga_air_quality_monitor_teplota,24.66,2026-10-05T07:40:10.683Z
sensor.alpstuga_air_quality_monitor_teplota,24.65,2026-10-05T07:40:41.661Z
sensor.alpstuga_air_quality_monitor_teplota,24.64,2026-10-05T07:41:43.571Z
sensor.alpstuga_air_quality_monitor_teplota,24.63,2026-10-05T07:42:14.509Z
sensor.alpstuga_air_quality_monitor_teplota,24.62,2026-10-05T07:42:45.437Z
sensor.alpstuga_air_quality_monitor_teplota,24.61,2026-10-05T07:43:16.387Z
sensor.alpstuga_air_quality_monitor_teplota,24.6,2026-10-05T07:44:18.276Z
sensor.alpstuga_air_quality_monitor_teplota,24.59,2026-10-05T07:45:20.191Z
sensor.alpstuga_air_quality_monitor_teplota,24.58,2026-10-05T07:46:22.068Z
sensor.alpstuga_air_quality_monitor_teplota,24.57,2026-10-05T07:47:23.898Z
sensor.alpstuga_air_quality_monitor_teplota,24.56,2026-10-05T07:48:25.714Z
sensor.alpstuga_air_quality_monitor_teplota,24.55,2026-10-05T07:49:27.564Z
sensor.alpstuga_air_quality_monitor_teplota,24.54,2026-10-05T07:50:29.432Z
sensor.alpstuga_air_quality_monitor_teplota,24.53,2026-10-05T07:54:04.207Z
sensor.alpstuga_air_quality_monitor_teplota,24.54,2026-10-05T07:54:34.847Z
sensor.alpstuga_air_quality_monitor_teplota,24.53,2026-10-05T07:55:05.486Z
sensor.alpstuga_air_quality_monitor_teplota,24.52,2026-10-05T07:57:08.034Z
sensor.alpstuga_air_quality_monitor_teplota,24.51,2026-10-05T07:59:10.681Z
sensor.alpstuga_air_quality_monitor_teplota,24.5,2026-10-05T08:00:12.022Z
sensor.alpstuga_air_quality_monitor_teplota,24.49,2026-10-05T08:01:44.086Z
sensor.alpstuga_air_quality_monitor_teplota,24.48,2026-10-05T08:05:18.459Z
sensor.alpstuga_air_quality_monitor_teplota,24.47,2026-10-05T08:07:20.946Z
sensor.alpstuga_air_quality_monitor_teplota,24.48,2026-10-05T08:07:51.606Z
sensor.alpstuga_air_quality_monitor_teplota,24.47,2026-10-05T08:08:52.932Z
sensor.alpstuga_air_quality_monitor_teplota,24.46,2026-10-05T08:10:24.973Z
sensor.alpstuga_air_quality_monitor_teplota,24.45,2026-10-05T08:13:59.391Z
sensor.alpstuga_air_quality_monitor_teplota,24.44,2026-10-05T08:21:40.656Z
sensor.alpstuga_air_quality_monitor_teplota,24.43,2026-10-05T08:27:51.947Z
sensor.alpstuga_air_quality_monitor_teplota,24.42,2026-10-05T08:32:27.595Z
sensor.alpstuga_air_quality_monitor_teplota,24.43,2026-10-05T08:32:58.244Z
sensor.alpstuga_air_quality_monitor_teplota,24.42,2026-10-05T08:33:28.858Z
sensor.alpstuga_air_quality_monitor_teplota,24.41,2026-10-05T08:37:34.181Z
sensor.alpstuga_air_quality_monitor_teplota,24.42,2026-10-05T08:39:36.764Z
sensor.alpstuga_air_quality_monitor_teplota,24.43,2026-10-05T08:40:07.391Z
sensor.alpstuga_air_quality_monitor_teplota,24.44,2026-10-05T08:41:08.713Z
sensor.alpstuga_air_quality_monitor_teplota,24.45,2026-10-05T08:41:39.405Z
sensor.alpstuga_air_quality_monitor_teplota,24.46,2026-10-05T08:42:10.078Z
sensor.alpstuga_air_quality_monitor_teplota,24.47,2026-10-05T08:45:14.071Z
sensor.alpstuga_air_quality_monitor_teplota,24.48,2026-10-05T08:47:47.328Z
sensor.alpstuga_air_quality_monitor_teplota,24.49,2026-10-05T08:48:48.845Z
sensor.thread_bmp180_teplomer_teplota,24.45,2026-10-01T22:00:00.000Z
sensor.thread_bmp180_teplomer_teplota,24.46,2026-10-01T22:00:37.057Z
sensor.thread_bmp180_teplomer_teplota,24.45,2026-10-01T22:01:07.056Z
sensor.thread_bmp180_teplomer_teplota,24.46,2026-10-01T22:01:37.057Z
sensor.thread_bmp180_teplomer_teplota,24.44,2026-10-01T22:02:07.056Z
sensor.thread_bmp180_teplomer_teplota,24.45,2026-10-01T22:02:37.058Z
sensor.thread_bmp180_teplomer_teplota,24.44,2026-10-01T22:04:07.057Z
sensor.thread_bmp180_teplomer_teplota,24.45,2026-10-01T22:04:37.058Z
sensor.thread_bmp180_teplomer_teplota,24.44,2026-10-01T22:05:07.058Z
sensor.thread_bmp180_teplomer_teplota,24.47,2026-10-01T22:06:07.058Z
sensor.thread_bmp180_teplomer_teplota,24.46,2026-10-01T22:06:37.057Z
sensor.thread_bmp180_teplomer_teplota,24.44,2026-10-01T22:07:07.058Z
sensor.thread_bmp180_teplomer_teplota,24.47,2026-10-01T22:07:37.058Z
sensor.thread_bmp180_teplomer_teplota,24.45,2026-10-01T22:09:57.174Z
sensor.thread_bmp180_teplomer_teplota,24.44,2026-10-01T22:10:06.078Z
sensor.thread_bmp180_teplomer_teplota,24.38,2026-10-01T22:10:36.077Z
sensor.thread_bmp180_teplomer_teplota,24.25,2026-10-01T22:11:06.077Z
sensor.thread_bmp180_teplomer_teplota,23.97,2026-10-01T22:11:36.079Z
sensor.thread_bmp180_teplomer_teplota,23.73,2026-10-01T22:12:06.077Z
sensor.thread_bmp180_teplomer_teplota,23.49,2026-10-01T22:12:36.079Z
sensor.thread_bmp180_teplomer_teplota,23.33,2026-10-01T22:13:06.079Z
sensor.thread_bmp180_teplomer_teplota,23.11,2026-10-01T22:13:36.077Z
sensor.thread_bmp180_teplomer_teplota,22.89,2026-10-01T22:14:06.082Z
sensor.thread_bmp180_teplomer_teplota,22.75,2026-10-01T22:14:36.080Z
sensor.thread_bmp180_teplomer_teplota,22.6,2026-10-01T22:15:06.079Z
sensor.thread_bmp180_teplomer_teplota,22.48,2026-10-01T22:15:36.082Z
sensor.thread_bmp180_teplomer_teplota,22.38,2026-10-01T22:16:06.082Z
sensor.thread_bmp180_teplomer_teplota,22.29,2026-10-01T22:16:36.082Z
sensor.thread_bmp180_teplomer_teplota,22.14,2026-10-01T22:17:06.081Z
sensor.thread_bmp180_teplomer_teplota,22.04,2026-10-01T22:17:36.082Z
sensor.thread_bmp180_teplomer_teplota,22.12,2026-10-01T22:18:06.081Z
sensor.thread_bmp180_teplomer_teplota,22.19,2026-10-01T22:18:36.083Z
sensor.thread_bmp180_teplomer_teplota,22.22,2026-10-01T22:19:06.080Z
sensor.thread_bmp180_teplomer_teplota,22.27,2026-10-01T22:19:36.081Z
sensor.thread_bmp180_teplomer_teplota,22.3,2026-10-01T22:20:06.082Z
sensor.thread_bmp180_teplomer_teplota,22.36,2026-10-01T22:20:36.081Z
sensor.thread_bmp180_teplomer_teplota,22.41,2026-10-01T22:21:06.082Z
sensor.thread_bmp180_teplomer_teplota,22.46,2026-10-01T22:21:36.082Z
sensor.thread_bmp180_teplomer_teplota,22.51,2026-10-01T22:22:06.082Z
sensor.thread_bmp180_teplomer_teplota,22.57,2026-10-01T22:22:36.081Z
sensor.thread_bmp180_teplomer_teplota,22.73,2026-10-01T22:24:56.555Z
sensor.thread_bmp180_teplomer_teplota,22.79,2026-10-01T22:25:08.747Z
sensor.thread_bmp180_teplomer_teplota,22.82,2026-10-01T22:25:38.746Z
sensor.thread_bmp180_teplomer_teplota,22.85,2026-10-01T22:26:08.747Z
sensor.thread_bmp180_teplomer_teplota,22.89,2026-10-01T22:26:38.746Z
sensor.thread_bmp180_teplomer_teplota,22.92,2026-10-01T22:27:08.748Z
sensor.thread_bmp180_teplomer_teplota,22.95,2026-10-01T22:27:38.745Z
sensor.thread_bmp180_teplomer_teplota,22.99,2026-10-01T22:28:08.746Z
sensor.thread_bmp180_teplomer_teplota,23.02,2026-10-01T22:28:38.747Z
sensor.thread_bmp180_teplomer_teplota,23.06,2026-10-01T22:29:08.747Z
sensor.thread_bmp180_teplomer_teplota,23.08,2026-10-01T22:29:38.747Z
sensor.thread_bmp180_teplomer_teplota,23.11,2026-10-01T22:30:08.746Z
sensor.thread_bmp180_teplomer_teplota,23.15,2026-10-01T22:30:38.747Z
sensor.thread_bmp180_teplomer_teplota,23.16,2026-10-01T22:31:08.745Z
sensor.thread_bmp180_teplomer_teplota,23.19,2026-10-01T22:31:38.745Z
sensor.thread_bmp180_teplomer_teplota,23.21,2026-10-01T22:32:08.745Z
sensor.thread_bmp180_teplomer_teplota,23.22,2026-10-01T22:32:38.747Z
sensor.thread_bmp180_teplomer_teplota,23.24,2026-10-01T22:33:08.747Z
sensor.thread_bmp180_teplomer_teplota,23.27,2026-10-01T22:33:38.746Z
sensor.thread_bmp180_teplomer_teplota,23.29,2026-10-01T22:34:08.747Z
sensor.thread_bmp180_teplomer_teplota,23.3,2026-10-01T22:34:38.744Z
sensor.thread_bmp180_teplomer_teplota,23.33,2026-10-01T22:35:08.747Z
sensor.thread_bmp180_teplomer_teplota,23.34,2026-10-01T22:35:38.744Z
sensor.thread_bmp180_teplomer_teplota,23.37,2026-10-01T22:36:08.745Z
sensor.thread_bmp180_teplomer_teplota,23.38,2026-10-01T22:36:38.746Z
sensor.thread_bmp180_teplomer_teplota,23.4,2026-10-01T22:37:08.745Z
sensor.thread_bmp180_teplomer_teplota,23.43,2026-10-01T22:37:38.744Z
sensor.thread_bmp180_teplomer_teplota,23.48,2026-10-01T22:39:58.644Z
sensor.thread_bmp180_teplomer_teplota,23.49,2026-10-01T22:40:09.411Z
sensor.thread_bmp180_teplomer_teplota,23.5,2026-10-01T22:41:09.410Z
sensor.thread_bmp180_teplomer_teplota,23.52,2026-10-01T22:42:09.410Z
sensor.thread_bmp180_teplomer_teplota,23.54,2026-10-01T22:42:39.412Z
sensor.thread_bmp180_teplomer_teplota,23.53,2026-10-01T22:43:09.409Z
sensor.thread_bmp180_teplomer_teplota,23.54,2026-10-01T22:43:39.409Z
sensor.thread_bmp180_teplomer_teplota,23.55,2026-10-01T22:44:09.411Z
sensor.thread_bmp180_teplomer_teplota,23.56,2026-10-01T22:44:39.408Z
sensor.thread_bmp180_teplomer_teplota,23.57,2026-10-01T22:45:39.411Z
sensor.thread_bmp180_teplomer_teplota,23.58,2026-10-01T22:46:09.409Z
sensor.thread_bmp180_teplomer_teplota,23.6,2026-10-01T22:47:09.409Z
sensor.thread_bmp180_teplomer_teplota,23.62,2026-10-01T22:47:39.410Z
sensor.thread_bmp180_teplomer_teplota,23.6,2026-10-01T22:49:39.409Z
sensor.thread_bmp180_teplomer_teplota,23.62,2026-10-01T22:50:09.410Z
sensor.thread_bmp180_teplomer_teplota,23.6,2026-10-01T22:50:39.409Z
sensor.thread_bmp180_teplomer_teplota,23.62,2026-10-01T22:51:09.409Z
sensor.thread_bmp180_teplomer_teplota,23.6,2026-10-01T22:51:39.409Z
sensor.thread_bmp180_teplomer_teplota,23.62,2026-10-01T22:52:09.409Z
sensor.thread_bmp180_teplomer_teplota,23.65,2026-10-01T22:54:29.493Z
sensor.thread_bmp180_teplomer_teplota,23.64,2026-10-01T22:54:38.720Z
sensor.thread_bmp180_teplomer_teplota,23.63,2026-10-01T22:56:38.718Z
sensor.thread_bmp180_teplomer_teplota,23.65,2026-10-01T22:58:38.719Z
sensor.thread_bmp180_teplomer_teplota,23.66,2026-10-01T23:00:08.719Z
sensor.thread_bmp180_teplomer_teplota,23.65,2026-10-01T23:00:38.718Z
sensor.thread_bmp180_teplomer_teplota,23.67,2026-10-01T23:02:38.719Z
sensor.thread_bmp180_teplomer_teplota,23.66,2026-10-01T23:03:08.719Z
sensor.thread_bmp180_teplomer_teplota,23.65,2026-10-01T23:03:38.720Z
sensor.thread_bmp180_teplomer_teplota,23.67,2026-10-01T23:04:08.720Z
sensor.thread_bmp180_teplomer_teplota,23.65,2026-10-01T23:04:38.720Z
sensor.thread_bmp180_teplomer_teplota,23.66,2026-10-01T23:05:08.719Z
sensor.thread_bmp180_teplomer_teplota,23.67,2026-10-01T23:05:38.718Z
sensor.thread_bmp180_teplomer_teplota,23.66,2026-10-01T23:06:08.718Z
sensor.thread_bmp180_teplomer_teplota,23.68,2026-10-01T23:06:38.718Z
sensor.thread_bmp180_teplomer_teplota,23.67,2026-10-01T23:07:08.720Z
sensor.thread_bmp180_teplomer_teplota,23.68,2026-10-01T23:09:29.271Z
sensor.thread_bmp180_teplomer_teplota,23.67,2026-10-01T23:09:38.240Z
sensor.thread_bmp180_teplomer_teplota,23.68,2026-10-01T23:10:38.240Z
sensor.thread_bmp180_teplomer_teplota,23.69,2026-10-01T23:11:08.240Z
sensor.thread_bmp180_teplomer_teplota,23.67,2026-10-01T23:13:08.239Z
sensor.thread_bmp180_teplomer_teplota,23.68,2026-10-01T23:13:38.239Z
sensor.thread_bmp180_teplomer_teplota,23.69,2026-10-01T23:14:08.240Z
sensor.thread_bmp180_teplomer_teplota,23.67,2026-10-01T23:14:38.240Z
sensor.thread_bmp180_teplomer_teplota,23.68,2026-10-01T23:15:08.238Z
sensor.thread_bmp180_teplomer_teplota,23.69,2026-10-01T23:16:38.239Z
sensor.thread_bmp180_teplomer_teplota,23.67,2026-10-01T23:17:38.240Z
sensor.thread_bmp180_teplomer_teplota,23.68,2026-10-01T23:18:38.239Z
sensor.thread_bmp180_teplomer_teplota,23.67,2026-10-01T23:19:38.239Z
sensor.thread_bmp180_teplomer_teplota,23.69,2026-10-01T23:20:08.239Z
sensor.thread_bmp180_teplomer_teplota,23.68,2026-10-01T23:20:38.239Z
sensor.thread_bmp180_teplomer_teplota,23.69,2026-10-01T23:21:08.238Z
sensor.thread_bmp180_teplomer_teplota,23.68,2026-10-01T23:22:08.238Z
sensor.thread_bmp180_teplomer_teplota,23.69,2026-10-01T23:24:28.168Z
sensor.thread_bmp180_teplomer_teplota,23.68,2026-10-01T23:26:40.079Z
sensor.thread_bmp180_teplomer_teplota,23.69,2026-10-01T23:27:10.079Z
sensor.thread_bmp180_teplomer_teplota,23.67,2026-10-01T23:29:10.078Z
sensor.thread_bmp180_teplomer_teplota,23.69,2026-10-01T23:29:40.079Z
sensor.thread_bmp180_teplomer_teplota,23.7,2026-10-01T23:30:40.078Z
sensor.thread_bmp180_teplomer_teplota,23.69,2026-10-01T23:31:10.079Z
sensor.thread_bmp180_teplomer_teplota,23.68,2026-10-01T23:31:40.077Z
sensor.thread_bmp180_teplomer_teplota,23.7,2026-10-01T23:32:10.079Z
sensor.thread_bmp180_teplomer_teplota,23.69,2026-10-01T23:32:40.077Z
sensor.thread_bmp180_teplomer_teplota,23.7,2026-10-01T23:34:10.079Z
sensor.thread_bmp180_teplomer_teplota,23.68,2026-10-01T23:34:40.078Z
sensor.thread_bmp180_teplomer_teplota,23.69,2026-10-01T23:35:10.078Z
sensor.thread_bmp180_teplomer_teplota,23.68,2026-10-01T23:36:40.077Z
sensor.thread_bmp180_teplomer_teplota,23.7,2026-10-01T23:37:10.077Z
sensor.thread_bmp180_teplomer_teplota,23.72,2026-10-01T23:39:29.971Z
sensor.thread_bmp180_teplomer_teplota,23.7,2026-10-01T23:39:40.257Z
sensor.thread_bmp180_teplomer_teplota,23.68,2026-10-01T23:40:40.256Z
sensor.thread_bmp180_teplomer_teplota,23.69,2026-10-01T23:41:40.258Z
sensor.thread_bmp180_teplomer_teplota,23.72,2026-10-01T23:42:10.256Z
sensor.thread_bmp180_teplomer_teplota,23.73,2026-10-01T23:43:40.256Z
sensor.thread_bmp180_teplomer_teplota,23.74,2026-10-01T23:45:10.257Z
sensor.thread_bmp180_teplomer_teplota,23.75,2026-10-01T23:49:40.257Z
sensor.thread_bmp180_teplomer_teplota,23.74,2026-10-01T23:50:10.257Z
sensor.thread_bmp180_teplomer_teplota,23.73,2026-10-01T23:52:40.255Z
sensor.thread_bmp180_teplomer_teplota,23.76,2026-10-01T23:55:01.149Z
sensor.thread_bmp180_teplomer_teplota,23.74,2026-10-01T23:55:14.337Z
sensor.thread_bmp180_teplomer_teplota,23.76,2026-10-01T23:55:44.334Z
sensor.thread_bmp180_teplomer_teplota,23.77,2026-10-01T23:56:14.335Z
sensor.thread_bmp180_teplomer_teplota,23.76,2026-10-01T23:57:14.335Z
sensor.thread_bmp180_teplomer_teplota,23.77,2026-10-01T23:57:44.336Z
sensor.thread_bmp180_teplomer_teplota,23.76,2026-10-01T23:58:44.334Z
sensor.thread_bmp180_teplomer_teplota,23.77,2026-10-01T23:59:14.336Z
sensor.thread_bmp180_teplomer_teplota,23.76,2026-10-02T00:00:14.335Z
sensor.thread_bmp180_teplomer_teplota,23.74,2026-10-02T00:01:14.335Z
sensor.thread_bmp180_teplomer_teplota,23.76,2026-10-02T00:01:44.336Z
sensor.thread_bmp180_teplomer_teplota,23.74,2026-10-02T00:02:14.335Z
sensor.thread_bmp180_teplomer_teplota,23.76,2026-10-02T00:02:44.334Z
sensor.thread_bmp180_teplomer_teplota,23.75,2026-10-02T00:04:14.334Z
sensor.thread_bmp180_teplomer_teplota,23.77,2026-10-02T00:04:44.334Z
sensor.thread_bmp180_teplomer_teplota,23.76,2026-10-02T00:05:44.336Z
sensor.thread_bmp180_teplomer_teplota,23.77,2026-10-02T00:06:14.334Z
sensor.thread_bmp180_teplomer_teplota,23.78,2026-10-02T00:07:14.335Z
sensor.thread_bmp180_teplomer_teplota,23.77,2026-10-02T00:07:44.336Z
sensor.thread_bmp180_teplomer_teplota,23.76,2026-10-02T00:10:05.183Z
sensor.thread_bmp180_teplomer_teplota,23.77,2026-10-02T00:10:15.126Z
sensor.thread_bmp180_teplomer_teplota,23.76,2026-10-02T00:10:45.125Z
sensor.thread_bmp180_teplomer_teplota,23.75,2026-10-02T00:12:15.127Z
sensor.thread_bmp180_teplomer_teplota,23.77,2026-10-02T00:12:45.126Z
sensor.thread_bmp180_teplomer_teplota,23.76,2026-10-02T00:13:15.127Z
sensor.thread_bmp180_teplomer_teplota,23.77,2026-10-02T00:13:45.126Z
sensor.thread_bmp180_teplomer_teplota,23.78,2026-10-02T00:14:15.128Z
sensor.thread_bmp180_teplomer_teplota,23.76,2026-10-02T00:14:45.128Z
sensor.thread_bmp180_teplomer_teplota,23.77,2026-10-02T00:17:15.128Z
sensor.thread_bmp180_teplomer_teplota,23.78,2026-10-02T00:18:45.125Z
sensor.thread_bmp180_teplomer_teplota,23.79,2026-10-02T00:19:45.126Z
sensor.thread_bmp180_teplomer_teplota,23.8,2026-10-02T00:20:15.128Z
sensor.thread_bmp180_teplomer_teplota,23.81,2026-10-02T00:20:45.127Z
sensor.thread_bmp180_teplomer_teplota,23.82,2026-10-02T00:21:45.126Z
sensor.thread_bmp180_teplomer_teplota,23.81,2026-10-02T00:22:45.127Z
sensor.thread_bmp180_teplomer_teplota,23.82,2026-10-02T00:25:14.054Z
sensor.thread_bmp180_teplomer_teplota,23.81,2026-10-02T00:25:44.053Z
sensor.thread_bmp180_teplomer_teplota,23.79,2026-10-02T00:27:14.053Z
sensor.thread_bmp180_teplomer_teplota,23.81,2026-10-02T00:27:44.054Z
sensor.thread_bmp180_teplomer_teplota,23.79,2026-10-02T00:28:14.053Z
sensor.thread_bmp180_teplomer_teplota,23.78,2026-10-02T00:29:14.054Z
sensor.thread_bmp180_teplomer_teplota,23.77,2026-10-02T00:29:44.054Z
sensor.thread_bmp180_teplomer_teplota,23.79,2026-10-02T00:30:14.053Z
sensor.thread_bmp180_teplomer_teplota,23.78,2026-10-02T00:30:44.054Z
sensor.thread_bmp180_teplomer_teplota,23.79,2026-10-02T00:31:14.054Z
sensor.thread_bmp180_teplomer_teplota,23.77,2026-10-02T00:32:44.054Z
sensor.thread_bmp180_teplomer_teplota,23.76,2026-10-02T00:33:14.053Z
sensor.thread_bmp180_teplomer_teplota,23.77,2026-10-02T00:33:44.054Z
sensor.thread_bmp180_teplomer_teplota,23.76,2026-10-02T00:35:44.052Z
sensor.thread_bmp180_teplomer_teplota,23.77,2026-10-02T00:36:14.052Z
sensor.thread_bmp180_teplomer_teplota,23.78,2026-10-02T00:37:14.052Z
sensor.thread_bmp180_teplomer_teplota,23.81,2026-10-02T00:39:34.571Z
sensor.thread_bmp180_teplomer_teplota,23.79,2026-10-02T00:39:47.556Z
sensor.thread_bmp180_teplomer_teplota,23.81,2026-10-02T00:40:17.550Z
sensor.thread_bmp180_teplomer_teplota,23.79,2026-10-02T00:42:17.551Z
sensor.thread_bmp180_teplomer_teplota,23.81,2026-10-02T00:42:47.550Z
sensor.thread_bmp180_teplomer_teplota,23.79,2026-10-02T00:44:17.550Z
sensor.thread_bmp180_teplomer_teplota,23.8,2026-10-02T00:45:17.551Z
sensor.thread_bmp180_teplomer_teplota,23.79,2026-10-02T00:46:47.550Z
sensor.thread_bmp180_teplomer_teplota,23.78,2026-10-02T00:48:17.550Z
sensor.thread_bmp180_teplomer_teplota,23.77,2026-10-02T00:48:47.551Z
sensor.thread_bmp180_teplomer_teplota,23.76,2026-10-02T00:50:47.551Z
sensor.thread_bmp180_teplomer_teplota,23.75,2026-10-02T00:51:17.550Z
sensor.thread_bmp180_teplomer_teplota,23.74,2026-10-02T00:51:47.550Z
sensor.thread_bmp180_teplomer_teplota,23.77,2026-10-02T00:52:17.551Z
sensor.thread_bmp180_teplomer_teplota,23.78,2026-10-02T00:55:46.361Z
sensor.thread_bmp180_teplomer_teplota,23.77,2026-10-02T00:56:46.360Z
sensor.thread_bmp180_teplomer_teplota,23.79,2026-10-02T00:57:16.363Z
sensor.thread_bmp180_teplomer_teplota,23.81,2026-10-02T00:58:46.361Z
sensor.thread_bmp180_teplomer_teplota,23.79,2026-10-02T00:59:46.361Z
sensor.thread_bmp180_teplomer_teplota,23.8,2026-10-02T01:00:16.361Z
sensor.thread_bmp180_teplomer_teplota,23.81,2026-10-02T01:01:16.361Z
sensor.thread_bmp180_teplomer_teplota,23.79,2026-10-02T01:02:46.362Z
sensor.thread_bmp180_teplomer_teplota,23.82,2026-10-02T01:03:16.360Z
sensor.thread_bmp180_teplomer_teplota,23.81,2026-10-02T01:03:46.360Z
sensor.thread_bmp180_teplomer_teplota,23.82,2026-10-02T01:04:16.361Z
sensor.thread_bmp180_teplomer_teplota,23.81,2026-10-02T01:04:46.363Z
sensor.thread_bmp180_teplomer_teplota,23.82,2026-10-02T01:05:46.362Z
sensor.thread_bmp180_teplomer_teplota,23.81,2026-10-02T01:06:46.362Z
sensor.thread_bmp180_teplomer_teplota,23.82,2026-10-02T01:07:16.362Z
sensor.thread_bmp180_teplomer_teplota,23.81,2026-10-02T01:07:46.362Z
sensor.thread_bmp180_teplomer_teplota,23.82,2026-10-02T01:10:06.547Z
sensor.thread_bmp180_teplomer_teplota,23.84,2026-10-02T01:10:16.251Z
sensor.thread_bmp180_teplomer_teplota,23.83,2026-10-02T01:10:46.252Z
sensor.thread_bmp180_teplomer_teplota,23.84,2026-10-02T01:11:46.249Z
sensor.thread_bmp180_teplomer_teplota,23.82,2026-10-02T01:12:16.249Z
sensor.thread_bmp180_teplomer_teplota,23.83,2026-10-02T01:12:46.250Z
sensor.thread_bmp180_teplomer_teplota,23.82,2026-10-02T01:13:16.251Z
sensor.thread_bmp180_teplomer_teplota,23.84,2026-10-02T01:14:16.250Z
sensor.thread_bmp180_teplomer_teplota,23.83,2026-10-02T01:14:46.251Z
sensor.thread_bmp180_teplomer_teplota,23.84,2026-10-02T01:17:16.250Z
sensor.thread_bmp180_teplomer_teplota,23.83,2026-10-02T01:17:46.252Z
sensor.thread_bmp180_teplomer_teplota,23.84,2026-10-02T01:19:16.252Z
sensor.thread_bmp180_teplomer_teplota,23.86,2026-10-02T01:19:46.253Z
sensor.thread_bmp180_teplomer_teplota,23.84,2026-10-02T01:20:16.251Z
sensor.thread_bmp180_teplomer_teplota,23.85,2026-10-02T01:20:46.250Z
sensor.thread_bmp180_teplomer_teplota,23.84,2026-10-02T01:21:46.253Z
sensor.thread_bmp180_teplomer_teplota,23.82,2026-10-02T01:22:46.250Z
sensor.thread_bmp180_teplomer_teplota,23.83,2026-10-02T01:25:06.421Z
sensor.thread_bmp180_teplomer_teplota,23.84,2026-10-02T01:25:18.506Z
sensor.thread_bmp180_teplomer_teplota,23.86,2026-10-02T01:25:48.506Z
sensor.thread_bmp180_teplomer_teplota,23.85,2026-10-02T01:26:18.506Z
sensor.thread_bmp180_teplomer_teplota,23.84,2026-10-02T01:27:18.507Z
sensor.thread_bmp180_teplomer_teplota,23.86,2026-10-02T01:28:18.507Z
sensor.thread_bmp180_teplomer_teplota,23.85,2026-10-02T01:28:48.505Z
sensor.thread_bmp180_teplomer_teplota,23.86,2026-10-02T01:29:18.505Z
sensor.thread_bmp180_teplomer_teplota,23.83,2026-10-02T01:30:18.506Z
sensor.thread_bmp180_teplomer_teplota,23.82,2026-10-02T01:30:48.508Z
sensor.thread_bmp180_teplomer_teplota,23.84,2026-10-02T01:31:18.507Z
sensor.thread_bmp180_teplomer_teplota,23.82,2026-10-02T01:31:48.507Z
sensor.thread_bmp180_teplomer_teplota,23.83,2026-10-02T01:32:18.505Z
sensor.thread_bmp180_teplomer_teplota,23.82,2026-10-02T01:32:48.506Z
sensor.thread_bmp180_teplomer_teplota,23.81,2026-10-02T01:33:18.507Z
sensor.thread_bmp180_teplomer_teplota,23.82,2026-10-02T01:33:48.507Z
sensor.thread_bmp180_teplomer_teplota,23.81,2026-10-02T01:34:18.505Z
sensor.thread_bmp180_teplomer_teplota,23.82,2026-10-02T01:34:48.506Z
sensor.thread_bmp180_teplomer_teplota,23.81,2026-10-02T01:35:18.505Z
sensor.thread_bmp180_teplomer_teplota,23.83,2026-10-02T01:35:48.506Z
sensor.thread_bmp180_teplomer_teplota,23.82,2026-10-02T01:36:18.506Z
sensor.thread_bmp180_teplomer_teplota,23.83,2026-10-02T01:36:48.505Z
sensor.thread_bmp180_teplomer_teplota,23.84,2026-10-02T01:37:18.507Z
sensor.thread_bmp180_teplomer_teplota,23.83,2026-10-02T01:37:48.505Z
sensor.thread_bmp180_teplomer_teplota,23.82,2026-10-02T01:40:08.743Z
sensor.thread_bmp180_teplomer_teplota,23.84,2026-10-02T01:40:19.167Z
sensor.thread_bmp180_teplomer_teplota,23.83,2026-10-02T01:40:49.168Z
sensor.thread_bmp180_teplomer_teplota,23.86,2026-10-02T01:41:49.167Z
sensor.thread_bmp180_teplomer_teplota,23.84,2026-10-02T01:42:19.167Z
sensor.thread_bmp180_teplomer_teplota,23.83,2026-10-02T01:43:49.168Z
sensor.thread_bmp180_teplomer_teplota,23.84,2026-10-02T01:44:19.168Z
sensor.thread_bmp180_teplomer_teplota,23.83,2026-10-02T01:47:49.166Z
sensor.thread_bmp180_teplomer_teplota,23.86,2026-10-02T01:48:19.167Z
sensor.thread_bmp180_teplomer_teplota,23.84,2026-10-02T01:48:49.166Z
sensor.thread_bmp180_teplomer_teplota,23.83,2026-10-02T01:49:19.165Z
sensor.thread_bmp180_teplomer_teplota,23.84,2026-10-02T01:49:49.167Z
sensor.thread_bmp180_teplomer_teplota,23.83,2026-10-02T01:51:19.166Z
sensor.thread_bmp180_teplomer_teplota,23.84,2026-10-02T01:51:49.165Z
sensor.thread_bmp180_teplomer_teplota,23.86,2026-10-02T01:52:49.165Z
sensor.thread_bmp180_teplomer_teplota,23.84,2026-10-02T01:55:09.030Z
sensor.thread_bmp180_teplomer_teplota,23.83,2026-10-02T01:55:19.306Z
sensor.thread_bmp180_teplomer_teplota,23.85,2026-10-02T01:55:49.306Z
sensor.thread_bmp180_teplomer_teplota,23.84,2026-10-02T01:56:19.306Z
sensor.thread_bmp180_teplomer_teplota,23.86,2026-10-02T01:56:49.305Z
sensor.thread_bmp180_teplomer_teplota,23.84,2026-10-02T01:57:19.304Z
sensor.thread_bmp180_teplomer_teplota,23.86,2026-10-02T01:58:19.305Z
sensor.thread_bmp180_teplomer_teplota,23.85,2026-10-02T01:58:49.305Z
sensor.thread_bmp180_teplomer_teplota,23.84,2026-10-02T01:59:49.306Z
sensor.thread_bmp180_teplomer_teplota,23.86,2026-10-02T02:00:49.305Z
sensor.thread_bmp180_teplomer_teplota,23.84,2026-10-02T02:01:49.306Z
sensor.thread_bmp180_teplomer_teplota,23.86,2026-10-02T02:02:19.306Z
sensor.thread_bmp180_teplomer_teplota,23.83,2026-10-02T02:02:49.306Z
sensor.thread_bmp180_teplomer_teplota,23.85,2026-10-02T02:03:19.305Z
sensor.thread_bmp180_teplomer_teplota,23.86,2026-10-02T02:03:49.304Z
sensor.thread_bmp180_teplomer_teplota,23.87,2026-10-02T02:04:49.305Z
sensor.thread_bmp180_teplomer_teplota,23.86,2026-10-02T02:05:19.305Z
sensor.thread_bmp180_teplomer_teplota,23.84,2026-10-02T02:06:19.305Z
sensor.thread_bmp180_teplomer_teplota,23.86,2026-10-02T02:06:49.304Z
sensor.thread_bmp180_teplomer_teplota,23.85,2026-10-02T02:10:11.315Z
sensor.thread_bmp180_teplomer_teplota,23.86,2026-10-02T02:10:22.979Z
sensor.thread_bmp180_teplomer_teplota,23.85,2026-10-02T02:10:52.979Z
sensor.thread_bmp180_teplomer_teplota,23.86,2026-10-02T02:11:22.978Z
sensor.thread_bmp180_teplomer_teplota,23.85,2026-10-02T02:12:52.980Z
sensor.thread_bmp180_teplomer_teplota,23.84,2026-10-02T02:13:22.979Z
sensor.thread_bmp180_teplomer_teplota,23.86,2026-10-02T02:14:52.980Z
sensor.thread_bmp180_teplomer_teplota,23.84,2026-10-02T02:15:52.980Z
sensor.thread_bmp180_teplomer_teplota,23.86,2026-10-02T02:16:52.980Z
sensor.thread_bmp180_teplomer_teplota,23.84,2026-10-02T02:17:22.978Z
sensor.thread_bmp180_teplomer_teplota,23.86,2026-10-02T02:18:22.980Z
sensor.thread_bmp180_teplomer_teplota,23.84,2026-10-02T02:18:52.980Z
sensor.thread_bmp180_teplomer_teplota,23.85,2026-10-02T02:20:22.980Z
sensor.thread_bmp180_teplomer_teplota,23.84,2026-10-02T02:20:52.979Z
sensor.thread_bmp180_teplomer_teplota,23.85,2026-10-02T02:21:22.979Z
sensor.thread_bmp180_teplomer_teplota,23.84,2026-10-02T02:21:52.980Z
sensor.thread_bmp180_teplomer_teplota,23.83,2026-10-02T02:25:19.962Z
sensor.thread_bmp180_teplomer_teplota,23.84,2026-10-02T02:26:19.962Z
sensor.thread_bmp180_teplomer_teplota,23.83,2026-10-02T02:27:19.961Z
sensor.thread_bmp180_teplomer_teplota,23.84,2026-10-02T02:27:49.959Z
sensor.thread_bmp180_teplomer_teplota,23.83,2026-10-02T02:28:49.960Z
sensor.thread_bmp180_teplomer_teplota,23.84,2026-10-02T02:29:19.959Z
sensor.thread_bmp180_teplomer_teplota,23.82,2026-10-02T02:29:49.961Z
sensor.thread_bmp180_teplomer_teplota,23.83,2026-10-02T02:30:19.961Z
sensor.thread_bmp180_teplomer_teplota,23.84,2026-10-02T02:30:49.960Z
sensor.thread_bmp180_teplomer_teplota,23.83,2026-10-02T02:31:19.961Z
sensor.thread_bmp180_teplomer_teplota,23.85,2026-10-02T02:31:49.958Z
sensor.thread_bmp180_teplomer_teplota,23.84,2026-10-02T02:32:19.960Z
sensor.thread_bmp180_teplomer_teplota,23.83,2026-10-02T02:33:19.959Z
sensor.thread_bmp180_teplomer_teplota,23.82,2026-10-02T02:33:49.962Z
sensor.thread_bmp180_teplomer_teplota,23.83,2026-10-02T02:34:19.961Z
sensor.thread_bmp180_teplomer_teplota,23.84,2026-10-02T02:34:49.959Z
sensor.thread_bmp180_teplomer_teplota,23.83,2026-10-02T02:35:19.961Z
sensor.thread_bmp180_teplomer_teplota,23.82,2026-10-02T02:35:49.958Z
sensor.thread_bmp180_teplomer_teplota,23.81,2026-10-02T02:36:49.959Z
sensor.thread_bmp180_teplomer_teplota,23.83,2026-10-02T02:37:49.958Z
sensor.thread_bmp180_teplomer_teplota,23.82,2026-10-02T02:40:10.036Z
sensor.thread_bmp180_teplomer_teplota,23.83,2026-10-02T02:40:23.106Z
sensor.thread_bmp180_teplomer_teplota,23.81,2026-10-02T02:40:53.105Z
sensor.thread_bmp180_teplomer_teplota,23.83,2026-10-02T02:41:23.105Z
sensor.thread_bmp180_teplomer_teplota,23.82,2026-10-02T02:42:23.104Z
sensor.thread_bmp180_teplomer_teplota,23.83,2026-10-02T02:42:53.106Z
sensor.thread_bmp180_teplomer_teplota,23.82,2026-10-02T02:43:23.106Z
sensor.thread_bmp180_teplomer_teplota,23.83,2026-10-02T02:47:23.107Z
sensor.thread_bmp180_teplomer_teplota,23.82,2026-10-02T02:47:53.106Z
sensor.thread_bmp180_teplomer_teplota,23.83,2026-10-02T02:48:23.107Z
sensor.thread_bmp180_teplomer_teplota,23.84,2026-10-02T02:48:53.108Z
sensor.thread_bmp180_teplomer_teplota,23.83,2026-10-02T02:49:23.107Z
sensor.thread_bmp180_teplomer_teplota,23.82,2026-10-02T02:49:53.105Z
sensor.thread_bmp180_teplomer_teplota,23.83,2026-10-02T02:52:23.107Z
sensor.thread_bmp180_teplomer_teplota,23.82,2026-10-02T02:54:43.292Z
sensor.thread_bmp180_teplomer_teplota,23.84,2026-10-02T02:54:51.836Z
sensor.thread_bmp180_teplomer_teplota,23.82,2026-10-02T02:55:21.836Z
sensor.thread_bmp180_teplomer_teplota,23.81,2026-10-02T02:57:21.837Z
sensor.thread_bmp180_teplomer_teplota,23.83,2026-10-02T02:57:51.837Z
sensor.thread_bmp180_teplomer_teplota,23.82,2026-10-02T02:58:21.837Z
sensor.thread_bmp180_teplomer_teplota,23.81,2026-10-02T02:58:51.838Z
sensor.thread_bmp180_teplomer_teplota,23.82,2026-10-02T02:59:21.838Z
sensor.thread_bmp180_teplomer_teplota,23.81,2026-10-02T03:01:51.839Z
sensor.thread_bmp180_teplomer_teplota,23.82,2026-10-02T03:02:21.837Z
sensor.thread_bmp180_teplomer_teplota,23.81,2026-10-02T03:02:51.839Z
sensor.thread_bmp180_teplomer_teplota,23.79,2026-10-02T03:05:21.837Z
sensor.thread_bmp180_teplomer_teplota,23.82,2026-10-02T03:05:51.837Z
sensor.thread_bmp180_teplomer_teplota,23.81,2026-10-02T03:06:21.837Z
sensor.thread_bmp180_teplomer_teplota,23.79,2026-10-02T03:07:21.838Z
sensor.thread_bmp180_teplomer_teplota,23.81,2026-10-02T03:07:51.839Z
sensor.thread_bmp180_teplomer_teplota,23.79,2026-10-02T03:10:11.759Z
sensor.thread_bmp180_teplomer_teplota,23.81,2026-10-02T03:13:24.931Z
sensor.thread_bmp180_teplomer_teplota,23.79,2026-10-02T03:13:54.932Z
sensor.thread_bmp180_teplomer_teplota,23.81,2026-10-02T03:14:54.930Z
sensor.thread_bmp180_teplomer_teplota,23.79,2026-10-02T03:15:24.930Z
sensor.thread_bmp180_teplomer_teplota,23.81,2026-10-02T03:15:54.929Z
sensor.thread_bmp180_teplomer_teplota,23.8,2026-10-02T03:16:24.930Z
sensor.thread_bmp180_teplomer_teplota,23.79,2026-10-02T03:16:54.931Z
sensor.thread_bmp180_teplomer_teplota,23.78,2026-10-02T03:17:24.930Z
sensor.thread_bmp180_teplomer_teplota,23.81,2026-10-02T03:17:54.930Z
sensor.thread_bmp180_teplomer_teplota,23.79,2026-10-02T03:18:24.931Z
sensor.thread_bmp180_teplomer_teplota,23.78,2026-10-02T03:19:24.930Z
sensor.thread_bmp180_teplomer_teplota,23.79,2026-10-02T03:19:54.929Z
sensor.thread_bmp180_teplomer_teplota,23.78,2026-10-02T03:20:24.931Z
sensor.thread_bmp180_teplomer_teplota,23.8,2026-10-02T03:20:54.930Z
sensor.thread_bmp180_teplomer_teplota,23.81,2026-10-02T03:21:24.930Z
sensor.thread_bmp180_teplomer_teplota,23.79,2026-10-02T03:21:54.929Z
sensor.thread_bmp180_teplomer_teplota,23.78,2026-10-02T03:25:17.358Z
sensor.thread_bmp180_teplomer_teplota,23.8,2026-10-02T03:25:23.031Z
sensor.thread_bmp180_teplomer_teplota,23.79,2026-10-02T03:26:23.032Z
sensor.thread_bmp180_teplomer_teplota,23.81,2026-10-02T03:27:23.033Z
sensor.thread_bmp180_teplomer_teplota,23.79,2026-10-02T03:28:23.032Z
sensor.thread_bmp180_teplomer_teplota,23.8,2026-10-02T03:29:23.032Z
sensor.thread_bmp180_teplomer_teplota,23.79,2026-10-02T03:29:53.031Z
sensor.thread_bmp180_teplomer_teplota,23.81,2026-10-02T03:31:53.032Z
sensor.thread_bmp180_teplomer_teplota,23.79,2026-10-02T03:32:23.031Z
sensor.thread_bmp180_teplomer_teplota,23.77,2026-10-02T03:32:53.032Z
sensor.thread_bmp180_teplomer_teplota,23.78,2026-10-02T03:33:23.032Z
sensor.thread_bmp180_teplomer_teplota,23.77,2026-10-02T03:33:53.031Z
sensor.thread_bmp180_teplomer_teplota,23.78,2026-10-02T03:34:23.031Z
sensor.thread_bmp180_teplomer_teplota,23.79,2026-10-02T03:34:53.031Z
sensor.thread_bmp180_teplomer_teplota,23.78,2026-10-02T03:35:23.033Z
sensor.thread_bmp180_teplomer_teplota,23.79,2026-10-02T03:35:53.033Z
sensor.thread_bmp180_teplomer_teplota,23.78,2026-10-02T03:36:53.032Z
sensor.thread_bmp180_teplomer_teplota,23.79,2026-10-02T03:37:23.033Z
sensor.thread_bmp180_teplomer_teplota,23.78,2026-10-02T03:37:53.033Z
sensor.thread_bmp180_teplomer_teplota,23.79,2026-10-02T03:40:25.976Z
sensor.thread_bmp180_teplomer_teplota,23.78,2026-10-02T03:40:55.976Z
sensor.thread_bmp180_teplomer_teplota,23.79,2026-10-02T03:41:25.976Z
sensor.thread_bmp180_teplomer_teplota,23.78,2026-10-02T03:41:55.976Z
sensor.thread_bmp180_teplomer_teplota,23.79,2026-10-02T03:42:25.976Z
sensor.thread_bmp180_teplomer_teplota,23.78,2026-10-02T03:42:55.976Z
sensor.thread_bmp180_teplomer_teplota,23.79,2026-10-02T03:43:25.976Z
sensor.thread_bmp180_teplomer_teplota,23.77,2026-10-02T03:44:25.977Z
sensor.thread_bmp180_teplomer_teplota,23.79,2026-10-02T03:44:55.976Z
sensor.thread_bmp180_teplomer_teplota,23.78,2026-10-02T03:46:55.975Z
sensor.thread_bmp180_teplomer_teplota,23.79,2026-10-02T03:49:25.976Z
sensor.thread_bmp180_teplomer_teplota,23.78,2026-10-02T03:50:25.975Z
sensor.thread_bmp180_teplomer_teplota,23.79,2026-10-02T03:51:25.975Z
sensor.thread_bmp180_teplomer_teplota,23.78,2026-10-02T03:51:55.974Z
sensor.thread_bmp180_teplomer_teplota,23.77,2026-10-02T03:52:55.976Z
sensor.thread_bmp180_teplomer_teplota,23.78,2026-10-02T04:00:57.540Z
sensor.thread_bmp180_teplomer_teplota,23.77,2026-10-02T04:01:27.539Z
sensor.thread_bmp180_teplomer_teplota,23.78,2026-10-02T04:03:57.539Z
sensor.thread_bmp180_teplomer_teplota,23.77,2026-10-02T04:05:27.539Z
sensor.thread_bmp180_teplomer_teplota,23.78,2026-10-02T04:06:27.538Z
sensor.thread_bmp180_teplomer_teplota,23.77,2026-10-02T04:06:57.539Z
sensor.thread_bmp180_teplomer_teplota,23.78,2026-10-02T04:07:27.539Z
sensor.thread_bmp180_teplomer_teplota,23.76,2026-10-02T04:07:57.539Z
sensor.thread_bmp180_teplomer_teplota,23.77,2026-10-02T04:10:17.991Z
sensor.thread_bmp180_teplomer_teplota,23.78,2026-10-02T04:10:26.517Z
sensor.thread_bmp180_teplomer_teplota,23.76,2026-10-02T04:10:56.516Z
sensor.thread_bmp180_teplomer_teplota,23.78,2026-10-02T04:11:26.517Z
sensor.thread_bmp180_teplomer_teplota,23.76,2026-10-02T04:11:56.516Z
sensor.thread_bmp180_teplomer_teplota,23.77,2026-10-02T04:12:56.517Z
sensor.thread_bmp180_teplomer_teplota,23.76,2026-10-02T04:13:26.516Z
sensor.thread_bmp180_teplomer_teplota,23.77,2026-10-02T04:14:56.516Z
sensor.thread_bmp180_teplomer_teplota,23.76,2026-10-02T04:15:26.517Z
sensor.thread_bmp180_teplomer_teplota,23.77,2026-10-02T04:16:56.517Z
sensor.thread_bmp180_teplomer_teplota,23.76,2026-10-02T04:17:56.515Z
sensor.thread_bmp180_teplomer_teplota,23.75,2026-10-02T04:19:26.515Z
sensor.thread_bmp180_teplomer_teplota,23.76,2026-10-02T04:19:56.517Z
sensor.thread_bmp180_teplomer_teplota,23.75,2026-10-02T04:20:26.515Z
sensor.thread_bmp180_teplomer_teplota,23.76,2026-10-02T04:20:56.515Z
sensor.thread_bmp180_teplomer_teplota,23.74,2026-10-02T04:21:26.516Z
sensor.thread_bmp180_teplomer_teplota,23.73,2026-10-02T04:24:49.092Z
sensor.thread_bmp180_teplomer_teplota,23.74,2026-10-02T04:25:27.015Z
sensor.thread_bmp180_teplomer_teplota,23.72,2026-10-02T04:26:57.014Z
sensor.thread_bmp180_teplomer_teplota,23.73,2026-10-02T04:27:27.014Z
sensor.thread_bmp180_teplomer_teplota,23.74,2026-10-02T04:27:57.015Z
sensor.thread_bmp180_teplomer_teplota,23.73,2026-10-02T04:29:27.015Z
sensor.thread_bmp180_teplomer_teplota,23.74,2026-10-02T04:29:57.014Z
sensor.thread_bmp180_teplomer_teplota,23.72,2026-10-02T04:30:57.014Z
sensor.thread_bmp180_teplomer_teplota,23.73,2026-10-02T04:31:27.015Z
sensor.thread_bmp180_teplomer_teplota,23.72,2026-10-02T04:31:57.013Z
sensor.thread_bmp180_teplomer_teplota,23.74,2026-10-02T04:32:27.015Z
sensor.thread_bmp180_teplomer_teplota,23.73,2026-10-02T04:32:57.014Z
sensor.thread_bmp180_teplomer_teplota,23.74,2026-10-02T04:33:27.013Z
sensor.thread_bmp180_teplomer_teplota,23.73,2026-10-02T04:33:57.012Z
sensor.thread_bmp180_teplomer_teplota,23.72,2026-10-02T04:37:57.012Z
sensor.thread_bmp180_teplomer_teplota,23.71,2026-10-02T04:41:29.437Z
sensor.thread_bmp180_teplomer_teplota,23.72,2026-10-02T04:41:59.440Z
sensor.thread_bmp180_teplomer_teplota,23.71,2026-10-02T04:42:29.438Z
sensor.thread_bmp180_teplomer_teplota,23.7,2026-10-02T04:42:59.438Z
sensor.thread_bmp180_teplomer_teplota,23.71,2026-10-02T04:43:59.437Z
sensor.thread_bmp180_teplomer_teplota,23.72,2026-10-02T04:44:29.437Z
sensor.thread_bmp180_teplomer_teplota,23.71,2026-10-02T04:44:59.440Z
sensor.thread_bmp180_teplomer_teplota,23.72,2026-10-02T04:45:29.439Z
sensor.thread_bmp180_teplomer_teplota,23.71,2026-10-02T04:47:29.437Z
sensor.thread_bmp180_teplomer_teplota,23.72,2026-10-02T04:47:59.438Z
sensor.thread_bmp180_teplomer_teplota,23.7,2026-10-02T04:48:29.438Z
sensor.thread_bmp180_teplomer_teplota,23.72,2026-10-02T04:48:59.438Z
sensor.thread_bmp180_teplomer_teplota,23.7,2026-10-02T04:49:29.439Z
sensor.thread_bmp180_teplomer_teplota,23.72,2026-10-02T04:49:59.438Z
sensor.thread_bmp180_teplomer_teplota,23.7,2026-10-02T04:50:29.437Z
sensor.thread_bmp180_teplomer_teplota,23.71,2026-10-02T04:51:29.438Z
sensor.thread_bmp180_teplomer_teplota,23.7,2026-10-02T04:51:59.439Z
sensor.thread_bmp180_teplomer_teplota,23.71,2026-10-02T04:52:29.439Z
sensor.thread_bmp180_teplomer_teplota,23.7,2026-10-02T04:52:59.436Z
sensor.thread_bmp180_teplomer_teplota,23.69,2026-10-02T04:56:00.028Z
sensor.thread_bmp180_teplomer_teplota,23.7,2026-10-02T04:56:30.029Z
sensor.thread_bmp180_teplomer_teplota,23.69,2026-10-02T04:57:30.028Z
sensor.thread_bmp180_teplomer_teplota,23.7,2026-10-02T04:58:00.032Z
sensor.thread_bmp180_teplomer_teplota,23.69,2026-10-02T04:59:30.028Z
sensor.thread_bmp180_teplomer_teplota,23.7,2026-10-02T05:02:00.029Z
sensor.thread_bmp180_teplomer_teplota,23.69,2026-10-02T05:03:00.029Z
sensor.thread_bmp180_teplomer_teplota,23.7,2026-10-02T05:05:30.029Z
sensor.thread_bmp180_teplomer_teplota,23.69,2026-10-02T05:06:00.029Z
sensor.thread_bmp180_teplomer_teplota,23.71,2026-10-02T05:06:30.027Z
sensor.thread_bmp180_teplomer_teplota,23.74,2026-10-02T05:07:00.029Z
sensor.thread_bmp180_teplomer_teplota,23.73,2026-10-02T05:08:00.029Z
sensor.thread_bmp180_teplomer_teplota,23.72,2026-10-02T05:10:20.591Z
sensor.thread_bmp180_teplomer_teplota,23.74,2026-10-02T05:10:30.267Z
sensor.thread_bmp180_teplomer_teplota,23.72,2026-10-02T05:11:00.268Z
sensor.thread_bmp180_teplomer_teplota,23.73,2026-10-02T05:13:00.266Z
sensor.thread_bmp180_teplomer_teplota,23.72,2026-10-02T05:13:30.266Z
sensor.thread_bmp180_teplomer_teplota,23.73,2026-10-02T05:14:30.268Z
sensor.thread_bmp180_teplomer_teplota,23.71,2026-10-02T05:15:00.267Z
sensor.thread_bmp180_teplomer_teplota,23.72,2026-10-02T05:15:30.266Z
sensor.thread_bmp180_teplomer_teplota,23.7,2026-10-02T05:17:00.267Z
sensor.thread_bmp180_teplomer_teplota,23.71,2026-10-02T05:18:00.268Z
sensor.thread_bmp180_teplomer_teplota,23.72,2026-10-02T05:19:00.268Z
sensor.thread_bmp180_teplomer_teplota,23.69,2026-10-02T05:20:00.268Z
sensor.thread_bmp180_teplomer_teplota,23.7,2026-10-02T05:21:00.267Z
sensor.thread_bmp180_teplomer_teplota,23.69,2026-10-02T05:22:00.267Z
sensor.thread_bmp180_teplomer_teplota,23.7,2026-10-02T05:23:00.269Z
sensor.thread_bmp180_teplomer_teplota,23.69,2026-10-02T05:25:20.969Z
sensor.thread_bmp180_teplomer_teplota,23.68,2026-10-02T05:25:33.625Z
sensor.thread_bmp180_teplomer_teplota,23.69,2026-10-02T05:26:03.625Z
sensor.thread_bmp180_teplomer_teplota,23.68,2026-10-02T05:26:33.626Z
sensor.thread_bmp180_teplomer_teplota,23.69,2026-10-02T05:27:03.625Z
sensor.thread_bmp180_teplomer_teplota,23.67,2026-10-02T05:28:33.625Z
sensor.thread_bmp180_teplomer_teplota,23.68,2026-10-02T05:29:33.624Z
sensor.thread_bmp180_teplomer_teplota,23.69,2026-10-02T05:31:33.625Z
sensor.thread_bmp180_teplomer_teplota,23.68,2026-10-02T05:32:33.626Z
sensor.thread_bmp180_teplomer_teplota,23.67,2026-10-02T05:35:03.625Z
sensor.thread_bmp180_teplomer_teplota,23.68,2026-10-02T05:36:03.625Z
sensor.thread_bmp180_teplomer_teplota,23.67,2026-10-02T05:37:33.626Z
sensor.thread_bmp180_teplomer_teplota,23.68,2026-10-02T05:38:03.625Z
sensor.thread_bmp180_teplomer_teplota,23.67,2026-10-02T05:40:24.214Z
sensor.thread_bmp180_teplomer_teplota,23.68,2026-10-02T05:40:31.040Z
sensor.thread_bmp180_teplomer_teplota,23.67,2026-10-02T05:41:01.041Z
sensor.thread_bmp180_teplomer_teplota,23.66,2026-10-02T05:43:01.040Z
sensor.thread_bmp180_teplomer_teplota,23.65,2026-10-02T05:43:31.040Z
sensor.thread_bmp180_teplomer_teplota,23.66,2026-10-02T05:44:01.040Z
sensor.thread_bmp180_teplomer_teplota,23.67,2026-10-02T05:44:31.041Z
sensor.thread_bmp180_teplomer_teplota,23.66,2026-10-02T05:47:01.042Z
sensor.thread_bmp180_teplomer_teplota,23.67,2026-10-02T05:47:31.042Z
sensor.thread_bmp180_teplomer_teplota,23.65,2026-10-02T05:48:01.041Z
sensor.thread_bmp180_teplomer_teplota,23.66,2026-10-02T05:51:01.041Z
sensor.thread_bmp180_teplomer_teplota,23.67,2026-10-02T05:51:31.039Z
sensor.thread_bmp180_teplomer_teplota,23.66,2026-10-02T05:52:01.041Z
sensor.thread_bmp180_teplomer_teplota,23.65,2026-10-02T05:52:31.039Z
sensor.thread_bmp180_teplomer_teplota,23.66,2026-10-02T05:53:01.039Z
sensor.thread_bmp180_teplomer_teplota,23.65,2026-10-02T05:55:20.936Z
sensor.thread_bmp180_teplomer_teplota,23.67,2026-10-02T05:55:35.138Z
sensor.thread_bmp180_teplomer_teplota,23.65,2026-10-02T05:56:35.137Z
sensor.thread_bmp180_teplomer_teplota,23.67,2026-10-02T05:57:35.138Z
sensor.thread_bmp180_teplomer_teplota,23.65,2026-10-02T05:59:35.137Z
sensor.thread_bmp180_teplomer_teplota,23.66,2026-10-02T06:00:05.137Z
sensor.thread_bmp180_teplomer_teplota,23.65,2026-10-02T06:00:35.136Z
sensor.thread_bmp180_teplomer_teplota,23.66,2026-10-02T06:01:05.136Z
sensor.thread_bmp180_teplomer_teplota,23.67,2026-10-02T06:01:35.138Z
sensor.thread_bmp180_teplomer_teplota,23.65,2026-10-02T06:02:05.136Z
sensor.thread_bmp180_teplomer_teplota,23.67,2026-10-02T06:03:35.136Z
sensor.thread_bmp180_teplomer_teplota,23.65,2026-10-02T06:04:35.136Z
sensor.thread_bmp180_teplomer_teplota,23.67,2026-10-02T06:08:05.137Z
sensor.thread_bmp180_teplomer_teplota,23.65,2026-10-02T06:10:25.672Z
sensor.thread_bmp180_teplomer_teplota,23.67,2026-10-02T06:10:32.582Z
sensor.thread_bmp180_teplomer_teplota,23.66,2026-10-02T06:12:02.584Z
sensor.thread_bmp180_teplomer_teplota,23.67,2026-10-02T06:12:32.583Z
sensor.thread_bmp180_teplomer_teplota,23.65,2026-10-02T06:14:02.581Z
sensor.thread_bmp180_teplomer_teplota,23.67,2026-10-02T06:14:32.583Z
sensor.thread_bmp180_teplomer_teplota,23.65,2026-10-02T06:18:32.582Z
sensor.thread_bmp180_teplomer_teplota,23.68,2026-10-02T06:19:02.583Z
sensor.thread_bmp180_teplomer_teplota,23.67,2026-10-02T06:19:32.582Z
sensor.thread_bmp180_teplomer_teplota,23.68,2026-10-02T06:20:02.582Z
sensor.thread_bmp180_teplomer_teplota,23.67,2026-10-02T06:21:32.583Z
sensor.thread_bmp180_teplomer_teplota,23.68,2026-10-02T06:22:32.583Z
sensor.thread_bmp180_teplomer_teplota,23.67,2026-10-02T06:23:02.583Z
sensor.thread_bmp180_teplomer_teplota,23.69,2026-10-02T06:25:23.359Z
sensor.thread_bmp180_teplomer_teplota,23.68,2026-10-02T06:25:36.092Z
sensor.thread_bmp180_teplomer_teplota,23.67,2026-10-02T06:26:06.091Z
sensor.thread_bmp180_teplomer_teplota,23.66,2026-10-02T06:28:06.092Z
sensor.thread_bmp180_teplomer_teplota,23.67,2026-10-02T06:28:36.090Z
sensor.thread_bmp180_teplomer_teplota,23.68,2026-10-02T06:31:06.091Z
sensor.thread_bmp180_teplomer_teplota,23.67,2026-10-02T06:31:36.090Z
sensor.thread_bmp180_teplomer_teplota,23.68,2026-10-02T06:34:36.090Z
sensor.thread_bmp180_teplomer_teplota,23.67,2026-10-02T06:35:06.091Z
sensor.thread_bmp180_teplomer_teplota,23.66,2026-10-02T06:35:36.090Z
sensor.thread_bmp180_teplomer_teplota,23.68,2026-10-02T06:36:06.089Z
sensor.thread_bmp180_teplomer_teplota,23.67,2026-10-02T06:36:36.089Z
sensor.thread_bmp180_teplomer_teplota,23.65,2026-10-02T06:43:36.929Z
sensor.thread_bmp180_teplomer_teplota,23.67,2026-10-02T06:44:36.928Z
sensor.thread_bmp180_teplomer_teplota,23.66,2026-10-02T06:45:06.930Z
sensor.thread_bmp180_teplomer_teplota,23.67,2026-10-02T06:45:36.930Z
sensor.thread_bmp180_teplomer_teplota,23.65,2026-10-02T06:46:36.929Z
sensor.thread_bmp180_teplomer_teplota,23.67,2026-10-02T06:47:06.929Z
sensor.thread_bmp180_teplomer_teplota,23.65,2026-10-02T06:47:36.929Z
sensor.thread_bmp180_teplomer_teplota,23.67,2026-10-02T06:48:06.928Z
sensor.thread_bmp180_teplomer_teplota,23.65,2026-10-02T06:50:06.930Z
sensor.thread_bmp180_teplomer_teplota,23.67,2026-10-02T06:50:36.929Z
sensor.thread_bmp180_teplomer_teplota,23.65,2026-10-02T06:53:06.928Z
sensor.thread_bmp180_teplomer_teplota,23.67,2026-10-02T06:55:38.732Z
sensor.thread_bmp180_teplomer_teplota,23.68,2026-10-02T07:00:38.734Z
sensor.thread_bmp180_teplomer_teplota,23.67,2026-10-02T07:01:08.734Z
sensor.thread_bmp180_teplomer_teplota,23.68,2026-10-02T07:02:08.733Z
sensor.thread_bmp180_teplomer_teplota,23.67,2026-10-02T07:02:38.733Z
sensor.thread_bmp180_teplomer_teplota,23.68,2026-10-02T07:04:38.733Z
sensor.thread_bmp180_teplomer_teplota,23.66,2026-10-02T07:05:08.734Z
sensor.thread_bmp180_teplomer_teplota,23.67,2026-10-02T07:05:38.734Z
sensor.thread_bmp180_teplomer_teplota,23.65,2026-10-02T07:06:08.733Z
sensor.thread_bmp180_teplomer_teplota,23.68,2026-10-02T07:07:08.735Z
sensor.thread_bmp180_teplomer_teplota,23.32,2026-10-02T07:10:30.958Z
sensor.thread_bmp180_teplomer_teplota,23.3,2026-10-02T07:10:37.853Z
sensor.thread_bmp180_teplomer_teplota,23.2,2026-10-02T07:11:07.852Z
sensor.thread_bmp180_teplomer_teplota,23.14,2026-10-02T07:11:37.854Z
sensor.thread_bmp180_teplomer_teplota,23.08,2026-10-02T07:12:07.855Z
sensor.thread_bmp180_teplomer_teplota,23.0,2026-10-02T07:12:37.854Z
sensor.thread_bmp180_teplomer_teplota,22.92,2026-10-02T07:13:07.854Z
sensor.thread_bmp180_teplomer_teplota,22.89,2026-10-02T07:13:37.854Z
sensor.thread_bmp180_teplomer_teplota,22.81,2026-10-02T07:14:07.854Z
sensor.thread_bmp180_teplomer_teplota,22.79,2026-10-02T07:14:37.854Z
sensor.thread_bmp180_teplomer_teplota,22.75,2026-10-02T07:15:07.854Z
sensor.thread_bmp180_teplomer_teplota,22.72,2026-10-02T07:15:37.854Z
sensor.thread_bmp180_teplomer_teplota,22.71,2026-10-02T07:16:07.853Z
sensor.thread_bmp180_teplomer_teplota,22.73,2026-10-02T07:16:37.853Z
sensor.thread_bmp180_teplomer_teplota,22.76,2026-10-02T07:17:07.853Z
sensor.thread_bmp180_teplomer_teplota,22.75,2026-10-02T07:17:37.852Z
sensor.thread_bmp180_teplomer_teplota,22.79,2026-10-02T07:18:07.854Z
sensor.thread_bmp180_teplomer_teplota,22.82,2026-10-02T07:18:37.855Z
sensor.thread_bmp180_teplomer_teplota,22.84,2026-10-02T07:19:07.853Z
sensor.thread_bmp180_teplomer_teplota,22.85,2026-10-02T07:19:37.854Z
sensor.thread_bmp180_teplomer_teplota,22.87,2026-10-02T07:20:07.855Z
sensor.thread_bmp180_teplomer_teplota,22.91,2026-10-02T07:20:37.853Z
sensor.thread_bmp180_teplomer_teplota,22.92,2026-10-02T07:21:07.852Z
sensor.thread_bmp180_teplomer_teplota,22.94,2026-10-02T07:21:37.853Z
sensor.thread_bmp180_teplomer_teplota,22.98,2026-10-02T07:22:07.854Z
sensor.thread_bmp180_teplomer_teplota,22.99,2026-10-02T07:22:37.853Z
sensor.thread_bmp180_teplomer_teplota,23.01,2026-10-02T07:23:07.853Z
sensor.thread_bmp180_teplomer_teplota,23.1,2026-10-02T07:25:28.067Z
sensor.thread_bmp180_teplomer_teplota,23.11,2026-10-02T07:25:37.576Z
sensor.thread_bmp180_teplomer_teplota,23.15,2026-10-02T07:26:07.576Z
sensor.thread_bmp180_teplomer_teplota,23.16,2026-10-02T07:27:07.576Z
sensor.thread_bmp180_teplomer_teplota,23.18,2026-10-02T07:27:37.576Z
sensor.thread_bmp180_teplomer_teplota,23.2,2026-10-02T07:28:07.575Z
sensor.thread_bmp180_teplomer_teplota,23.21,2026-10-02T07:28:37.575Z
sensor.thread_bmp180_teplomer_teplota,23.24,2026-10-02T07:29:07.576Z
sensor.thread_bmp180_teplomer_teplota,23.25,2026-10-02T07:29:37.575Z
sensor.thread_bmp180_teplomer_teplota,23.26,2026-10-02T07:30:07.575Z
sensor.thread_bmp180_teplomer_teplota,23.27,2026-10-02T07:30:37.576Z
sensor.thread_bmp180_teplomer_teplota,23.3,2026-10-02T07:31:07.576Z
sensor.thread_bmp180_teplomer_teplota,23.33,2026-10-02T07:32:07.576Z
sensor.thread_bmp180_teplomer_teplota,23.34,2026-10-02T07:32:37.575Z
sensor.thread_bmp180_teplomer_teplota,23.35,2026-10-02T07:33:07.576Z
sensor.thread_bmp180_teplomer_teplota,23.37,2026-10-02T07:34:07.576Z
sensor.thread_bmp180_teplomer_teplota,23.38,2026-10-02T07:35:07.575Z
sensor.thread_bmp180_teplomer_teplota,23.4,2026-10-02T07:36:07.574Z
sensor.thread_bmp180_teplomer_teplota,23.42,2026-10-02T07:37:07.577Z
sensor.thread_bmp180_teplomer_teplota,23.43,2026-10-02T07:38:07.575Z
sensor.thread_bmp180_teplomer_teplota,23.47,2026-10-02T07:40:27.698Z
sensor.thread_bmp180_teplomer_teplota,23.48,2026-10-02T07:40:37.029Z
sensor.thread_bmp180_teplomer_teplota,23.49,2026-10-02T07:41:07.031Z
sensor.thread_bmp180_teplomer_teplota,23.5,2026-10-02T07:42:07.030Z
sensor.thread_bmp180_teplomer_teplota,23.51,2026-10-02T07:42:37.029Z
sensor.thread_bmp180_teplomer_teplota,23.53,2026-10-02T07:43:37.030Z
sensor.thread_bmp180_teplomer_teplota,23.54,2026-10-02T07:44:37.029Z
sensor.thread_bmp180_teplomer_teplota,23.55,2026-10-02T07:45:07.030Z
sensor.thread_bmp180_teplomer_teplota,23.57,2026-10-02T07:46:37.031Z
sensor.thread_bmp180_teplomer_teplota,23.56,2026-10-02T07:47:07.029Z
sensor.thread_bmp180_teplomer_teplota,23.57,2026-10-02T07:47:37.029Z
sensor.thread_bmp180_teplomer_teplota,23.58,2026-10-02T07:48:37.030Z
sensor.thread_bmp180_teplomer_teplota,23.59,2026-10-02T07:49:07.031Z
sensor.thread_bmp180_teplomer_teplota,23.6,2026-10-02T07:50:07.029Z
sensor.thread_bmp180_teplomer_teplota,23.68,2026-10-02T07:51:07.029Z
sensor.thread_bmp180_teplomer_teplota,23.7,2026-10-02T07:51:37.029Z
sensor.thread_bmp180_teplomer_teplota,23.69,2026-10-02T07:52:07.031Z
sensor.thread_bmp180_teplomer_teplota,23.7,2026-10-02T07:52:37.031Z
sensor.thread_bmp180_teplomer_teplota,23.73,2026-10-02T07:54:57.826Z
sensor.thread_bmp180_teplomer_teplota,23.75,2026-10-02T07:55:09.694Z
sensor.thread_bmp180_teplomer_teplota,23.76,2026-10-02T07:55:39.697Z
sensor.thread_bmp180_teplomer_teplota,23.81,2026-10-02T07:57:09.697Z
sensor.thread_bmp180_teplomer_teplota,23.79,2026-10-02T07:57:39.697Z
sensor.thread_bmp180_teplomer_teplota,23.84,2026-10-02T07:58:09.696Z
sensor.thread_bmp180_teplomer_teplota,23.85,2026-10-02T07:58:39.695Z
sensor.thread_bmp180_teplomer_teplota,23.86,2026-10-02T07:59:39.705Z
sensor.thread_bmp180_teplomer_teplota,23.87,2026-10-02T08:00:09.696Z
sensor.thread_bmp180_teplomer_teplota,23.88,2026-10-02T08:01:09.695Z
sensor.thread_bmp180_teplomer_teplota,23.89,2026-10-02T08:01:39.698Z
sensor.thread_bmp180_teplomer_teplota,23.9,2026-10-02T08:02:09.697Z
sensor.thread_bmp180_teplomer_teplota,23.91,2026-10-02T08:02:39.696Z
sensor.thread_bmp180_teplomer_teplota,23.92,2026-10-02T08:03:09.695Z
sensor.thread_bmp180_teplomer_teplota,23.93,2026-10-02T08:03:39.695Z
sensor.thread_bmp180_teplomer_teplota,23.94,2026-10-02T08:04:39.696Z
sensor.thread_bmp180_teplomer_teplota,23.95,2026-10-02T08:05:09.697Z
sensor.thread_bmp180_teplomer_teplota,23.97,2026-10-02T08:05:39.695Z
sensor.thread_bmp180_teplomer_teplota,23.98,2026-10-02T08:06:09.696Z
sensor.thread_bmp180_teplomer_teplota,23.99,2026-10-02T08:07:09.697Z
sensor.thread_bmp180_teplomer_teplota,24.02,2026-10-02T08:08:09.697Z
sensor.thread_bmp180_teplomer_teplota,24.04,2026-10-02T08:10:42.839Z
sensor.thread_bmp180_teplomer_teplota,24.05,2026-10-02T08:11:12.837Z
sensor.thread_bmp180_teplomer_teplota,24.04,2026-10-02T08:11:42.839Z
sensor.thread_bmp180_teplomer_teplota,24.05,2026-10-02T08:13:12.839Z
sensor.thread_bmp180_teplomer_teplota,24.04,2026-10-02T08:13:42.838Z
sensor.thread_bmp180_teplomer_teplota,24.06,2026-10-02T08:14:12.837Z
sensor.thread_bmp180_teplomer_teplota,24.05,2026-10-02T08:14:42.837Z
sensor.thread_bmp180_teplomer_teplota,24.04,2026-10-02T08:15:12.839Z
sensor.thread_bmp180_teplomer_teplota,24.03,2026-10-02T08:16:12.837Z
sensor.thread_bmp180_teplomer_teplota,24.02,2026-10-02T08:16:42.837Z
sensor.thread_bmp180_teplomer_teplota,24.01,2026-10-02T08:17:12.839Z
sensor.thread_bmp180_teplomer_teplota,23.98,2026-10-02T08:18:12.839Z
sensor.thread_bmp180_teplomer_teplota,23.99,2026-10-02T08:19:12.837Z
sensor.thread_bmp180_teplomer_teplota,23.98,2026-10-02T08:19:42.839Z
sensor.thread_bmp180_teplomer_teplota,23.97,2026-10-02T08:20:12.837Z
sensor.thread_bmp180_teplomer_teplota,23.96,2026-10-02T08:20:42.838Z
sensor.thread_bmp180_teplomer_teplota,23.94,2026-10-02T08:22:12.837Z
sensor.thread_bmp180_teplomer_teplota,23.95,2026-10-02T08:22:42.838Z
sensor.thread_bmp180_teplomer_teplota,23.94,2026-10-02T08:23:12.839Z
sensor.thread_bmp180_teplomer_teplota,23.93,2026-10-02T08:25:41.279Z
sensor.thread_bmp180_teplomer_teplota,23.92,2026-10-02T08:26:11.279Z
sensor.thread_bmp180_teplomer_teplota,23.91,2026-10-02T08:27:11.278Z
sensor.thread_bmp180_teplomer_teplota,23.9,2026-10-02T08:28:11.279Z
sensor.thread_bmp180_teplomer_teplota,23.93,2026-10-02T08:28:41.280Z
sensor.thread_bmp180_teplomer_teplota,24.04,2026-10-02T08:31:01.497Z
sensor.thread_bmp180_teplomer_teplota,23.98,2026-10-02T08:31:02.126Z
sensor.thread_bmp180_teplomer_teplota,23.93,2026-10-02T08:31:31.568Z
sensor.thread_bmp180_teplomer_teplota,23.89,2026-10-02T08:32:01.587Z
sensor.thread_bmp180_teplomer_teplota,23.87,2026-10-02T08:33:01.569Z
sensor.thread_bmp180_teplomer_teplota,23.84,2026-10-02T08:33:31.568Z
sensor.thread_bmp180_teplomer_teplota,23.83,2026-10-02T08:34:01.569Z
sensor.thread_bmp180_teplomer_teplota,23.81,2026-10-02T08:34:31.567Z
sensor.thread_bmp180_teplomer_teplota,23.79,2026-10-02T08:35:31.584Z
sensor.thread_bmp180_teplomer_teplota,23.77,2026-10-02T08:36:31.594Z
sensor.thread_bmp180_teplomer_teplota,23.74,2026-10-02T08:37:01.568Z
sensor.thread_bmp180_teplomer_teplota,23.76,2026-10-02T08:38:01.577Z
sensor.thread_bmp180_teplomer_teplota,23.74,2026-10-02T08:38:31.566Z
sensor.thread_bmp180_teplomer_teplota,23.75,2026-10-02T08:39:31.588Z
sensor.thread_bmp180_teplomer_teplota,23.74,2026-10-02T08:40:01.566Z
sensor.thread_bmp180_teplomer_teplota,23.73,2026-10-02T08:42:31.568Z
sensor.thread_bmp180_teplomer_teplota,23.72,2026-10-02T08:43:01.566Z
sensor.thread_bmp180_teplomer_teplota,23.73,2026-10-02T08:44:01.577Z
sensor.thread_bmp180_teplomer_teplota,23.76,2026-10-02T08:44:31.568Z
sensor.thread_bmp180_teplomer_teplota,23.73,2026-10-02T08:46:52.569Z
sensor.thread_bmp180_teplomer_teplota,23.72,2026-10-02T08:46:58.578Z
sensor.thread_bmp180_teplomer_teplota,23.7,2026-10-02T08:47:28.572Z
sensor.thread_bmp180_teplomer_teplota,23.69,2026-10-02T08:51:58.579Z
sensor.thread_bmp180_teplomer_teplota,23.7,2026-10-02T08:52:28.570Z
sensor.thread_bmp180_teplomer_teplota,23.72,2026-10-02T08:52:58.568Z
sensor.thread_bmp180_teplomer_teplota,23.71,2026-10-02T08:53:28.568Z
sensor.thread_bmp180_teplomer_teplota,23.73,2026-10-02T08:53:58.568Z
sensor.thread_bmp180_teplomer_teplota,23.72,2026-10-02T08:54:28.577Z
sensor.thread_bmp180_teplomer_teplota,23.71,2026-10-02T08:55:28.569Z
sensor.thread_bmp180_teplomer_teplota,23.7,2026-10-02T08:55:58.571Z
sensor.thread_bmp180_teplomer_teplota,23.72,2026-10-02T08:56:28.569Z
sensor.thread_bmp180_teplomer_teplota,23.7,2026-10-02T08:57:28.568Z
sensor.thread_bmp180_teplomer_teplota,23.71,2026-10-02T08:57:58.568Z
sensor.thread_bmp180_teplomer_teplota,23.7,2026-10-02T08:58:28.570Z
sensor.thread_bmp180_teplomer_teplota,23.71,2026-10-02T08:58:58.568Z
sensor.thread_bmp180_teplomer_teplota,23.69,2026-10-02T08:59:58.569Z
sensor.thread_bmp180_teplomer_teplota,23.7,2026-10-02T09:02:18.558Z
sensor.thread_bmp180_teplomer_teplota,23.69,2026-10-02T09:04:30.528Z
sensor.thread_bmp180_teplomer_teplota,23.68,2026-10-02T09:05:00.527Z
sensor.thread_bmp180_teplomer_teplota,23.69,2026-10-02T09:05:30.528Z
sensor.thread_bmp180_teplomer_teplota,23.68,2026-10-02T09:06:00.528Z
sensor.thread_bmp180_teplomer_teplota,23.69,2026-10-02T09:06:30.529Z
sensor.thread_bmp180_teplomer_teplota,23.68,2026-10-02T09:07:00.529Z
sensor.thread_bmp180_teplomer_teplota,23.69,2026-10-02T09:07:30.529Z
sensor.thread_bmp180_teplomer_teplota,23.68,2026-10-02T09:08:30.527Z
sensor.thread_bmp180_teplomer_teplota,23.69,2026-10-02T09:09:30.528Z
sensor.thread_bmp180_teplomer_teplota,23.67,2026-10-02T09:10:00.528Z
sensor.thread_bmp180_teplomer_teplota,23.69,2026-10-02T09:10:30.529Z
sensor.thread_bmp180_teplomer_teplota,23.67,2026-10-02T09:11:00.527Z
sensor.thread_bmp180_teplomer_teplota,23.68,2026-10-02T09:11:30.528Z
sensor.thread_bmp180_teplomer_teplota,23.67,2026-10-02T09:13:00.527Z
sensor.thread_bmp180_teplomer_teplota,23.68,2026-10-02T09:13:30.528Z
sensor.thread_bmp180_teplomer_teplota,23.67,2026-10-02T09:14:00.529Z
sensor.thread_bmp180_teplomer_teplota,23.65,2026-10-02T09:15:00.527Z
sensor.thread_bmp180_teplomer_teplota,23.67,2026-10-02T09:17:21.415Z
sensor.thread_bmp180_teplomer_teplota,23.65,2026-10-02T09:17:31.752Z
sensor.thread_bmp180_teplomer_teplota,23.67,2026-10-02T09:18:31.754Z
sensor.thread_bmp180_teplomer_teplota,23.69,2026-10-02T09:20:01.752Z
sensor.thread_bmp180_teplomer_teplota,23.67,2026-10-02T09:20:31.753Z
sensor.thread_bmp180_teplomer_teplota,23.68,2026-10-02T09:22:01.770Z
sensor.thread_bmp180_teplomer_teplota,23.67,2026-10-02T09:22:31.753Z
sensor.thread_bmp180_teplomer_teplota,23.66,2026-10-02T09:23:31.753Z
sensor.thread_bmp180_teplomer_teplota,23.68,2026-10-02T09:24:01.754Z
sensor.thread_bmp180_teplomer_teplota,23.67,2026-10-02T09:25:01.754Z
sensor.thread_bmp180_teplomer_teplota,23.65,2026-10-02T09:29:31.753Z
sensor.thread_bmp180_teplomer_teplota,unknown,2026-10-02T09:30:31.337Z
sensor.thread_bmp180_teplomer_teplota,23.65,2026-10-02T09:30:32.155Z
sensor.thread_bmp180_teplomer_teplota,23.67,2026-10-02T09:31:32.153Z
sensor.thread_bmp180_teplomer_teplota,23.68,2026-10-02T09:32:02.157Z
sensor.thread_bmp180_teplomer_teplota,23.67,2026-10-02T09:32:32.153Z
sensor.thread_bmp180_teplomer_teplota,23.68,2026-10-02T09:34:32.154Z
sensor.thread_bmp180_teplomer_teplota,23.67,2026-10-02T09:35:32.155Z
sensor.thread_bmp180_teplomer_teplota,23.69,2026-10-02T09:37:02.155Z
sensor.thread_bmp180_teplomer_teplota,23.67,2026-10-02T09:37:32.153Z
sensor.thread_bmp180_teplomer_teplota,23.68,2026-10-02T09:38:02.152Z
sensor.thread_bmp180_teplomer_teplota,23.67,2026-10-02T09:39:02.154Z
sensor.thread_bmp180_teplomer_teplota,23.64,2026-10-02T09:40:32.154Z
sensor.thread_bmp180_teplomer_teplota,23.65,2026-10-02T09:41:02.153Z
sensor.thread_bmp180_teplomer_teplota,23.67,2026-10-02T09:41:32.153Z
sensor.thread_bmp180_teplomer_teplota,23.68,2026-10-02T09:42:02.156Z
sensor.thread_bmp180_teplomer_teplota,23.67,2026-10-02T09:42:32.153Z
sensor.thread_bmp180_teplomer_teplota,23.66,2026-10-02T09:43:32.153Z
sensor.thread_bmp180_teplomer_teplota,23.67,2026-10-02T09:44:02.162Z
sensor.thread_bmp180_teplomer_teplota,23.65,2026-10-02T09:45:02.152Z
sensor.thread_bmp180_teplomer_teplota,23.66,2026-10-02T09:48:05.039Z
sensor.thread_bmp180_teplomer_teplota,23.65,2026-10-02T09:48:35.041Z
sensor.thread_bmp180_teplomer_teplota,23.66,2026-10-02T09:50:05.040Z
sensor.thread_bmp180_teplomer_teplota,23.65,2026-10-02T09:51:05.038Z
sensor.thread_bmp180_teplomer_teplota,23.67,2026-10-02T09:52:05.047Z
sensor.thread_bmp180_teplomer_teplota,23.66,2026-10-02T09:53:35.038Z
sensor.thread_bmp180_teplomer_teplota,23.68,2026-10-02T09:54:05.041Z
sensor.thread_bmp180_teplomer_teplota,23.66,2026-10-02T09:54:35.039Z
sensor.thread_bmp180_teplomer_teplota,23.65,2026-10-02T09:55:05.037Z
sensor.thread_bmp180_teplomer_teplota,23.67,2026-10-02T09:56:05.040Z
sensor.thread_bmp180_teplomer_teplota,23.65,2026-10-02T09:58:05.039Z
sensor.thread_bmp180_teplomer_teplota,23.66,2026-10-02T09:58:35.039Z
sensor.thread_bmp180_teplomer_teplota,23.64,2026-10-02T09:59:05.047Z
sensor.thread_bmp180_teplomer_teplota,23.65,2026-10-02T09:59:35.038Z
sensor.thread_bmp180_teplomer_teplota,23.67,2026-10-02T10:00:05.039Z
sensor.thread_bmp180_teplomer_teplota,23.65,2026-10-02T10:00:39.787Z
sensor.thread_bmp180_teplomer_teplota,23.64,2026-10-02T10:01:34.905Z
sensor.thread_bmp180_teplomer_teplota,23.65,2026-10-02T10:02:04.913Z
sensor.thread_bmp180_teplomer_teplota,23.66,2026-10-02T10:02:34.906Z
sensor.thread_bmp180_teplomer_teplota,23.64,2026-10-02T10:03:04.905Z
sensor.thread_bmp180_teplomer_teplota,23.63,2026-10-02T10:04:34.904Z
sensor.thread_bmp180_teplomer_teplota,23.67,2026-10-02T10:05:04.905Z
sensor.thread_bmp180_teplomer_teplota,23.65,2026-10-02T10:05:34.904Z
sensor.thread_bmp180_teplomer_teplota,23.67,2026-10-02T10:06:34.914Z
sensor.thread_bmp180_teplomer_teplota,23.65,2026-10-02T10:07:04.905Z
sensor.thread_bmp180_teplomer_teplota,23.66,2026-10-02T10:07:34.905Z
sensor.thread_bmp180_teplomer_teplota,23.67,2026-10-02T10:08:04.905Z
sensor.thread_bmp180_teplomer_teplota,23.65,2026-10-02T10:08:34.904Z
sensor.thread_bmp180_teplomer_teplota,23.68,2026-10-02T10:09:04.904Z
sensor.thread_bmp180_teplomer_teplota,23.7,2026-10-02T10:09:34.905Z
sensor.thread_bmp180_teplomer_teplota,23.78,2026-10-02T10:10:04.904Z
sensor.thread_bmp180_teplomer_teplota,23.79,2026-10-02T10:10:34.905Z
sensor.thread_bmp180_teplomer_teplota,23.77,2026-10-02T10:11:04.905Z
sensor.thread_bmp180_teplomer_teplota,23.74,2026-10-02T10:13:04.903Z
sensor.thread_bmp180_teplomer_teplota,23.72,2026-10-02T10:14:04.906Z
sensor.thread_bmp180_teplomer_teplota,23.68,2026-10-02T10:15:04.912Z
sensor.thread_bmp180_teplomer_teplota,23.67,2026-10-02T10:15:40.679Z
sensor.thread_bmp180_teplomer_teplota,23.68,2026-10-02T10:16:06.847Z
sensor.thread_bmp180_teplomer_teplota,23.67,2026-10-02T10:16:36.841Z
sensor.thread_bmp180_teplomer_teplota,23.66,2026-10-02T10:17:06.838Z
sensor.thread_bmp180_teplomer_teplota,23.67,2026-10-02T10:17:36.840Z
sensor.thread_bmp180_teplomer_teplota,23.68,2026-10-02T10:18:06.839Z
sensor.thread_bmp180_teplomer_teplota,23.69,2026-10-02T10:19:06.839Z
sensor.thread_bmp180_teplomer_teplota,23.68,2026-10-02T10:19:36.840Z
sensor.thread_bmp180_teplomer_teplota,23.67,2026-10-02T10:20:06.841Z
sensor.thread_bmp180_teplomer_teplota,23.68,2026-10-02T10:21:06.840Z
sensor.thread_bmp180_teplomer_teplota,23.69,2026-10-02T10:21:36.840Z
sensor.thread_bmp180_teplomer_teplota,23.67,2026-10-02T10:22:06.841Z
sensor.thread_bmp180_teplomer_teplota,23.66,2026-10-02T10:22:36.841Z
sensor.thread_bmp180_teplomer_teplota,23.69,2026-10-02T10:23:06.841Z
sensor.thread_bmp180_teplomer_teplota,23.68,2026-10-02T10:23:36.841Z
sensor.thread_bmp180_teplomer_teplota,23.7,2026-10-02T10:25:06.840Z
sensor.thread_bmp180_teplomer_teplota,23.69,2026-10-02T10:25:36.841Z
sensor.thread_bmp180_teplomer_teplota,23.68,2026-10-02T10:26:06.839Z
sensor.thread_bmp180_teplomer_teplota,23.69,2026-10-02T10:26:36.841Z
sensor.thread_bmp180_teplomer_teplota,23.7,2026-10-02T10:27:36.847Z
sensor.thread_bmp180_teplomer_teplota,23.69,2026-10-02T10:28:06.839Z
sensor.thread_bmp180_teplomer_teplota,23.7,2026-10-02T10:30:06.838Z
sensor.thread_bmp180_teplomer_teplota,23.71,2026-10-02T10:32:27.074Z
sensor.thread_bmp180_teplomer_teplota,23.7,2026-10-02T10:32:34.809Z
sensor.thread_bmp180_teplomer_teplota,23.72,2026-10-02T10:33:04.810Z
sensor.thread_bmp180_teplomer_teplota,23.71,2026-10-02T10:33:34.810Z
sensor.thread_bmp180_teplomer_teplota,23.69,2026-10-02T10:34:04.807Z
sensor.thread_bmp180_teplomer_teplota,23.7,2026-10-02T10:34:34.808Z
sensor.thread_bmp180_teplomer_teplota,23.69,2026-10-02T10:35:34.809Z
sensor.thread_bmp180_teplomer_teplota,23.7,2026-10-02T10:36:04.810Z
sensor.thread_bmp180_teplomer_teplota,23.72,2026-10-02T10:37:04.810Z
sensor.thread_bmp180_teplomer_teplota,23.7,2026-10-02T10:37:34.809Z
sensor.thread_bmp180_teplomer_teplota,23.74,2026-10-02T10:38:04.808Z
sensor.thread_bmp180_teplomer_teplota,23.73,2026-10-02T10:39:04.808Z
sensor.thread_bmp180_teplomer_teplota,23.76,2026-10-02T10:39:34.816Z
sensor.thread_bmp180_teplomer_teplota,23.75,2026-10-02T10:40:04.824Z
sensor.thread_bmp180_teplomer_teplota,23.76,2026-10-02T10:40:34.810Z
sensor.thread_bmp180_teplomer_teplota,23.74,2026-10-02T10:41:04.807Z
sensor.thread_bmp180_teplomer_teplota,23.73,2026-10-02T10:41:34.810Z
sensor.thread_bmp180_teplomer_teplota,23.77,2026-10-02T10:42:04.810Z
sensor.thread_bmp180_teplomer_teplota,23.76,2026-10-02T10:42:34.807Z
sensor.thread_bmp180_teplomer_teplota,23.77,2026-10-02T10:43:04.807Z
sensor.thread_bmp180_teplomer_teplota,23.75,2026-10-02T10:44:34.808Z
sensor.thread_bmp180_teplomer_teplota,23.74,2026-10-02T10:46:55.637Z
sensor.thread_bmp180_teplomer_teplota,23.75,2026-10-02T10:47:04.508Z
sensor.thread_bmp180_teplomer_teplota,23.74,2026-10-02T10:47:34.509Z
sensor.thread_bmp180_teplomer_teplota,23.76,2026-10-02T10:48:04.508Z
sensor.thread_bmp180_teplomer_teplota,23.74,2026-10-02T10:48:34.508Z
sensor.thread_bmp180_teplomer_teplota,23.76,2026-10-02T10:49:04.506Z
sensor.thread_bmp180_teplomer_teplota,23.75,2026-10-02T10:50:04.508Z
sensor.thread_bmp180_teplomer_teplota,23.76,2026-10-02T10:50:34.509Z
sensor.thread_bmp180_teplomer_teplota,23.82,2026-10-02T10:53:04.508Z
sensor.thread_bmp180_teplomer_teplota,23.81,2026-10-02T10:54:04.506Z
sensor.thread_bmp180_teplomer_teplota,23.78,2026-10-02T10:55:04.507Z
sensor.thread_bmp180_teplomer_teplota,23.79,2026-10-02T10:55:34.507Z
sensor.thread_bmp180_teplomer_teplota,23.78,2026-10-02T10:57:04.507Z
sensor.thread_bmp180_teplomer_teplota,23.79,2026-10-02T10:57:34.506Z
sensor.thread_bmp180_teplomer_teplota,23.8,2026-10-02T10:58:04.507Z
sensor.thread_bmp180_teplomer_teplota,23.78,2026-10-02T10:58:34.506Z
sensor.thread_bmp180_teplomer_teplota,23.79,2026-10-02T10:59:04.507Z
sensor.thread_bmp180_teplomer_teplota,23.78,2026-10-02T11:00:04.507Z
sensor.thread_bmp180_teplomer_teplota,23.79,2026-10-02T11:02:24.885Z
sensor.thread_bmp180_teplomer_teplota,23.81,2026-10-02T11:02:37.210Z
sensor.thread_bmp180_teplomer_teplota,23.82,2026-10-02T11:04:07.209Z
sensor.thread_bmp180_teplomer_teplota,23.81,2026-10-02T11:04:37.211Z
sensor.thread_bmp180_teplomer_teplota,23.82,2026-10-02T11:05:07.211Z
sensor.thread_bmp180_teplomer_teplota,23.83,2026-10-02T11:06:37.210Z
sensor.thread_bmp180_teplomer_teplota,23.86,2026-10-02T11:07:07.210Z
sensor.thread_bmp180_teplomer_teplota,23.87,2026-10-02T11:09:07.211Z
sensor.thread_bmp180_teplomer_teplota,23.86,2026-10-02T11:10:07.210Z
sensor.thread_bmp180_teplomer_teplota,23.84,2026-10-02T11:10:37.209Z
sensor.thread_bmp180_teplomer_teplota,23.86,2026-10-02T11:11:07.210Z
sensor.thread_bmp180_teplomer_teplota,23.85,2026-10-02T11:12:37.209Z
sensor.thread_bmp180_teplomer_teplota,23.87,2026-10-02T11:13:37.209Z
sensor.thread_bmp180_teplomer_teplota,23.86,2026-10-02T11:14:07.210Z
sensor.thread_bmp180_teplomer_teplota,23.91,2026-10-02T11:15:07.209Z
sensor.thread_bmp180_teplomer_teplota,unknown,2026-10-02T11:15:37.226Z
sensor.thread_bmp180_teplomer_teplota,23.89,2026-10-02T11:15:38.637Z
sensor.thread_bmp180_teplomer_teplota,23.91,2026-10-02T11:16:08.637Z
sensor.thread_bmp180_teplomer_teplota,23.94,2026-10-02T11:16:38.644Z
sensor.thread_bmp180_teplomer_teplota,23.93,2026-10-02T11:17:08.638Z
sensor.thread_bmp180_teplomer_teplota,23.92,2026-10-02T11:17:38.638Z
sensor.thread_bmp180_teplomer_teplota,23.96,2026-10-02T11:18:08.646Z
sensor.thread_bmp180_teplomer_teplota,23.98,2026-10-02T11:18:38.636Z
sensor.thread_bmp180_teplomer_teplota,23.94,2026-10-02T11:19:08.638Z
sensor.thread_bmp180_teplomer_teplota,23.92,2026-10-02T11:19:38.638Z
sensor.thread_bmp180_teplomer_teplota,23.94,2026-10-02T11:20:08.638Z
sensor.thread_bmp180_teplomer_teplota,23.95,2026-10-02T11:20:38.636Z
sensor.thread_bmp180_teplomer_teplota,23.97,2026-10-02T11:21:38.638Z
sensor.thread_bmp180_teplomer_teplota,23.95,2026-10-02T11:23:08.637Z
sensor.thread_bmp180_teplomer_teplota,23.93,2026-10-02T11:23:38.637Z
sensor.thread_bmp180_teplomer_teplota,23.91,2026-10-02T11:24:08.636Z
sensor.thread_bmp180_teplomer_teplota,23.88,2026-10-02T11:24:38.637Z
sensor.thread_bmp180_teplomer_teplota,23.89,2026-10-02T11:25:08.646Z
sensor.thread_bmp180_teplomer_teplota,23.91,2026-10-02T11:26:38.637Z
sensor.thread_bmp180_teplomer_teplota,23.89,2026-10-02T11:27:08.638Z
sensor.thread_bmp180_teplomer_teplota,23.91,2026-10-02T11:27:38.638Z
sensor.thread_bmp180_teplomer_teplota,23.94,2026-10-02T11:29:08.636Z
sensor.thread_bmp180_teplomer_teplota,23.96,2026-10-02T11:29:38.635Z
sensor.thread_bmp180_teplomer_teplota,23.93,2026-10-02T11:30:08.638Z
sensor.thread_bmp180_teplomer_teplota,23.89,2026-10-02T11:32:29.188Z
sensor.thread_bmp180_teplomer_teplota,23.92,2026-10-02T11:32:37.383Z
sensor.thread_bmp180_teplomer_teplota,23.9,2026-10-02T11:34:07.384Z
sensor.thread_bmp180_teplomer_teplota,23.88,2026-10-02T11:34:37.384Z
sensor.thread_bmp180_teplomer_teplota,23.92,2026-10-02T11:35:07.382Z
sensor.thread_bmp180_teplomer_teplota,23.91,2026-10-02T11:35:37.383Z
sensor.thread_bmp180_teplomer_teplota,23.89,2026-10-02T11:36:07.383Z
sensor.thread_bmp180_teplomer_teplota,23.88,2026-10-02T11:38:07.382Z
sensor.thread_bmp180_teplomer_teplota,23.87,2026-10-02T11:38:37.383Z
sensor.thread_bmp180_teplomer_teplota,23.88,2026-10-02T11:39:37.382Z
sensor.thread_bmp180_teplomer_teplota,23.87,2026-10-02T11:40:07.383Z
sensor.thread_bmp180_teplomer_teplota,23.88,2026-10-02T11:40:37.383Z
sensor.thread_bmp180_teplomer_teplota,23.87,2026-10-02T11:41:07.382Z
sensor.thread_bmp180_teplomer_teplota,23.88,2026-10-02T11:41:37.382Z
sensor.thread_bmp180_teplomer_teplota,23.91,2026-10-02T11:42:07.382Z
sensor.thread_bmp180_teplomer_teplota,23.89,2026-10-02T11:43:37.382Z
sensor.thread_bmp180_teplomer_teplota,23.92,2026-10-02T11:45:07.383Z
sensor.thread_bmp180_teplomer_teplota,23.91,2026-10-02T11:47:28.175Z
sensor.thread_bmp180_teplomer_teplota,23.89,2026-10-02T11:47:42.219Z
sensor.thread_bmp180_teplomer_teplota,23.91,2026-10-02T11:48:12.218Z
sensor.thread_bmp180_teplomer_teplota,23.89,2026-10-02T11:48:42.217Z
sensor.thread_bmp180_teplomer_teplota,23.88,2026-10-02T11:49:42.218Z
sensor.thread_bmp180_teplomer_teplota,23.89,2026-10-02T11:50:12.217Z
sensor.thread_bmp180_teplomer_teplota,23.88,2026-10-02T11:52:12.217Z
sensor.thread_bmp180_teplomer_teplota,23.89,2026-10-02T11:52:42.217Z
sensor.thread_bmp180_teplomer_teplota,23.88,2026-10-02T11:53:12.219Z
sensor.thread_bmp180_teplomer_teplota,23.89,2026-10-02T11:54:12.219Z
sensor.thread_bmp180_teplomer_teplota,23.9,2026-10-02T11:54:42.218Z
sensor.thread_bmp180_teplomer_teplota,23.89,2026-10-02T11:55:12.217Z
sensor.thread_bmp180_teplomer_teplota,23.88,2026-10-02T11:55:42.217Z
sensor.thread_bmp180_teplomer_teplota,23.89,2026-10-02T11:56:12.216Z
sensor.thread_bmp180_teplomer_teplota,23.88,2026-10-02T11:56:42.217Z
sensor.thread_bmp180_teplomer_teplota,23.91,2026-10-02T11:59:12.216Z
sensor.thread_bmp180_teplomer_teplota,23.92,2026-10-02T11:59:42.216Z
sensor.thread_bmp180_teplomer_teplota,23.93,2026-10-02T12:00:12.217Z
sensor.thread_bmp180_teplomer_teplota,23.94,2026-10-02T12:01:10.188Z
sensor.thread_bmp180_teplomer_teplota,23.95,2026-10-02T12:01:40.188Z
sensor.thread_bmp180_teplomer_teplota,23.94,2026-10-02T12:02:10.189Z
sensor.thread_bmp180_teplomer_teplota,23.93,2026-10-02T12:02:40.187Z
sensor.thread_bmp180_teplomer_teplota,23.92,2026-10-02T12:03:10.188Z
sensor.thread_bmp180_teplomer_teplota,23.93,2026-10-02T12:03:40.188Z
sensor.thread_bmp180_teplomer_teplota,23.94,2026-10-02T12:04:10.186Z
sensor.thread_bmp180_teplomer_teplota,23.91,2026-10-02T12:04:40.186Z
sensor.thread_bmp180_teplomer_teplota,23.92,2026-10-02T12:05:10.187Z
sensor.thread_bmp180_teplomer_teplota,23.93,2026-10-02T12:06:40.188Z
sensor.thread_bmp180_teplomer_teplota,23.92,2026-10-02T12:07:10.194Z
sensor.thread_bmp180_teplomer_teplota,23.91,2026-10-02T12:07:40.187Z
sensor.thread_bmp180_teplomer_teplota,23.89,2026-10-02T12:09:40.186Z
sensor.thread_bmp180_teplomer_teplota,23.91,2026-10-02T12:10:10.187Z
sensor.thread_bmp180_teplomer_teplota,23.89,2026-10-02T12:11:10.189Z
sensor.thread_bmp180_teplomer_teplota,23.92,2026-10-02T12:11:40.187Z
sensor.thread_bmp180_teplomer_teplota,23.93,2026-10-02T12:12:10.186Z
sensor.thread_bmp180_teplomer_teplota,23.92,2026-10-02T12:12:40.188Z
sensor.thread_bmp180_teplomer_teplota,23.91,2026-10-02T12:13:10.186Z
sensor.thread_bmp180_teplomer_teplota,23.9,2026-10-02T12:19:42.594Z
sensor.thread_bmp180_teplomer_teplota,23.91,2026-10-02T12:20:12.594Z
sensor.thread_bmp180_teplomer_teplota,23.94,2026-10-02T12:20:42.595Z
sensor.thread_bmp180_teplomer_teplota,23.92,2026-10-02T12:21:12.594Z
sensor.thread_bmp180_teplomer_teplota,23.93,2026-10-02T12:21:42.594Z
sensor.thread_bmp180_teplomer_teplota,23.92,2026-10-02T12:22:12.595Z
sensor.thread_bmp180_teplomer_teplota,23.94,2026-10-02T12:22:42.593Z
sensor.thread_bmp180_teplomer_teplota,23.92,2026-10-02T12:23:12.594Z
sensor.thread_bmp180_teplomer_teplota,23.93,2026-10-02T12:23:42.594Z
sensor.thread_bmp180_teplomer_teplota,23.92,2026-10-02T12:25:12.595Z
sensor.thread_bmp180_teplomer_teplota,23.93,2026-10-02T12:25:42.595Z
sensor.thread_bmp180_teplomer_teplota,23.92,2026-10-02T12:26:12.594Z
sensor.thread_bmp180_teplomer_teplota,23.94,2026-10-02T12:28:12.592Z
sensor.thread_bmp180_teplomer_teplota,23.96,2026-10-02T12:29:12.592Z
sensor.thread_bmp180_teplomer_teplota,23.93,2026-10-02T12:29:42.594Z
sensor.thread_bmp180_teplomer_teplota,23.94,2026-10-02T12:32:02.507Z
sensor.thread_bmp180_teplomer_teplota,23.93,2026-10-02T12:32:45.052Z
sensor.thread_bmp180_teplomer_teplota,23.92,2026-10-02T12:33:15.050Z
sensor.thread_bmp180_teplomer_teplota,23.93,2026-10-02T12:34:15.052Z
sensor.thread_bmp180_teplomer_teplota,23.92,2026-10-02T12:35:45.051Z
sensor.thread_bmp180_teplomer_teplota,23.91,2026-10-02T12:37:45.051Z
sensor.thread_bmp180_teplomer_teplota,23.92,2026-10-02T12:38:15.050Z
sensor.thread_bmp180_teplomer_teplota,23.93,2026-10-02T12:39:45.052Z
sensor.thread_bmp180_teplomer_teplota,23.96,2026-10-02T12:40:15.050Z
sensor.thread_bmp180_teplomer_teplota,23.95,2026-10-02T12:41:15.050Z
sensor.thread_bmp180_teplomer_teplota,23.96,2026-10-02T12:41:45.052Z
sensor.thread_bmp180_teplomer_teplota,23.97,2026-10-02T12:43:45.050Z
sensor.thread_bmp180_teplomer_teplota,23.96,2026-10-02T12:44:15.051Z
sensor.thread_bmp180_teplomer_teplota,23.95,2026-10-02T12:44:45.050Z
sensor.thread_bmp180_teplomer_teplota,23.96,2026-10-02T12:45:15.051Z
sensor.thread_bmp180_teplomer_teplota,23.97,2026-10-02T12:48:43.865Z
sensor.thread_bmp180_teplomer_teplota,23.96,2026-10-02T12:49:43.866Z
sensor.thread_bmp180_teplomer_teplota,23.97,2026-10-02T12:51:13.866Z
sensor.thread_bmp180_teplomer_teplota,23.98,2026-10-02T12:55:13.866Z
sensor.thread_bmp180_teplomer_teplota,23.97,2026-10-02T12:55:43.867Z
sensor.thread_bmp180_teplomer_teplota,23.96,2026-10-02T12:58:13.868Z
sensor.thread_bmp180_teplomer_teplota,23.97,2026-10-02T12:59:13.866Z
sensor.thread_bmp180_teplomer_teplota,23.98,2026-10-02T12:59:43.867Z
sensor.thread_bmp180_teplomer_teplota,23.97,2026-10-02T13:00:13.867Z
sensor.thread_bmp180_teplomer_teplota,23.98,2026-10-02T13:02:33.922Z
sensor.thread_bmp180_teplomer_teplota,23.99,2026-10-02T13:03:12.974Z
sensor.thread_bmp180_teplomer_teplota,23.98,2026-10-02T13:03:42.972Z
sensor.thread_bmp180_teplomer_teplota,24.01,2026-10-02T13:05:42.972Z
sensor.thread_bmp180_teplomer_teplota,24.03,2026-10-02T13:09:42.973Z
sensor.thread_bmp180_teplomer_teplota,24.01,2026-10-02T13:10:12.973Z
sensor.thread_bmp180_teplomer_teplota,24.02,2026-10-02T13:11:12.973Z
sensor.thread_bmp180_teplomer_teplota,24.04,2026-10-02T13:12:42.973Z
sensor.thread_bmp180_teplomer_teplota,24.01,2026-10-02T13:13:12.973Z
sensor.thread_bmp180_teplomer_teplota,24.04,2026-10-02T13:13:42.973Z
sensor.thread_bmp180_teplomer_teplota,24.02,2026-10-02T13:14:12.974Z
sensor.thread_bmp180_teplomer_teplota,24.03,2026-10-02T13:14:42.972Z
sensor.thread_bmp180_teplomer_teplota,24.04,2026-10-02T13:15:12.974Z
sensor.thread_bmp180_teplomer_teplota,24.06,2026-10-02T13:17:33.753Z
sensor.thread_bmp180_teplomer_teplota,24.07,2026-10-02T13:17:46.419Z
sensor.thread_bmp180_teplomer_teplota,24.05,2026-10-02T13:19:16.416Z
sensor.thread_bmp180_teplomer_teplota,24.06,2026-10-02T13:19:46.416Z
sensor.thread_bmp180_teplomer_teplota,24.04,2026-10-02T13:20:46.418Z
sensor.thread_bmp180_teplomer_teplota,24.03,2026-10-02T13:23:46.420Z
sensor.thread_bmp180_teplomer_teplota,24.04,2026-10-02T13:24:16.419Z
sensor.thread_bmp180_teplomer_teplota,24.03,2026-10-02T13:25:16.417Z
sensor.thread_bmp180_teplomer_teplota,24.04,2026-10-02T13:26:46.419Z
sensor.thread_bmp180_teplomer_teplota,24.03,2026-10-02T13:27:46.420Z
sensor.thread_bmp180_teplomer_teplota,24.04,2026-10-02T13:28:16.420Z
sensor.thread_bmp180_teplomer_teplota,24.03,2026-10-02T13:28:46.418Z
sensor.thread_bmp180_teplomer_teplota,24.05,2026-10-02T13:29:16.418Z
sensor.thread_bmp180_teplomer_teplota,24.07,2026-10-02T13:29:46.420Z
sensor.thread_bmp180_teplomer_teplota,24.04,2026-10-02T13:30:16.420Z
sensor.thread_bmp180_teplomer_teplota,24.06,2026-10-02T13:32:36.892Z
sensor.thread_bmp180_teplomer_teplota,24.03,2026-10-02T13:32:46.883Z
sensor.thread_bmp180_teplomer_teplota,24.06,2026-10-02T13:33:16.881Z
sensor.thread_bmp180_teplomer_teplota,24.04,2026-10-02T13:33:46.882Z
sensor.thread_bmp180_teplomer_teplota,24.02,2026-10-02T13:35:16.883Z
sensor.thread_bmp180_teplomer_teplota,24.04,2026-10-02T13:35:46.883Z
sensor.thread_bmp180_teplomer_teplota,24.06,2026-10-02T13:36:16.886Z
sensor.thread_bmp180_teplomer_teplota,24.05,2026-10-02T13:37:16.883Z
sensor.thread_bmp180_teplomer_teplota,24.06,2026-10-02T13:37:46.881Z
sensor.thread_bmp180_teplomer_teplota,24.05,2026-10-02T13:38:16.882Z
sensor.thread_bmp180_teplomer_teplota,24.04,2026-10-02T13:38:46.882Z
sensor.thread_bmp180_teplomer_teplota,24.06,2026-10-02T13:40:16.883Z
sensor.thread_bmp180_teplomer_teplota,24.03,2026-10-02T13:40:46.882Z
sensor.thread_bmp180_teplomer_teplota,24.02,2026-10-02T13:41:16.882Z
sensor.thread_bmp180_teplomer_teplota,24.05,2026-10-02T13:41:46.882Z
sensor.thread_bmp180_teplomer_teplota,24.06,2026-10-02T13:42:16.882Z
sensor.thread_bmp180_teplomer_teplota,24.04,2026-10-02T13:42:46.881Z
sensor.thread_bmp180_teplomer_teplota,24.05,2026-10-02T13:43:46.881Z
sensor.thread_bmp180_teplomer_teplota,24.07,2026-10-02T13:44:16.884Z
sensor.thread_bmp180_teplomer_teplota,24.06,2026-10-02T13:44:46.883Z
sensor.thread_bmp180_teplomer_teplota,24.08,2026-10-02T13:45:16.883Z
sensor.thread_bmp180_teplomer_teplota,24.09,2026-10-02T13:47:37.434Z
sensor.thread_bmp180_teplomer_teplota,24.11,2026-10-02T13:47:45.613Z
sensor.thread_bmp180_teplomer_teplota,24.12,2026-10-02T13:49:45.622Z
sensor.thread_bmp180_teplomer_teplota,24.11,2026-10-02T13:50:15.615Z
sensor.thread_bmp180_teplomer_teplota,24.12,2026-10-02T13:50:45.615Z
sensor.thread_bmp180_teplomer_teplota,24.14,2026-10-02T13:51:45.614Z
sensor.thread_bmp180_teplomer_teplota,24.15,2026-10-02T13:52:15.620Z
sensor.thread_bmp180_teplomer_teplota,24.13,2026-10-02T13:52:45.612Z
sensor.thread_bmp180_teplomer_teplota,24.14,2026-10-02T13:53:15.612Z
sensor.thread_bmp180_teplomer_teplota,24.16,2026-10-02T13:53:45.613Z
sensor.thread_bmp180_teplomer_teplota,24.15,2026-10-02T13:54:15.613Z
sensor.thread_bmp180_teplomer_teplota,24.17,2026-10-02T13:54:45.614Z
sensor.thread_bmp180_teplomer_teplota,24.19,2026-10-02T13:56:15.613Z
sensor.thread_bmp180_teplomer_teplota,24.21,2026-10-02T13:57:15.614Z
sensor.thread_bmp180_teplomer_teplota,24.2,2026-10-02T13:57:45.613Z
sensor.thread_bmp180_teplomer_teplota,24.19,2026-10-02T13:58:15.612Z
sensor.thread_bmp180_teplomer_teplota,24.21,2026-10-02T13:58:45.612Z
sensor.thread_bmp180_teplomer_teplota,24.19,2026-10-02T13:59:15.613Z
sensor.thread_bmp180_teplomer_teplota,24.21,2026-10-02T14:00:15.612Z
sensor.thread_bmp180_teplomer_teplota,24.19,2026-10-02T14:02:36.381Z
sensor.thread_bmp180_teplomer_teplota,24.21,2026-10-02T14:02:48.861Z
sensor.thread_bmp180_teplomer_teplota,24.22,2026-10-02T14:03:18.863Z
sensor.thread_bmp180_teplomer_teplota,24.21,2026-10-02T14:04:18.863Z
sensor.thread_bmp180_teplomer_teplota,24.22,2026-10-02T14:05:18.861Z
sensor.thread_bmp180_teplomer_teplota,24.25,2026-10-02T14:06:18.863Z
sensor.thread_bmp180_teplomer_teplota,24.27,2026-10-02T14:06:48.862Z
sensor.thread_bmp180_teplomer_teplota,24.32,2026-10-02T14:07:18.863Z
sensor.thread_bmp180_teplomer_teplota,24.38,2026-10-02T14:07:48.861Z
sensor.thread_bmp180_teplomer_teplota,24.44,2026-10-02T14:08:18.862Z
sensor.thread_bmp180_teplomer_teplota,24.51,2026-10-02T14:08:48.862Z
sensor.thread_bmp180_teplomer_teplota,24.55,2026-10-02T14:09:18.862Z
sensor.thread_bmp180_teplomer_teplota,24.62,2026-10-02T14:09:48.861Z
sensor.thread_bmp180_teplomer_teplota,24.68,2026-10-02T14:10:18.863Z
sensor.thread_bmp180_teplomer_teplota,24.71,2026-10-02T14:10:48.861Z
sensor.thread_bmp180_teplomer_teplota,24.74,2026-10-02T14:11:18.863Z
sensor.thread_bmp180_teplomer_teplota,24.76,2026-10-02T14:11:48.862Z
sensor.thread_bmp180_teplomer_teplota,24.81,2026-10-02T14:12:18.863Z
sensor.thread_bmp180_teplomer_teplota,24.82,2026-10-02T14:12:48.871Z
sensor.thread_bmp180_teplomer_teplota,24.87,2026-10-02T14:13:18.860Z
sensor.thread_bmp180_teplomer_teplota,24.88,2026-10-02T14:13:48.862Z
sensor.thread_bmp180_teplomer_teplota,24.9,2026-10-02T14:14:18.863Z
sensor.thread_bmp180_teplomer_teplota,24.89,2026-10-02T14:14:48.862Z
sensor.thread_bmp180_teplomer_teplota,24.88,2026-10-02T14:17:09.174Z
sensor.thread_bmp180_teplomer_teplota,24.87,2026-10-02T14:17:16.466Z
sensor.thread_bmp180_teplomer_teplota,24.82,2026-10-02T14:17:46.466Z
sensor.thread_bmp180_teplomer_teplota,24.79,2026-10-02T14:18:16.466Z
sensor.thread_bmp180_teplomer_teplota,24.74,2026-10-02T14:18:46.465Z
sensor.thread_bmp180_teplomer_teplota,24.71,2026-10-02T14:19:16.465Z
sensor.thread_bmp180_teplomer_teplota,24.67,2026-10-02T14:19:46.466Z
sensor.thread_bmp180_teplomer_teplota,24.62,2026-10-02T14:20:16.467Z
sensor.thread_bmp180_teplomer_teplota,24.59,2026-10-02T14:20:46.464Z
sensor.thread_bmp180_teplomer_teplota,24.57,2026-10-02T14:21:16.464Z
sensor.thread_bmp180_teplomer_teplota,24.54,2026-10-02T14:21:46.467Z
sensor.thread_bmp180_teplomer_teplota,24.52,2026-10-02T14:22:46.466Z
sensor.thread_bmp180_teplomer_teplota,24.51,2026-10-02T14:23:16.466Z
sensor.thread_bmp180_teplomer_teplota,24.5,2026-10-02T14:23:46.466Z
sensor.thread_bmp180_teplomer_teplota,24.49,2026-10-02T14:24:16.466Z
sensor.thread_bmp180_teplomer_teplota,24.48,2026-10-02T14:24:46.466Z
sensor.thread_bmp180_teplomer_teplota,24.47,2026-10-02T14:25:16.466Z
sensor.thread_bmp180_teplomer_teplota,24.46,2026-10-02T14:25:46.466Z
sensor.thread_bmp180_teplomer_teplota,24.44,2026-10-02T14:26:16.467Z
sensor.thread_bmp180_teplomer_teplota,24.43,2026-10-02T14:26:46.465Z
sensor.thread_bmp180_teplomer_teplota,24.44,2026-10-02T14:27:16.464Z
sensor.thread_bmp180_teplomer_teplota,24.43,2026-10-02T14:27:46.467Z
sensor.thread_bmp180_teplomer_teplota,24.42,2026-10-02T14:28:16.465Z
sensor.thread_bmp180_teplomer_teplota,24.43,2026-10-02T14:28:46.466Z
sensor.thread_bmp180_teplomer_teplota,24.4,2026-10-02T14:29:16.464Z
sensor.thread_bmp180_teplomer_teplota,24.41,2026-10-02T14:29:46.466Z
sensor.thread_bmp180_teplomer_teplota,24.4,2026-10-02T14:30:16.465Z
sensor.thread_bmp180_teplomer_teplota,24.39,2026-10-02T14:32:36.391Z
sensor.thread_bmp180_teplomer_teplota,24.38,2026-10-02T14:32:49.894Z
sensor.thread_bmp180_teplomer_teplota,24.37,2026-10-02T14:33:49.893Z
sensor.thread_bmp180_teplomer_teplota,24.38,2026-10-02T14:34:19.894Z
sensor.thread_bmp180_teplomer_teplota,24.37,2026-10-02T14:36:19.894Z
sensor.thread_bmp180_teplomer_teplota,24.36,2026-10-02T14:36:49.894Z
sensor.thread_bmp180_teplomer_teplota,24.34,2026-10-02T14:38:19.892Z
sensor.thread_bmp180_teplomer_teplota,24.36,2026-10-02T14:38:49.894Z
sensor.thread_bmp180_teplomer_teplota,24.33,2026-10-02T14:39:19.895Z
sensor.thread_bmp180_teplomer_teplota,24.35,2026-10-02T14:41:49.894Z
sensor.thread_bmp180_teplomer_teplota,24.38,2026-10-02T14:42:19.894Z
sensor.thread_bmp180_teplomer_teplota,24.36,2026-10-02T14:42:49.894Z
sensor.thread_bmp180_teplomer_teplota,24.34,2026-10-02T14:43:19.895Z
sensor.thread_bmp180_teplomer_teplota,24.33,2026-10-02T14:43:49.894Z
sensor.thread_bmp180_teplomer_teplota,24.34,2026-10-02T14:44:49.894Z
sensor.thread_bmp180_teplomer_teplota,24.35,2026-10-02T14:45:19.893Z
sensor.thread_bmp180_teplomer_teplota,24.34,2026-10-02T14:45:55.874Z
sensor.thread_bmp180_teplomer_teplota,24.33,2026-10-02T14:46:18.428Z
sensor.thread_bmp180_teplomer_teplota,24.32,2026-10-02T14:46:48.427Z
sensor.thread_bmp180_teplomer_teplota,24.33,2026-10-02T14:47:18.429Z
sensor.thread_bmp180_teplomer_teplota,24.32,2026-10-02T14:47:48.427Z
sensor.thread_bmp180_teplomer_teplota,24.33,2026-10-02T14:48:18.428Z
sensor.thread_bmp180_teplomer_teplota,24.31,2026-10-02T14:49:18.427Z
sensor.thread_bmp180_teplomer_teplota,24.29,2026-10-02T14:49:48.429Z
sensor.thread_bmp180_teplomer_teplota,24.28,2026-10-02T14:50:48.427Z
sensor.thread_bmp180_teplomer_teplota,24.29,2026-10-02T14:51:18.428Z
sensor.thread_bmp180_teplomer_teplota,24.28,2026-10-02T14:51:48.427Z
sensor.thread_bmp180_teplomer_teplota,24.29,2026-10-02T14:52:18.428Z
sensor.thread_bmp180_teplomer_teplota,24.28,2026-10-02T14:53:18.429Z
sensor.thread_bmp180_teplomer_teplota,24.3,2026-10-02T14:53:48.427Z
sensor.thread_bmp180_teplomer_teplota,24.28,2026-10-02T14:54:18.428Z
sensor.thread_bmp180_teplomer_teplota,24.29,2026-10-02T14:54:48.428Z
sensor.thread_bmp180_teplomer_teplota,24.28,2026-10-02T14:55:48.428Z
sensor.thread_bmp180_teplomer_teplota,24.26,2026-10-02T14:56:48.429Z
sensor.thread_bmp180_teplomer_teplota,24.27,2026-10-02T14:57:48.427Z
sensor.thread_bmp180_teplomer_teplota,24.24,2026-10-02T14:58:18.428Z
sensor.thread_bmp180_teplomer_teplota,24.25,2026-10-02T14:58:48.426Z
sensor.thread_bmp180_teplomer_teplota,24.23,2026-10-02T14:59:18.428Z
sensor.thread_bmp180_teplomer_teplota,24.26,2026-10-02T14:59:48.429Z
sensor.thread_bmp180_teplomer_teplota,24.24,2026-10-02T15:00:18.429Z
sensor.thread_bmp180_teplomer_teplota,24.26,2026-10-02T15:02:38.407Z
sensor.thread_bmp180_teplomer_teplota,24.25,2026-10-02T15:02:50.165Z
sensor.thread_bmp180_teplomer_teplota,24.26,2026-10-02T15:03:20.164Z
sensor.thread_bmp180_teplomer_teplota,24.25,2026-10-02T15:03:50.166Z
sensor.thread_bmp180_teplomer_teplota,24.24,2026-10-02T15:04:20.166Z
sensor.thread_bmp180_teplomer_teplota,24.22,2026-10-02T15:06:20.164Z
sensor.thread_bmp180_teplomer_teplota,24.24,2026-10-02T15:06:50.165Z
sensor.thread_bmp180_teplomer_teplota,24.23,2026-10-02T15:07:20.166Z
sensor.thread_bmp180_teplomer_teplota,24.25,2026-10-02T15:07:50.165Z
sensor.thread_bmp180_teplomer_teplota,24.23,2026-10-02T15:08:20.165Z
sensor.thread_bmp180_teplomer_teplota,24.22,2026-10-02T15:09:20.165Z
sensor.thread_bmp180_teplomer_teplota,24.21,2026-10-02T15:10:20.166Z
sensor.thread_bmp180_teplomer_teplota,24.22,2026-10-02T15:11:20.165Z
sensor.thread_bmp180_teplomer_teplota,24.23,2026-10-02T15:11:50.165Z
sensor.thread_bmp180_teplomer_teplota,24.2,2026-10-02T15:14:20.164Z
sensor.thread_bmp180_teplomer_teplota,24.21,2026-10-02T15:14:50.165Z
sensor.thread_bmp180_teplomer_teplota,24.19,2026-10-02T15:15:20.166Z
sensor.thread_bmp180_teplomer_teplota,24.22,2026-10-02T15:17:40.604Z
sensor.thread_bmp180_teplomer_teplota,24.19,2026-10-02T15:17:54.236Z
sensor.thread_bmp180_teplomer_teplota,24.21,2026-10-02T15:18:24.235Z
sensor.thread_bmp180_teplomer_teplota,24.18,2026-10-02T15:18:54.234Z
sensor.thread_bmp180_teplomer_teplota,24.19,2026-10-02T15:19:24.235Z
sensor.thread_bmp180_teplomer_teplota,24.21,2026-10-02T15:19:54.235Z
sensor.thread_bmp180_teplomer_teplota,24.19,2026-10-02T15:20:54.236Z
sensor.thread_bmp180_teplomer_teplota,24.18,2026-10-02T15:21:54.234Z
sensor.thread_bmp180_teplomer_teplota,24.22,2026-10-02T15:22:24.234Z
sensor.thread_bmp180_teplomer_teplota,24.21,2026-10-02T15:22:54.235Z
sensor.thread_bmp180_teplomer_teplota,24.19,2026-10-02T15:23:24.236Z
sensor.thread_bmp180_teplomer_teplota,24.21,2026-10-02T15:23:54.234Z
sensor.thread_bmp180_teplomer_teplota,24.22,2026-10-02T15:24:24.234Z
sensor.thread_bmp180_teplomer_teplota,24.21,2026-10-02T15:24:54.235Z
sensor.thread_bmp180_teplomer_teplota,24.19,2026-10-02T15:25:24.236Z
sensor.thread_bmp180_teplomer_teplota,24.17,2026-10-02T15:26:24.235Z
sensor.thread_bmp180_teplomer_teplota,24.18,2026-10-02T15:26:54.233Z
sensor.thread_bmp180_teplomer_teplota,24.16,2026-10-02T15:27:24.234Z
sensor.thread_bmp180_teplomer_teplota,24.18,2026-10-02T15:27:54.236Z
sensor.thread_bmp180_teplomer_teplota,24.17,2026-10-02T15:28:24.236Z
sensor.thread_bmp180_teplomer_teplota,24.18,2026-10-02T15:29:54.236Z
sensor.thread_bmp180_teplomer_teplota,unknown,2026-10-02T15:30:51.649Z
sensor.thread_bmp180_teplomer_teplota,24.18,2026-10-02T15:30:54.558Z
sensor.thread_bmp180_teplomer_teplota,24.2,2026-10-02T15:31:24.558Z
sensor.thread_bmp180_teplomer_teplota,24.18,2026-10-02T15:31:54.558Z
sensor.thread_bmp180_teplomer_teplota,24.17,2026-10-02T15:32:54.558Z
sensor.thread_bmp180_teplomer_teplota,24.16,2026-10-02T15:33:54.557Z
sensor.thread_bmp180_teplomer_teplota,24.17,2026-10-02T15:35:24.558Z
sensor.thread_bmp180_teplomer_teplota,24.18,2026-10-02T15:36:24.556Z
sensor.thread_bmp180_teplomer_teplota,24.17,2026-10-02T15:36:54.558Z
sensor.thread_bmp180_teplomer_teplota,24.16,2026-10-02T15:37:54.557Z
sensor.thread_bmp180_teplomer_teplota,24.17,2026-10-02T15:39:24.557Z
sensor.thread_bmp180_teplomer_teplota,24.16,2026-10-02T15:39:54.558Z
sensor.thread_bmp180_teplomer_teplota,24.17,2026-10-02T15:40:24.557Z
sensor.thread_bmp180_teplomer_teplota,24.16,2026-10-02T15:41:54.556Z
sensor.thread_bmp180_teplomer_teplota,24.17,2026-10-02T15:42:24.558Z
sensor.thread_bmp180_teplomer_teplota,24.16,2026-10-02T15:43:24.555Z
sensor.thread_bmp180_teplomer_teplota,24.15,2026-10-02T15:43:54.556Z
sensor.thread_bmp180_teplomer_teplota,24.14,2026-10-02T15:44:24.556Z
sensor.thread_bmp180_teplomer_teplota,24.16,2026-10-02T15:44:54.557Z
sensor.thread_bmp180_teplomer_teplota,24.17,2026-10-02T15:46:00.217Z
sensor.thread_bmp180_teplomer_teplota,24.16,2026-10-02T15:46:24.864Z
sensor.thread_bmp180_teplomer_teplota,24.17,2026-10-02T15:46:54.861Z
sensor.thread_bmp180_teplomer_teplota,24.14,2026-10-02T15:47:24.863Z
sensor.thread_bmp180_teplomer_teplota,24.15,2026-10-02T15:47:54.863Z
sensor.thread_bmp180_teplomer_teplota,24.13,2026-10-02T15:48:24.862Z
sensor.thread_bmp180_teplomer_teplota,24.16,2026-10-02T15:48:54.863Z
sensor.thread_bmp180_teplomer_teplota,24.14,2026-10-02T15:49:24.864Z
sensor.thread_bmp180_teplomer_teplota,24.12,2026-10-02T15:50:54.862Z
sensor.thread_bmp180_teplomer_teplota,24.11,2026-10-02T15:51:54.863Z
sensor.thread_bmp180_teplomer_teplota,24.12,2026-10-02T15:52:24.863Z
sensor.thread_bmp180_teplomer_teplota,24.13,2026-10-02T15:52:54.862Z
sensor.thread_bmp180_teplomer_teplota,24.11,2026-10-02T15:53:54.864Z
sensor.thread_bmp180_teplomer_teplota,24.12,2026-10-02T15:54:54.864Z
sensor.thread_bmp180_teplomer_teplota,24.11,2026-10-02T15:55:24.863Z
sensor.thread_bmp180_teplomer_teplota,24.09,2026-10-02T15:55:54.863Z
sensor.thread_bmp180_teplomer_teplota,24.11,2026-10-02T15:56:24.863Z
sensor.thread_bmp180_teplomer_teplota,24.08,2026-10-02T15:56:54.864Z
sensor.thread_bmp180_teplomer_teplota,24.09,2026-10-02T15:57:24.862Z
sensor.thread_bmp180_teplomer_teplota,24.11,2026-10-02T15:58:24.864Z
sensor.thread_bmp180_teplomer_teplota,24.09,2026-10-02T15:58:54.862Z
sensor.thread_bmp180_teplomer_teplota,24.08,2026-10-02T16:00:24.863Z
sensor.thread_bmp180_teplomer_teplota,unknown,2026-10-02T16:00:53.212Z
sensor.thread_bmp180_teplomer_teplota,24.08,2026-10-02T16:00:54.398Z
sensor.thread_bmp180_teplomer_teplota,24.09,2026-10-02T16:01:54.398Z
sensor.thread_bmp180_teplomer_teplota,24.1,2026-10-02T16:02:24.399Z
sensor.thread_bmp180_teplomer_teplota,24.09,2026-10-02T16:02:54.398Z
sensor.thread_bmp180_teplomer_teplota,24.11,2026-10-02T16:03:54.400Z
sensor.thread_bmp180_teplomer_teplota,24.09,2026-10-02T16:04:24.398Z
sensor.thread_bmp180_teplomer_teplota,24.08,2026-10-02T16:04:54.399Z
sensor.thread_bmp180_teplomer_teplota,24.12,2026-10-02T16:06:54.397Z
sensor.thread_bmp180_teplomer_teplota,24.09,2026-10-02T16:07:24.399Z
sensor.thread_bmp180_teplomer_teplota,24.08,2026-10-02T16:08:24.399Z
sensor.thread_bmp180_teplomer_teplota,24.07,2026-10-02T16:09:24.398Z
sensor.thread_bmp180_teplomer_teplota,24.08,2026-10-02T16:10:24.399Z
sensor.thread_bmp180_teplomer_teplota,24.07,2026-10-02T16:10:54.397Z
sensor.thread_bmp180_teplomer_teplota,24.06,2026-10-02T16:11:54.398Z
sensor.thread_bmp180_teplomer_teplota,24.07,2026-10-02T16:12:54.398Z
sensor.thread_bmp180_teplomer_teplota,24.06,2026-10-02T16:13:24.399Z
sensor.thread_bmp180_teplomer_teplota,24.05,2026-10-02T16:18:23.081Z
sensor.thread_bmp180_teplomer_teplota,24.06,2026-10-02T16:18:53.080Z
sensor.thread_bmp180_teplomer_teplota,24.04,2026-10-02T16:19:23.081Z
sensor.thread_bmp180_teplomer_teplota,24.05,2026-10-02T16:20:53.079Z
sensor.thread_bmp180_teplomer_teplota,24.06,2026-10-02T16:21:23.079Z
sensor.thread_bmp180_teplomer_teplota,24.04,2026-10-02T16:21:53.080Z
sensor.thread_bmp180_teplomer_teplota,24.06,2026-10-02T16:22:53.080Z
sensor.thread_bmp180_teplomer_teplota,24.05,2026-10-02T16:23:23.081Z
sensor.thread_bmp180_teplomer_teplota,24.06,2026-10-02T16:23:53.079Z
sensor.thread_bmp180_teplomer_teplota,24.04,2026-10-02T16:24:23.081Z
sensor.thread_bmp180_teplomer_teplota,24.06,2026-10-02T16:24:53.081Z
sensor.thread_bmp180_teplomer_teplota,24.07,2026-10-02T16:25:23.081Z
sensor.thread_bmp180_teplomer_teplota,24.04,2026-10-02T16:26:23.080Z
sensor.thread_bmp180_teplomer_teplota,24.03,2026-10-02T16:27:23.080Z
sensor.thread_bmp180_teplomer_teplota,24.04,2026-10-02T16:28:53.079Z
sensor.thread_bmp180_teplomer_teplota,24.03,2026-10-02T16:29:53.079Z
sensor.thread_bmp180_teplomer_teplota,24.02,2026-10-02T16:31:01.806Z
sensor.thread_bmp180_teplomer_teplota,24.01,2026-10-02T16:31:27.402Z
sensor.thread_bmp180_teplomer_teplota,24.03,2026-10-02T16:31:57.401Z
sensor.thread_bmp180_teplomer_teplota,24.02,2026-10-02T16:32:27.402Z
sensor.thread_bmp180_teplomer_teplota,24.01,2026-10-02T16:32:57.403Z
sensor.thread_bmp180_teplomer_teplota,24.02,2026-10-02T16:33:57.401Z
sensor.thread_bmp180_teplomer_teplota,24.04,2026-10-02T16:34:27.402Z
sensor.thread_bmp180_teplomer_teplota,24.07,2026-10-02T16:34:57.402Z
sensor.thread_bmp180_teplomer_teplota,24.04,2026-10-02T16:35:57.401Z
sensor.thread_bmp180_teplomer_teplota,24.03,2026-10-02T16:37:27.401Z
sensor.thread_bmp180_teplomer_teplota,24.05,2026-10-02T16:37:57.403Z
sensor.thread_bmp180_teplomer_teplota,24.04,2026-10-02T16:38:27.401Z
sensor.thread_bmp180_teplomer_teplota,24.02,2026-10-02T16:38:57.402Z
sensor.thread_bmp180_teplomer_teplota,24.04,2026-10-02T16:39:27.402Z
sensor.thread_bmp180_teplomer_teplota,24.03,2026-10-02T16:41:57.402Z
sensor.thread_bmp180_teplomer_teplota,24.02,2026-10-02T16:42:27.401Z
sensor.thread_bmp180_teplomer_teplota,24.03,2026-10-02T16:42:57.403Z
sensor.thread_bmp180_teplomer_teplota,24.02,2026-10-02T16:43:27.403Z
sensor.thread_bmp180_teplomer_teplota,24.03,2026-10-02T16:44:57.401Z
sensor.thread_bmp180_teplomer_teplota,24.05,2026-10-02T16:45:27.402Z
sensor.thread_bmp180_teplomer_teplota,24.04,2026-10-02T16:47:48.027Z
sensor.thread_bmp180_teplomer_teplota,24.03,2026-10-02T16:47:55.573Z
sensor.thread_bmp180_teplomer_teplota,24.02,2026-10-02T16:49:25.575Z
sensor.thread_bmp180_teplomer_teplota,24.03,2026-10-02T16:49:55.573Z
sensor.thread_bmp180_teplomer_teplota,24.02,2026-10-02T16:50:55.574Z
sensor.thread_bmp180_teplomer_teplota,24.04,2026-10-02T16:53:25.574Z
sensor.thread_bmp180_teplomer_teplota,24.03,2026-10-02T16:54:25.575Z
sensor.thread_bmp180_teplomer_teplota,24.01,2026-10-02T16:55:25.575Z
sensor.thread_bmp180_teplomer_teplota,23.99,2026-10-02T16:55:55.574Z
sensor.thread_bmp180_teplomer_teplota,23.98,2026-10-02T16:56:25.575Z
sensor.thread_bmp180_teplomer_teplota,23.97,2026-10-02T16:57:25.575Z
sensor.thread_bmp180_teplomer_teplota,23.96,2026-10-02T16:58:25.573Z
sensor.thread_bmp180_teplomer_teplota,23.95,2026-10-02T16:58:55.575Z
sensor.thread_bmp180_teplomer_teplota,23.94,2026-10-02T16:59:25.576Z
sensor.thread_bmp180_teplomer_teplota,23.91,2026-10-02T16:59:55.574Z
sensor.thread_bmp180_teplomer_teplota,23.9,2026-10-02T17:00:25.576Z
sensor.thread_bmp180_teplomer_teplota,23.87,2026-10-02T17:00:56.691Z
sensor.thread_bmp180_teplomer_teplota,23.86,2026-10-02T17:01:25.690Z
sensor.thread_bmp180_teplomer_teplota,23.85,2026-10-02T17:01:55.688Z
sensor.thread_bmp180_teplomer_teplota,23.87,2026-10-02T17:03:55.689Z
sensor.thread_bmp180_teplomer_teplota,23.86,2026-10-02T17:04:25.689Z
sensor.thread_bmp180_teplomer_teplota,23.82,2026-10-02T17:04:55.689Z
sensor.thread_bmp180_teplomer_teplota,23.83,2026-10-02T17:05:25.689Z
sensor.thread_bmp180_teplomer_teplota,23.81,2026-10-02T17:05:55.688Z
sensor.thread_bmp180_teplomer_teplota,23.79,2026-10-02T17:06:55.692Z
sensor.thread_bmp180_teplomer_teplota,23.78,2026-10-02T17:07:25.689Z
sensor.thread_bmp180_teplomer_teplota,23.74,2026-10-02T17:08:25.690Z
sensor.thread_bmp180_teplomer_teplota,23.72,2026-10-02T17:08:55.689Z
sensor.thread_bmp180_teplomer_teplota,23.7,2026-10-02T17:09:25.689Z
sensor.thread_bmp180_teplomer_teplota,23.72,2026-10-02T17:10:25.691Z
sensor.thread_bmp180_teplomer_teplota,23.76,2026-10-02T17:10:55.689Z
sensor.thread_bmp180_teplomer_teplota,23.75,2026-10-02T17:11:25.688Z
sensor.thread_bmp180_teplomer_teplota,23.73,2026-10-02T17:11:55.690Z
sensor.thread_bmp180_teplomer_teplota,23.72,2026-10-02T17:12:25.708Z
sensor.thread_bmp180_teplomer_teplota,23.7,2026-10-02T17:12:55.691Z
sensor.thread_bmp180_teplomer_teplota,23.69,2026-10-02T17:13:25.688Z
sensor.thread_bmp180_teplomer_teplota,23.7,2026-10-02T17:14:25.690Z
sensor.thread_bmp180_teplomer_teplota,23.72,2026-10-02T17:14:55.690Z
sensor.thread_bmp180_teplomer_teplota,23.71,2026-10-02T17:15:25.689Z
sensor.thread_bmp180_teplomer_teplota,23.73,2026-10-02T17:17:07.083Z
sensor.thread_bmp180_teplomer_teplota,23.74,2026-10-02T17:17:27.874Z
sensor.thread_bmp180_teplomer_teplota,23.73,2026-10-02T17:17:57.875Z
sensor.thread_bmp180_teplomer_teplota,23.75,2026-10-02T17:18:27.877Z
sensor.thread_bmp180_teplomer_teplota,23.76,2026-10-02T17:18:57.875Z
sensor.thread_bmp180_teplomer_teplota,23.74,2026-10-02T17:19:57.876Z
sensor.thread_bmp180_teplomer_teplota,23.76,2026-10-02T17:21:27.877Z
sensor.thread_bmp180_teplomer_teplota,23.75,2026-10-02T17:22:27.877Z
sensor.thread_bmp180_teplomer_teplota,23.74,2026-10-02T17:22:57.877Z
sensor.thread_bmp180_teplomer_teplota,23.75,2026-10-02T17:23:27.876Z
sensor.thread_bmp180_teplomer_teplota,23.76,2026-10-02T17:23:57.876Z
sensor.thread_bmp180_teplomer_teplota,23.77,2026-10-02T17:24:27.875Z
sensor.thread_bmp180_teplomer_teplota,23.76,2026-10-02T17:24:57.878Z
sensor.thread_bmp180_teplomer_teplota,23.77,2026-10-02T17:25:27.876Z
sensor.thread_bmp180_teplomer_teplota,23.78,2026-10-02T17:27:27.875Z
sensor.thread_bmp180_teplomer_teplota,23.8,2026-10-02T17:28:27.874Z
sensor.thread_bmp180_teplomer_teplota,23.79,2026-10-02T17:28:57.875Z
sensor.thread_bmp180_teplomer_teplota,23.81,2026-10-02T17:30:27.876Z
sensor.thread_bmp180_teplomer_teplota,23.09,2026-10-02T17:32:47.767Z
sensor.thread_bmp180_teplomer_teplota,22.87,2026-10-02T17:32:58.602Z
sensor.thread_bmp180_teplomer_teplota,22.67,2026-10-02T17:33:28.603Z
sensor.thread_bmp180_teplomer_teplota,22.61,2026-10-02T17:33:58.603Z
sensor.thread_bmp180_teplomer_teplota,22.6,2026-10-02T17:34:28.602Z
sensor.thread_bmp180_teplomer_teplota,22.63,2026-10-02T17:34:58.602Z
sensor.thread_bmp180_teplomer_teplota,22.67,2026-10-02T17:35:28.602Z
sensor.thread_bmp180_teplomer_teplota,22.72,2026-10-02T17:35:58.600Z
sensor.thread_bmp180_teplomer_teplota,22.79,2026-10-02T17:36:28.600Z
sensor.thread_bmp180_teplomer_teplota,22.8,2026-10-02T17:36:58.601Z
sensor.thread_bmp180_teplomer_teplota,22.87,2026-10-02T17:37:28.602Z
sensor.thread_bmp180_teplomer_teplota,22.93,2026-10-02T17:37:58.600Z
sensor.thread_bmp180_teplomer_teplota,22.94,2026-10-02T17:38:28.600Z
sensor.thread_bmp180_teplomer_teplota,22.95,2026-10-02T17:38:58.598Z
sensor.thread_bmp180_teplomer_teplota,22.99,2026-10-02T17:39:58.599Z
sensor.thread_bmp180_teplomer_teplota,23.03,2026-10-02T17:40:28.601Z
sensor.thread_bmp180_teplomer_teplota,23.06,2026-10-02T17:41:28.600Z
sensor.thread_bmp180_teplomer_teplota,23.08,2026-10-02T17:41:58.601Z
sensor.thread_bmp180_teplomer_teplota,23.13,2026-10-02T17:42:58.600Z
sensor.thread_bmp180_teplomer_teplota,23.16,2026-10-02T17:43:28.598Z
sensor.thread_bmp180_teplomer_teplota,23.18,2026-10-02T17:43:58.600Z
sensor.thread_bmp180_teplomer_teplota,23.19,2026-10-02T17:44:28.600Z
sensor.thread_bmp180_teplomer_teplota,23.2,2026-10-02T17:44:58.599Z
sensor.thread_bmp180_teplomer_teplota,23.21,2026-10-02T17:45:28.599Z
sensor.thread_bmp180_teplomer_teplota,23.31,2026-10-02T17:47:48.658Z
sensor.thread_bmp180_teplomer_teplota,23.29,2026-10-02T17:48:01.719Z
sensor.thread_bmp180_teplomer_teplota,23.3,2026-10-02T17:49:01.719Z
sensor.thread_bmp180_teplomer_teplota,23.32,2026-10-02T17:51:01.716Z
sensor.thread_bmp180_teplomer_teplota,23.33,2026-10-02T17:52:31.718Z
sensor.thread_bmp180_teplomer_teplota,23.32,2026-10-02T17:54:01.719Z
sensor.thread_bmp180_teplomer_teplota,23.33,2026-10-02T17:54:31.719Z
sensor.thread_bmp180_teplomer_teplota,23.34,2026-10-02T17:55:01.716Z
sensor.thread_bmp180_teplomer_teplota,23.35,2026-10-02T17:55:31.719Z
sensor.thread_bmp180_teplomer_teplota,23.33,2026-10-02T17:57:01.718Z
sensor.thread_bmp180_teplomer_teplota,23.35,2026-10-02T17:57:31.718Z
sensor.thread_bmp180_teplomer_teplota,23.34,2026-10-02T17:58:31.717Z
sensor.thread_bmp180_teplomer_teplota,23.36,2026-10-02T17:59:01.716Z
sensor.thread_bmp180_teplomer_teplota,23.34,2026-10-02T17:59:31.718Z
sensor.thread_bmp180_teplomer_teplota,23.37,2026-10-02T18:00:01.718Z
sensor.thread_bmp180_teplomer_teplota,23.35,2026-10-02T18:00:31.716Z
sensor.thread_bmp180_teplomer_teplota,unknown,2026-10-02T18:00:59.999Z
sensor.thread_bmp180_teplomer_teplota,23.37,2026-10-02T18:01:03.561Z
sensor.thread_bmp180_teplomer_teplota,23.38,2026-10-02T18:01:33.560Z
sensor.thread_bmp180_teplomer_teplota,23.35,2026-10-02T18:02:03.558Z
sensor.thread_bmp180_teplomer_teplota,23.37,2026-10-02T18:02:33.559Z
sensor.thread_bmp180_teplomer_teplota,23.35,2026-10-02T18:03:03.559Z
sensor.thread_bmp180_teplomer_teplota,23.37,2026-10-02T18:03:33.558Z
sensor.thread_bmp180_teplomer_teplota,23.35,2026-10-02T18:04:03.560Z
sensor.thread_bmp180_teplomer_teplota,23.37,2026-10-02T18:05:03.560Z
sensor.thread_bmp180_teplomer_teplota,23.38,2026-10-02T18:06:33.558Z
sensor.thread_bmp180_teplomer_teplota,23.37,2026-10-02T18:07:03.558Z
sensor.thread_bmp180_teplomer_teplota,23.38,2026-10-02T18:07:33.560Z
sensor.thread_bmp180_teplomer_teplota,23.37,2026-10-02T18:08:03.558Z
sensor.thread_bmp180_teplomer_teplota,23.38,2026-10-02T18:09:33.567Z
sensor.thread_bmp180_teplomer_teplota,23.37,2026-10-02T18:10:03.560Z
sensor.thread_bmp180_teplomer_teplota,23.38,2026-10-02T18:12:03.559Z
sensor.thread_bmp180_teplomer_teplota,23.37,2026-10-02T18:12:33.558Z
sensor.thread_bmp180_teplomer_teplota,23.38,2026-10-02T18:13:03.560Z
sensor.thread_bmp180_teplomer_teplota,23.37,2026-10-02T18:14:33.557Z
sensor.thread_bmp180_teplomer_teplota,23.38,2026-10-02T18:15:03.557Z
sensor.thread_bmp180_teplomer_teplota,23.37,2026-10-02T18:15:33.560Z
sensor.thread_bmp180_teplomer_teplota,23.38,2026-10-02T18:19:01.921Z
sensor.thread_bmp180_teplomer_teplota,23.37,2026-10-02T18:19:31.918Z
sensor.thread_bmp180_teplomer_teplota,23.38,2026-10-02T18:22:01.919Z
sensor.thread_bmp180_teplomer_teplota,23.4,2026-10-02T18:23:01.918Z
sensor.thread_bmp180_teplomer_teplota,23.37,2026-10-02T18:23:31.920Z
sensor.thread_bmp180_teplomer_teplota,23.38,2026-10-02T18:24:31.918Z
sensor.thread_bmp180_teplomer_teplota,23.37,2026-10-02T18:25:01.919Z
sensor.thread_bmp180_teplomer_teplota,23.38,2026-10-02T18:25:31.919Z
sensor.thread_bmp180_teplomer_teplota,23.37,2026-10-02T18:27:01.920Z
sensor.thread_bmp180_teplomer_teplota,23.38,2026-10-02T18:27:31.918Z
sensor.thread_bmp180_teplomer_teplota,23.35,2026-10-02T18:28:01.921Z
sensor.thread_bmp180_teplomer_teplota,23.37,2026-10-02T18:28:31.920Z
sensor.thread_bmp180_teplomer_teplota,23.36,2026-10-02T18:29:01.919Z
sensor.thread_bmp180_teplomer_teplota,23.37,2026-10-02T18:29:31.920Z
sensor.thread_bmp180_teplomer_teplota,23.36,2026-10-02T18:30:01.918Z
sensor.thread_bmp180_teplomer_teplota,23.35,2026-10-02T18:30:31.919Z
sensor.thread_bmp180_teplomer_teplota,23.34,2026-10-02T18:35:00.882Z
sensor.thread_bmp180_teplomer_teplota,23.35,2026-10-02T18:36:00.883Z
sensor.thread_bmp180_teplomer_teplota,23.34,2026-10-02T18:36:30.883Z
sensor.thread_bmp180_teplomer_teplota,23.33,2026-10-02T18:37:30.889Z
sensor.thread_bmp180_teplomer_teplota,23.37,2026-10-02T18:38:00.883Z
sensor.thread_bmp180_teplomer_teplota,23.35,2026-10-02T18:39:00.881Z
sensor.thread_bmp180_teplomer_teplota,23.33,2026-10-02T18:39:30.884Z
sensor.thread_bmp180_teplomer_teplota,23.3,2026-10-02T18:40:00.883Z
sensor.thread_bmp180_teplomer_teplota,23.28,2026-10-02T18:40:30.883Z
sensor.thread_bmp180_teplomer_teplota,23.27,2026-10-02T18:41:00.883Z
sensor.thread_bmp180_teplomer_teplota,23.24,2026-10-02T18:41:30.884Z
sensor.thread_bmp180_teplomer_teplota,23.26,2026-10-02T18:42:00.883Z
sensor.thread_bmp180_teplomer_teplota,23.31,2026-10-02T18:42:30.882Z
sensor.thread_bmp180_teplomer_teplota,23.3,2026-10-02T18:43:30.884Z
sensor.thread_bmp180_teplomer_teplota,23.24,2026-10-02T18:44:00.883Z
sensor.thread_bmp180_teplomer_teplota,23.25,2026-10-02T18:44:30.883Z
sensor.thread_bmp180_teplomer_teplota,23.24,2026-10-02T18:45:00.883Z
sensor.thread_bmp180_teplomer_teplota,23.28,2026-10-02T18:47:20.887Z
sensor.thread_bmp180_teplomer_teplota,23.27,2026-10-02T18:47:32.816Z
sensor.thread_bmp180_teplomer_teplota,23.3,2026-10-02T18:48:02.817Z
sensor.thread_bmp180_teplomer_teplota,23.31,2026-10-02T18:48:32.815Z
sensor.thread_bmp180_teplomer_teplota,23.33,2026-10-02T18:49:02.817Z
sensor.thread_bmp180_teplomer_teplota,23.36,2026-10-02T18:49:32.817Z
sensor.thread_bmp180_teplomer_teplota,23.39,2026-10-02T18:50:02.817Z
sensor.thread_bmp180_teplomer_teplota,23.38,2026-10-02T18:50:32.815Z
sensor.thread_bmp180_teplomer_teplota,23.35,2026-10-02T18:51:02.815Z
sensor.thread_bmp180_teplomer_teplota,23.38,2026-10-02T18:52:02.817Z
sensor.thread_bmp180_teplomer_teplota,23.37,2026-10-02T18:52:32.817Z
sensor.thread_bmp180_teplomer_teplota,23.35,2026-10-02T18:53:32.817Z
sensor.thread_bmp180_teplomer_teplota,23.37,2026-10-02T18:54:02.817Z
sensor.thread_bmp180_teplomer_teplota,23.39,2026-10-02T18:54:32.814Z
sensor.thread_bmp180_teplomer_teplota,23.41,2026-10-02T18:55:02.817Z
sensor.thread_bmp180_teplomer_teplota,23.4,2026-10-02T18:55:32.817Z
sensor.thread_bmp180_teplomer_teplota,23.41,2026-10-02T18:56:02.816Z
sensor.thread_bmp180_teplomer_teplota,23.39,2026-10-02T18:56:32.818Z
sensor.thread_bmp180_teplomer_teplota,23.4,2026-10-02T18:57:02.817Z
sensor.thread_bmp180_teplomer_teplota,23.42,2026-10-02T18:57:32.814Z
sensor.thread_bmp180_teplomer_teplota,23.45,2026-10-02T18:58:02.817Z
sensor.thread_bmp180_teplomer_teplota,23.43,2026-10-02T18:58:32.814Z
sensor.thread_bmp180_teplomer_teplota,23.45,2026-10-02T19:00:02.816Z
sensor.thread_bmp180_teplomer_teplota,23.41,2026-10-02T19:00:32.816Z
sensor.thread_bmp180_teplomer_teplota,23.45,2026-10-02T19:02:53.061Z
sensor.thread_bmp180_teplomer_teplota,23.47,2026-10-02T19:03:32.982Z
sensor.thread_bmp180_teplomer_teplota,23.48,2026-10-02T19:04:02.981Z
sensor.thread_bmp180_teplomer_teplota,23.47,2026-10-02T19:04:32.983Z
sensor.thread_bmp180_teplomer_teplota,23.48,2026-10-02T19:06:02.983Z
sensor.thread_bmp180_teplomer_teplota,23.49,2026-10-02T19:08:02.982Z
sensor.thread_bmp180_teplomer_teplota,23.48,2026-10-02T19:09:02.982Z
sensor.thread_bmp180_teplomer_teplota,23.49,2026-10-02T19:09:32.982Z
sensor.thread_bmp180_teplomer_teplota,23.5,2026-10-02T19:10:02.982Z
sensor.thread_bmp180_teplomer_teplota,23.49,2026-10-02T19:10:32.982Z
sensor.thread_bmp180_teplomer_teplota,23.5,2026-10-02T19:12:02.980Z
sensor.thread_bmp180_teplomer_teplota,23.49,2026-10-02T19:13:32.982Z
sensor.thread_bmp180_teplomer_teplota,23.52,2026-10-02T19:14:02.980Z
sensor.thread_bmp180_teplomer_teplota,23.53,2026-10-02T19:15:32.980Z
sensor.thread_bmp180_teplomer_teplota,23.54,2026-10-02T19:17:53.205Z
sensor.thread_bmp180_teplomer_teplota,23.52,2026-10-02T19:18:34.502Z
sensor.thread_bmp180_teplomer_teplota,23.53,2026-10-02T19:19:04.502Z
sensor.thread_bmp180_teplomer_teplota,23.54,2026-10-02T19:19:34.501Z
sensor.thread_bmp180_teplomer_teplota,23.55,2026-10-02T19:20:04.500Z
sensor.thread_bmp180_teplomer_teplota,23.54,2026-10-02T19:20:34.501Z
sensor.thread_bmp180_teplomer_teplota,23.55,2026-10-02T19:21:04.503Z
sensor.thread_bmp180_teplomer_teplota,23.53,2026-10-02T19:22:04.501Z
sensor.thread_bmp180_teplomer_teplota,23.55,2026-10-02T19:23:04.503Z
sensor.thread_bmp180_teplomer_teplota,23.57,2026-10-02T19:24:34.500Z
sensor.thread_bmp180_teplomer_teplota,23.55,2026-10-02T19:25:04.501Z
sensor.thread_bmp180_teplomer_teplota,23.56,2026-10-02T19:25:34.508Z
sensor.thread_bmp180_teplomer_teplota,23.55,2026-10-02T19:26:04.502Z
sensor.thread_bmp180_teplomer_teplota,23.57,2026-10-02T19:27:34.502Z
sensor.thread_bmp180_teplomer_teplota,23.58,2026-10-02T19:28:34.500Z
sensor.thread_bmp180_teplomer_teplota,23.57,2026-10-02T19:29:04.501Z
sensor.thread_bmp180_teplomer_teplota,23.58,2026-10-02T19:30:34.502Z
sensor.thread_bmp180_teplomer_teplota,23.59,2026-10-02T19:31:13.058Z
sensor.thread_bmp180_teplomer_teplota,23.58,2026-10-02T19:31:37.370Z
sensor.thread_bmp180_teplomer_teplota,23.57,2026-10-02T19:32:07.370Z
sensor.thread_bmp180_teplomer_teplota,23.58,2026-10-02T19:32:37.371Z
sensor.thread_bmp180_teplomer_teplota,23.56,2026-10-02T19:33:07.369Z
sensor.thread_bmp180_teplomer_teplota,23.59,2026-10-02T19:33:37.371Z
sensor.thread_bmp180_teplomer_teplota,23.58,2026-10-02T19:34:07.368Z
sensor.thread_bmp180_teplomer_teplota,23.59,2026-10-02T19:35:07.370Z
sensor.thread_bmp180_teplomer_teplota,23.58,2026-10-02T19:35:37.369Z
sensor.thread_bmp180_teplomer_teplota,23.57,2026-10-02T19:37:07.368Z
sensor.thread_bmp180_teplomer_teplota,23.59,2026-10-02T19:37:37.369Z
sensor.thread_bmp180_teplomer_teplota,23.58,2026-10-02T19:38:07.369Z
sensor.thread_bmp180_teplomer_teplota,23.6,2026-10-02T19:39:07.369Z
sensor.thread_bmp180_teplomer_teplota,23.62,2026-10-02T19:40:37.369Z
sensor.thread_bmp180_teplomer_teplota,23.6,2026-10-02T19:41:07.369Z
sensor.thread_bmp180_teplomer_teplota,23.62,2026-10-02T19:42:07.370Z
sensor.thread_bmp180_teplomer_teplota,23.6,2026-10-02T19:43:07.369Z
sensor.thread_bmp180_teplomer_teplota,23.62,2026-10-02T19:43:37.369Z
sensor.thread_bmp180_teplomer_teplota,23.63,2026-10-02T19:44:37.369Z
sensor.thread_bmp180_teplomer_teplota,23.62,2026-10-02T19:45:07.369Z
sensor.thread_bmp180_teplomer_teplota,23.61,2026-10-02T19:45:37.369Z
sensor.thread_bmp180_teplomer_teplota,23.63,2026-10-02T19:47:58.026Z
sensor.thread_bmp180_teplomer_teplota,23.62,2026-10-02T19:48:05.217Z
sensor.thread_bmp180_teplomer_teplota,23.64,2026-10-02T19:49:05.218Z
sensor.thread_bmp180_teplomer_teplota,23.61,2026-10-02T19:49:35.217Z
sensor.thread_bmp180_teplomer_teplota,23.6,2026-10-02T19:50:05.216Z
sensor.thread_bmp180_teplomer_teplota,23.63,2026-10-02T19:50:35.218Z
sensor.thread_bmp180_teplomer_teplota,23.62,2026-10-02T19:51:35.217Z
sensor.thread_bmp180_teplomer_teplota,23.63,2026-10-02T19:52:05.217Z
sensor.thread_bmp180_teplomer_teplota,23.62,2026-10-02T19:52:35.217Z
sensor.thread_bmp180_teplomer_teplota,23.63,2026-10-02T19:53:35.218Z
sensor.thread_bmp180_teplomer_teplota,23.64,2026-10-02T19:54:35.217Z
sensor.thread_bmp180_teplomer_teplota,23.63,2026-10-02T19:55:05.217Z
sensor.thread_bmp180_teplomer_teplota,23.64,2026-10-02T19:56:05.217Z
sensor.thread_bmp180_teplomer_teplota,23.65,2026-10-02T19:56:35.216Z
sensor.thread_bmp180_teplomer_teplota,23.64,2026-10-02T19:57:05.215Z
sensor.thread_bmp180_teplomer_teplota,23.65,2026-10-02T19:57:35.215Z
sensor.thread_bmp180_teplomer_teplota,23.64,2026-10-02T19:59:05.217Z
sensor.thread_bmp180_teplomer_teplota,23.65,2026-10-02T20:00:05.216Z
sensor.thread_bmp180_teplomer_teplota,23.64,2026-10-02T20:01:13.504Z
sensor.thread_bmp180_teplomer_teplota,23.65,2026-10-02T20:02:06.283Z
sensor.thread_bmp180_teplomer_teplota,23.63,2026-10-02T20:02:36.282Z
sensor.thread_bmp180_teplomer_teplota,23.64,2026-10-02T20:03:36.282Z
sensor.thread_bmp180_teplomer_teplota,23.63,2026-10-02T20:04:36.282Z
sensor.thread_bmp180_teplomer_teplota,23.64,2026-10-02T20:05:06.282Z
sensor.thread_bmp180_teplomer_teplota,23.65,2026-10-02T20:06:36.281Z
sensor.thread_bmp180_teplomer_teplota,23.64,2026-10-02T20:08:36.283Z
sensor.thread_bmp180_teplomer_teplota,23.63,2026-10-02T20:09:36.283Z
sensor.thread_bmp180_teplomer_teplota,23.62,2026-10-02T20:10:36.285Z
sensor.thread_bmp180_teplomer_teplota,23.63,2026-10-02T20:11:06.283Z
sensor.thread_bmp180_teplomer_teplota,23.62,2026-10-02T20:11:36.282Z
sensor.thread_bmp180_teplomer_teplota,23.63,2026-10-02T20:12:06.282Z
sensor.thread_bmp180_teplomer_teplota,23.62,2026-10-02T20:13:06.284Z
sensor.thread_bmp180_teplomer_teplota,23.65,2026-10-02T20:13:36.282Z
sensor.thread_bmp180_teplomer_teplota,23.64,2026-10-02T20:14:06.282Z
sensor.thread_bmp180_teplomer_teplota,23.65,2026-10-02T20:15:06.282Z
sensor.thread_bmp180_teplomer_teplota,23.64,2026-10-02T20:15:36.282Z
sensor.thread_bmp180_teplomer_teplota,23.65,2026-10-02T20:16:14.355Z
sensor.thread_bmp180_teplomer_teplota,23.67,2026-10-02T20:18:40.904Z
sensor.thread_bmp180_teplomer_teplota,23.65,2026-10-02T20:19:10.904Z
sensor.thread_bmp180_teplomer_teplota,23.64,2026-10-02T20:21:10.901Z
sensor.thread_bmp180_teplomer_teplota,23.65,2026-10-02T20:22:40.902Z
sensor.thread_bmp180_teplomer_teplota,23.64,2026-10-02T20:23:10.903Z
sensor.thread_bmp180_teplomer_teplota,23.63,2026-10-02T20:23:40.904Z
sensor.thread_bmp180_teplomer_teplota,23.64,2026-10-02T20:24:10.901Z
sensor.thread_bmp180_teplomer_teplota,23.62,2026-10-02T20:25:10.904Z
sensor.thread_bmp180_teplomer_teplota,23.63,2026-10-02T20:25:40.902Z
sensor.thread_bmp180_teplomer_teplota,23.62,2026-10-02T20:26:10.903Z
sensor.thread_bmp180_teplomer_teplota,23.63,2026-10-02T20:28:10.903Z
sensor.thread_bmp180_teplomer_teplota,23.62,2026-10-02T20:29:10.905Z
sensor.thread_bmp180_teplomer_teplota,23.63,2026-10-02T20:30:10.902Z
sensor.thread_bmp180_teplomer_teplota,23.62,2026-10-02T20:30:40.902Z
sensor.thread_bmp180_teplomer_teplota,23.6,2026-10-02T20:33:09.772Z
sensor.thread_bmp180_teplomer_teplota,23.62,2026-10-02T20:33:39.771Z
sensor.thread_bmp180_teplomer_teplota,23.64,2026-10-02T20:34:09.770Z
sensor.thread_bmp180_teplomer_teplota,23.62,2026-10-02T20:34:39.772Z
sensor.thread_bmp180_teplomer_teplota,23.6,2026-10-02T20:35:39.771Z
sensor.thread_bmp180_teplomer_teplota,23.63,2026-10-02T20:37:09.786Z
sensor.thread_bmp180_teplomer_teplota,23.65,2026-10-02T20:38:39.769Z
sensor.thread_bmp180_teplomer_teplota,23.64,2026-10-02T20:39:09.769Z
sensor.thread_bmp180_teplomer_teplota,23.63,2026-10-02T20:40:09.769Z
sensor.thread_bmp180_teplomer_teplota,23.64,2026-10-02T20:40:39.770Z
sensor.thread_bmp180_teplomer_teplota,23.62,2026-10-02T20:41:09.773Z
sensor.thread_bmp180_teplomer_teplota,23.6,2026-10-02T20:42:09.770Z
sensor.thread_bmp180_teplomer_teplota,23.61,2026-10-02T20:42:39.770Z
sensor.thread_bmp180_teplomer_teplota,23.6,2026-10-02T20:43:09.768Z
sensor.thread_bmp180_teplomer_teplota,23.62,2026-10-02T20:44:09.768Z
sensor.thread_bmp180_teplomer_teplota,23.6,2026-10-02T20:45:39.770Z
sensor.thread_bmp180_teplomer_teplota,23.62,2026-10-02T20:48:08.815Z
sensor.thread_bmp180_teplomer_teplota,23.6,2026-10-02T20:48:38.815Z
sensor.thread_bmp180_teplomer_teplota,23.61,2026-10-02T20:50:08.814Z
sensor.thread_bmp180_teplomer_teplota,23.62,2026-10-02T20:50:38.813Z
sensor.thread_bmp180_teplomer_teplota,23.61,2026-10-02T20:51:08.815Z
sensor.thread_bmp180_teplomer_teplota,23.62,2026-10-02T20:51:38.813Z
sensor.thread_bmp180_teplomer_teplota,23.61,2026-10-02T20:52:38.815Z
sensor.thread_bmp180_teplomer_teplota,23.63,2026-10-02T20:53:08.814Z
sensor.thread_bmp180_teplomer_teplota,23.62,2026-10-02T20:53:38.815Z
sensor.thread_bmp180_teplomer_teplota,23.6,2026-10-02T20:55:38.813Z
sensor.thread_bmp180_teplomer_teplota,23.62,2026-10-02T20:56:08.814Z
sensor.thread_bmp180_teplomer_teplota,23.63,2026-10-02T20:56:38.814Z
sensor.thread_bmp180_teplomer_teplota,23.62,2026-10-02T20:57:38.815Z
sensor.thread_bmp180_teplomer_teplota,23.63,2026-10-02T20:58:08.814Z
sensor.thread_bmp180_teplomer_teplota,23.62,2026-10-02T20:58:38.815Z
sensor.thread_bmp180_teplomer_teplota,23.63,2026-10-02T20:59:38.813Z
sensor.thread_bmp180_teplomer_teplota,23.62,2026-10-02T21:00:08.813Z
sensor.thread_bmp180_teplomer_teplota,23.63,2026-10-02T21:02:28.759Z
sensor.thread_bmp180_teplomer_teplota,23.62,2026-10-02T21:03:11.883Z
sensor.thread_bmp180_teplomer_teplota,23.63,2026-10-02T21:03:41.883Z
sensor.thread_bmp180_teplomer_teplota,23.62,2026-10-02T21:04:11.884Z
sensor.thread_bmp180_teplomer_teplota,23.63,2026-10-02T21:05:11.882Z
sensor.thread_bmp180_teplomer_teplota,23.62,2026-10-02T21:05:41.882Z
sensor.thread_bmp180_teplomer_teplota,23.64,2026-10-02T21:06:11.882Z
sensor.thread_bmp180_teplomer_teplota,23.63,2026-10-02T21:06:41.890Z
sensor.thread_bmp180_teplomer_teplota,23.64,2026-10-02T21:07:11.884Z
sensor.thread_bmp180_teplomer_teplota,23.63,2026-10-02T21:08:11.884Z
sensor.thread_bmp180_teplomer_teplota,23.62,2026-10-02T21:09:11.882Z
sensor.thread_bmp180_teplomer_teplota,23.6,2026-10-02T21:10:11.884Z
sensor.thread_bmp180_teplomer_teplota,23.62,2026-10-02T21:10:41.881Z
sensor.thread_bmp180_teplomer_teplota,23.61,2026-10-02T21:11:11.884Z
sensor.thread_bmp180_teplomer_teplota,23.62,2026-10-02T21:11:41.884Z
sensor.thread_bmp180_teplomer_teplota,23.63,2026-10-02T21:12:11.883Z
sensor.thread_bmp180_teplomer_teplota,23.62,2026-10-02T21:12:41.884Z
sensor.thread_bmp180_teplomer_teplota,23.6,2026-10-02T21:13:11.884Z
sensor.thread_bmp180_teplomer_teplota,23.63,2026-10-02T21:15:41.882Z
sensor.thread_bmp180_teplomer_teplota,23.61,2026-10-02T21:18:02.011Z
sensor.thread_bmp180_teplomer_teplota,23.6,2026-10-02T21:18:12.573Z
sensor.thread_bmp180_teplomer_teplota,23.62,2026-10-02T21:18:42.574Z
sensor.thread_bmp180_teplomer_teplota,23.63,2026-10-02T21:19:42.575Z
sensor.thread_bmp180_teplomer_teplota,23.61,2026-10-02T21:20:42.574Z
sensor.thread_bmp180_teplomer_teplota,23.62,2026-10-02T21:21:12.573Z
sensor.thread_bmp180_teplomer_teplota,23.59,2026-10-02T21:21:42.573Z
sensor.thread_bmp180_teplomer_teplota,23.6,2026-10-02T21:22:12.575Z
sensor.thread_bmp180_teplomer_teplota,23.59,2026-10-02T21:23:12.574Z
sensor.thread_bmp180_teplomer_teplota,23.6,2026-10-02T21:23:42.572Z
sensor.thread_bmp180_teplomer_teplota,23.59,2026-10-02T21:24:12.575Z
sensor.thread_bmp180_teplomer_teplota,23.6,2026-10-02T21:27:12.572Z
sensor.thread_bmp180_teplomer_teplota,23.59,2026-10-02T21:28:12.572Z
sensor.thread_bmp180_teplomer_teplota,23.58,2026-10-02T21:28:42.574Z
sensor.thread_bmp180_teplomer_teplota,23.57,2026-10-02T21:29:12.574Z
sensor.thread_bmp180_teplomer_teplota,23.55,2026-10-02T21:29:42.574Z
sensor.thread_bmp180_teplomer_teplota,23.57,2026-10-02T21:30:12.574Z
sensor.thread_bmp180_teplomer_teplota,23.55,2026-10-02T21:30:42.575Z
sensor.thread_bmp180_teplomer_teplota,23.56,2026-10-02T21:33:02.559Z
sensor.thread_bmp180_teplomer_teplota,23.55,2026-10-02T21:33:12.909Z
sensor.thread_bmp180_teplomer_teplota,23.57,2026-10-02T21:33:42.909Z
sensor.thread_bmp180_teplomer_teplota,23.55,2026-10-02T21:34:12.911Z
sensor.thread_bmp180_teplomer_teplota,23.56,2026-10-02T21:35:12.911Z
sensor.thread_bmp180_teplomer_teplota,23.57,2026-10-02T21:35:42.909Z
sensor.thread_bmp180_teplomer_teplota,23.55,2026-10-02T21:36:12.911Z
sensor.thread_bmp180_teplomer_teplota,23.57,2026-10-02T21:37:12.910Z
sensor.thread_bmp180_teplomer_teplota,23.56,2026-10-02T21:39:12.910Z
sensor.thread_bmp180_teplomer_teplota,23.57,2026-10-02T21:40:12.909Z
sensor.thread_bmp180_teplomer_teplota,23.56,2026-10-02T21:40:42.909Z
sensor.thread_bmp180_teplomer_teplota,23.57,2026-10-02T21:41:12.909Z
sensor.thread_bmp180_teplomer_teplota,23.58,2026-10-02T21:41:42.910Z
sensor.thread_bmp180_teplomer_teplota,23.57,2026-10-02T21:42:12.911Z
sensor.thread_bmp180_teplomer_teplota,23.58,2026-10-02T21:43:12.910Z
sensor.thread_bmp180_teplomer_teplota,23.57,2026-10-02T21:44:12.911Z
sensor.thread_bmp180_teplomer_teplota,23.58,2026-10-02T21:44:42.910Z
sensor.thread_bmp180_teplomer_teplota,23.57,2026-10-02T21:45:42.909Z
sensor.thread_bmp180_teplomer_teplota,23.62,2026-10-02T21:48:02.879Z
sensor.thread_bmp180_teplomer_teplota,23.6,2026-10-02T21:48:14.943Z
sensor.thread_bmp180_teplomer_teplota,23.61,2026-10-02T21:48:44.945Z
sensor.thread_bmp180_teplomer_teplota,23.6,2026-10-02T21:49:14.943Z
sensor.thread_bmp180_teplomer_teplota,23.59,2026-10-02T21:49:44.946Z
sensor.thread_bmp180_teplomer_teplota,23.6,2026-10-02T21:50:14.945Z
sensor.thread_bmp180_teplomer_teplota,23.62,2026-10-02T21:50:44.943Z
sensor.thread_bmp180_teplomer_teplota,23.65,2026-10-02T21:51:14.946Z
sensor.thread_bmp180_teplomer_teplota,23.62,2026-10-02T21:51:44.945Z
sensor.thread_bmp180_teplomer_teplota,23.59,2026-10-02T21:52:14.944Z
sensor.thread_bmp180_teplomer_teplota,23.58,2026-10-02T21:53:44.945Z
sensor.thread_bmp180_teplomer_teplota,23.57,2026-10-02T21:54:14.943Z
sensor.thread_bmp180_teplomer_teplota,23.54,2026-10-02T21:55:44.945Z
sensor.thread_bmp180_teplomer_teplota,23.55,2026-10-02T21:56:14.945Z
sensor.thread_bmp180_teplomer_teplota,23.52,2026-10-02T21:56:44.945Z
sensor.thread_bmp180_teplomer_teplota,23.53,2026-10-02T21:57:14.944Z
sensor.thread_bmp180_teplomer_teplota,23.55,2026-10-02T22:00:14.943Z
sensor.thread_bmp180_teplomer_teplota,23.54,2026-10-02T22:00:44.944Z
sensor.thread_bmp180_teplomer_teplota,23.5,2026-10-02T22:03:05.695Z
sensor.thread_bmp180_teplomer_teplota,23.49,2026-10-02T22:03:13.845Z
sensor.thread_bmp180_teplomer_teplota,23.47,2026-10-02T22:03:43.845Z
sensor.thread_bmp180_teplomer_teplota,23.45,2026-10-02T22:04:13.845Z
sensor.thread_bmp180_teplomer_teplota,23.47,2026-10-02T22:04:43.845Z
sensor.thread_bmp180_teplomer_teplota,23.45,2026-10-02T22:05:43.844Z
sensor.thread_bmp180_teplomer_teplota,23.47,2026-10-02T22:06:13.843Z
sensor.thread_bmp180_teplomer_teplota,23.45,2026-10-02T22:06:43.843Z
sensor.thread_bmp180_teplomer_teplota,23.47,2026-10-02T22:08:13.845Z
sensor.thread_bmp180_teplomer_teplota,23.46,2026-10-02T22:08:43.845Z
sensor.thread_bmp180_teplomer_teplota,23.47,2026-10-02T22:09:13.846Z
sensor.thread_bmp180_teplomer_teplota,23.49,2026-10-02T22:09:43.844Z
sensor.thread_bmp180_teplomer_teplota,23.46,2026-10-02T22:10:13.845Z
sensor.thread_bmp180_teplomer_teplota,23.48,2026-10-02T22:10:43.843Z
sensor.thread_bmp180_teplomer_teplota,23.47,2026-10-02T22:11:13.844Z
sensor.thread_bmp180_teplomer_teplota,23.48,2026-10-02T22:11:43.845Z
sensor.thread_bmp180_teplomer_teplota,23.47,2026-10-02T22:12:13.846Z
sensor.thread_bmp180_teplomer_teplota,23.45,2026-10-02T22:13:43.845Z
sensor.thread_bmp180_teplomer_teplota,23.44,2026-10-02T22:14:13.844Z
sensor.thread_bmp180_teplomer_teplota,23.46,2026-10-02T22:14:43.845Z
sensor.thread_bmp180_teplomer_teplota,23.43,2026-10-02T22:15:13.845Z
sensor.thread_bmp180_teplomer_teplota,23.45,2026-10-02T22:15:43.844Z
sensor.thread_bmp180_teplomer_teplota,23.44,2026-10-02T22:16:44.626Z
sensor.thread_bmp180_teplomer_teplota,23.45,2026-10-02T22:17:14.628Z
sensor.thread_bmp180_teplomer_teplota,23.47,2026-10-02T22:17:44.625Z
sensor.thread_bmp180_teplomer_teplota,23.45,2026-10-02T22:18:14.626Z
sensor.thread_bmp180_teplomer_teplota,23.44,2026-10-02T22:18:44.625Z
sensor.thread_bmp180_teplomer_teplota,23.45,2026-10-02T22:19:14.626Z
sensor.thread_bmp180_teplomer_teplota,23.38,2026-10-02T22:21:14.627Z
sensor.thread_bmp180_teplomer_teplota,23.32,2026-10-02T22:21:44.627Z
sensor.thread_bmp180_teplomer_teplota,23.29,2026-10-02T22:22:14.625Z
sensor.thread_bmp180_teplomer_teplota,23.25,2026-10-02T22:22:44.627Z
sensor.thread_bmp180_teplomer_teplota,23.23,2026-10-02T22:23:14.627Z
sensor.thread_bmp180_teplomer_teplota,23.19,2026-10-02T22:23:44.626Z
sensor.thread_bmp180_teplomer_teplota,23.1,2026-10-02T22:24:14.627Z
sensor.thread_bmp180_teplomer_teplota,22.9,2026-10-02T22:24:44.626Z
sensor.thread_bmp180_teplomer_teplota,22.81,2026-10-02T22:25:14.627Z
sensor.thread_bmp180_teplomer_teplota,22.78,2026-10-02T22:26:14.627Z
sensor.thread_bmp180_teplomer_teplota,22.81,2026-10-02T22:26:44.627Z
sensor.thread_bmp180_teplomer_teplota,22.84,2026-10-02T22:27:14.627Z
sensor.thread_bmp180_teplomer_teplota,22.87,2026-10-02T22:27:44.626Z
sensor.thread_bmp180_teplomer_teplota,22.9,2026-10-02T22:28:14.627Z
sensor.thread_bmp180_teplomer_teplota,22.92,2026-10-02T22:28:44.625Z
sensor.thread_bmp180_teplomer_teplota,22.95,2026-10-02T22:29:14.626Z
sensor.thread_bmp180_teplomer_teplota,22.96,2026-10-02T22:30:14.625Z
sensor.thread_bmp180_teplomer_teplota,22.99,2026-10-02T22:30:44.626Z
sensor.thread_bmp180_teplomer_teplota,23.04,2026-10-02T22:33:05.086Z
sensor.thread_bmp180_teplomer_teplota,23.06,2026-10-02T22:33:17.855Z
sensor.thread_bmp180_teplomer_teplota,23.08,2026-10-02T22:33:47.853Z
sensor.thread_bmp180_teplomer_teplota,23.12,2026-10-02T22:34:17.853Z
sensor.thread_bmp180_teplomer_teplota,23.11,2026-10-02T22:34:47.852Z
sensor.thread_bmp180_teplomer_teplota,23.12,2026-10-02T22:36:47.853Z
sensor.thread_bmp180_teplomer_teplota,23.14,2026-10-02T22:37:17.852Z
sensor.thread_bmp180_teplomer_teplota,23.15,2026-10-02T22:37:47.853Z
sensor.thread_bmp180_teplomer_teplota,23.18,2026-10-02T22:38:47.852Z
sensor.thread_bmp180_teplomer_teplota,23.17,2026-10-02T22:40:17.854Z
sensor.thread_bmp180_teplomer_teplota,23.2,2026-10-02T22:40:47.854Z
sensor.thread_bmp180_teplomer_teplota,23.19,2026-10-02T22:41:17.855Z
sensor.thread_bmp180_teplomer_teplota,23.2,2026-10-02T22:41:47.854Z
sensor.thread_bmp180_teplomer_teplota,23.21,2026-10-02T22:42:17.854Z
sensor.thread_bmp180_teplomer_teplota,23.2,2026-10-02T22:42:47.854Z
sensor.thread_bmp180_teplomer_teplota,23.21,2026-10-02T22:43:17.854Z
sensor.thread_bmp180_teplomer_teplota,23.22,2026-10-02T22:43:47.853Z
sensor.thread_bmp180_teplomer_teplota,23.19,2026-10-02T22:44:17.854Z
sensor.thread_bmp180_teplomer_teplota,23.2,2026-10-02T22:45:17.853Z
sensor.thread_bmp180_teplomer_teplota,23.25,2026-10-02T22:48:08.482Z
sensor.thread_bmp180_teplomer_teplota,23.23,2026-10-02T22:48:46.228Z
sensor.thread_bmp180_teplomer_teplota,23.24,2026-10-02T22:50:16.229Z
sensor.thread_bmp180_teplomer_teplota,23.25,2026-10-02T22:50:46.229Z
sensor.thread_bmp180_teplomer_teplota,23.24,2026-10-02T22:52:16.230Z
sensor.thread_bmp180_teplomer_teplota,23.26,2026-10-02T22:52:46.230Z
sensor.thread_bmp180_teplomer_teplota,23.25,2026-10-02T22:53:16.228Z
sensor.thread_bmp180_teplomer_teplota,23.24,2026-10-02T22:54:16.230Z
sensor.thread_bmp180_teplomer_teplota,23.27,2026-10-02T22:56:46.228Z
sensor.thread_bmp180_teplomer_teplota,23.25,2026-10-02T22:57:16.230Z
sensor.thread_bmp180_teplomer_teplota,23.24,2026-10-02T22:57:46.238Z
sensor.thread_bmp180_teplomer_teplota,23.25,2026-10-02T22:58:16.227Z
sensor.thread_bmp180_teplomer_teplota,23.23,2026-10-02T22:58:46.228Z
sensor.thread_bmp180_teplomer_teplota,23.25,2026-10-02T22:59:16.229Z
sensor.thread_bmp180_teplomer_teplota,23.24,2026-10-02T23:02:38.521Z
sensor.thread_bmp180_teplomer_teplota,23.23,2026-10-02T23:02:48.907Z
sensor.thread_bmp180_teplomer_teplota,23.25,2026-10-02T23:03:48.908Z
sensor.thread_bmp180_teplomer_teplota,23.24,2026-10-02T23:04:48.907Z
sensor.thread_bmp180_teplomer_teplota,23.25,2026-10-02T23:05:18.907Z
sensor.thread_bmp180_teplomer_teplota,23.27,2026-10-02T23:05:48.909Z
sensor.thread_bmp180_teplomer_teplota,23.25,2026-10-02T23:06:48.908Z
sensor.thread_bmp180_teplomer_teplota,23.24,2026-10-02T23:08:48.906Z
sensor.thread_bmp180_teplomer_teplota,23.25,2026-10-02T23:09:18.906Z
sensor.thread_bmp180_teplomer_teplota,23.27,2026-10-02T23:09:48.906Z
sensor.thread_bmp180_teplomer_teplota,23.28,2026-10-02T23:11:18.907Z
sensor.thread_bmp180_teplomer_teplota,23.27,2026-10-02T23:11:48.908Z
sensor.thread_bmp180_teplomer_teplota,23.28,2026-10-02T23:12:18.907Z
sensor.thread_bmp180_teplomer_teplota,23.29,2026-10-02T23:13:48.906Z
sensor.thread_bmp180_teplomer_teplota,23.28,2026-10-02T23:14:18.907Z
sensor.thread_bmp180_teplomer_teplota,23.27,2026-10-02T23:15:18.911Z
sensor.thread_bmp180_teplomer_teplota,23.28,2026-10-02T23:15:48.908Z
sensor.thread_bmp180_teplomer_teplota,23.29,2026-10-02T23:18:09.266Z
sensor.thread_bmp180_teplomer_teplota,23.3,2026-10-02T23:18:46.601Z
sensor.thread_bmp180_teplomer_teplota,23.29,2026-10-02T23:19:16.599Z
sensor.thread_bmp180_teplomer_teplota,23.3,2026-10-02T23:19:46.600Z
sensor.thread_bmp180_teplomer_teplota,23.29,2026-10-02T23:20:16.599Z
sensor.thread_bmp180_teplomer_teplota,23.31,2026-10-02T23:21:46.600Z
sensor.thread_bmp180_teplomer_teplota,23.3,2026-10-02T23:22:16.601Z
sensor.thread_bmp180_teplomer_teplota,23.32,2026-10-02T23:23:16.599Z
sensor.thread_bmp180_teplomer_teplota,23.3,2026-10-02T23:24:16.600Z
sensor.thread_bmp180_teplomer_teplota,23.29,2026-10-02T23:26:16.599Z
sensor.thread_bmp180_teplomer_teplota,23.32,2026-10-02T23:27:16.599Z
sensor.thread_bmp180_teplomer_teplota,23.31,2026-10-02T23:27:46.601Z
sensor.thread_bmp180_teplomer_teplota,23.33,2026-10-02T23:28:16.601Z
sensor.thread_bmp180_teplomer_teplota,23.34,2026-10-02T23:29:16.600Z
sensor.thread_bmp180_teplomer_teplota,23.33,2026-10-02T23:29:46.599Z
sensor.thread_bmp180_teplomer_teplota,23.35,2026-10-02T23:30:46.600Z
sensor.thread_bmp180_teplomer_teplota,23.33,2026-10-02T23:33:07.146Z
sensor.thread_bmp180_teplomer_teplota,23.34,2026-10-02T23:33:19.673Z
sensor.thread_bmp180_teplomer_teplota,23.36,2026-10-02T23:33:49.674Z
sensor.thread_bmp180_teplomer_teplota,23.35,2026-10-02T23:34:19.673Z
sensor.thread_bmp180_teplomer_teplota,23.36,2026-10-02T23:35:49.672Z
sensor.thread_bmp180_teplomer_teplota,23.37,2026-10-02T23:36:49.672Z
sensor.thread_bmp180_teplomer_teplota,23.38,2026-10-02T23:37:19.673Z
sensor.thread_bmp180_teplomer_teplota,23.37,2026-10-02T23:38:19.673Z
sensor.thread_bmp180_teplomer_teplota,23.38,2026-10-02T23:39:19.674Z
sensor.thread_bmp180_teplomer_teplota,23.39,2026-10-02T23:41:49.672Z
sensor.thread_bmp180_teplomer_teplota,23.4,2026-10-02T23:42:19.672Z
sensor.thread_bmp180_teplomer_teplota,23.39,2026-10-02T23:45:49.671Z
sensor.thread_bmp180_teplomer_teplota,23.41,2026-10-02T23:48:09.709Z
sensor.thread_bmp180_teplomer_teplota,23.4,2026-10-02T23:48:20.500Z
sensor.thread_bmp180_teplomer_teplota,23.42,2026-10-02T23:48:50.498Z
sensor.thread_bmp180_teplomer_teplota,23.4,2026-10-02T23:49:20.499Z
sensor.thread_bmp180_teplomer_teplota,23.42,2026-10-02T23:49:50.500Z
sensor.thread_bmp180_teplomer_teplota,23.41,2026-10-02T23:50:50.501Z
sensor.thread_bmp180_teplomer_teplota,23.4,2026-10-02T23:51:20.500Z
sensor.thread_bmp180_teplomer_teplota,23.42,2026-10-02T23:51:50.500Z
sensor.thread_bmp180_teplomer_teplota,23.43,2026-10-02T23:52:20.501Z
sensor.thread_bmp180_teplomer_teplota,23.42,2026-10-02T23:52:50.499Z
sensor.thread_bmp180_teplomer_teplota,23.41,2026-10-02T23:53:50.499Z
sensor.thread_bmp180_teplomer_teplota,23.42,2026-10-02T23:54:20.499Z
sensor.thread_bmp180_teplomer_teplota,23.43,2026-10-02T23:54:50.499Z
sensor.thread_bmp180_teplomer_teplota,23.42,2026-10-02T23:55:50.498Z
sensor.thread_bmp180_teplomer_teplota,23.43,2026-10-02T23:56:20.499Z
sensor.thread_bmp180_teplomer_teplota,23.45,2026-10-02T23:57:50.498Z
sensor.thread_bmp180_teplomer_teplota,23.44,2026-10-02T23:59:20.497Z
sensor.thread_bmp180_teplomer_teplota,23.45,2026-10-03T00:00:20.497Z
sensor.thread_bmp180_teplomer_teplota,23.47,2026-10-03T00:02:41.001Z
sensor.thread_bmp180_teplomer_teplota,23.46,2026-10-03T00:03:22.899Z
sensor.thread_bmp180_teplomer_teplota,23.48,2026-10-03T00:03:52.900Z
sensor.thread_bmp180_teplomer_teplota,23.45,2026-10-03T00:04:52.899Z
sensor.thread_bmp180_teplomer_teplota,23.47,2026-10-03T00:05:22.897Z
sensor.thread_bmp180_teplomer_teplota,23.45,2026-10-03T00:07:22.899Z
sensor.thread_bmp180_teplomer_teplota,23.47,2026-10-03T00:07:52.897Z
sensor.thread_bmp180_teplomer_teplota,23.48,2026-10-03T00:08:22.897Z
sensor.thread_bmp180_teplomer_teplota,23.47,2026-10-03T00:08:52.898Z
sensor.thread_bmp180_teplomer_teplota,23.48,2026-10-03T00:09:22.897Z
sensor.thread_bmp180_teplomer_teplota,23.49,2026-10-03T00:09:52.898Z
sensor.thread_bmp180_teplomer_teplota,23.48,2026-10-03T00:10:22.897Z
sensor.thread_bmp180_teplomer_teplota,23.49,2026-10-03T00:10:52.898Z
sensor.thread_bmp180_teplomer_teplota,23.48,2026-10-03T00:11:22.898Z
sensor.thread_bmp180_teplomer_teplota,23.49,2026-10-03T00:12:52.899Z
sensor.thread_bmp180_teplomer_teplota,23.5,2026-10-03T00:13:52.899Z
sensor.thread_bmp180_teplomer_teplota,23.49,2026-10-03T00:14:22.899Z
sensor.thread_bmp180_teplomer_teplota,23.5,2026-10-03T00:14:52.897Z
sensor.thread_bmp180_teplomer_teplota,23.49,2026-10-03T00:15:22.897Z
sensor.thread_bmp180_teplomer_teplota,23.5,2026-10-03T00:17:43.677Z
sensor.thread_bmp180_teplomer_teplota,23.49,2026-10-03T00:17:52.747Z
sensor.thread_bmp180_teplomer_teplota,23.5,2026-10-03T00:18:22.747Z
sensor.thread_bmp180_teplomer_teplota,23.52,2026-10-03T00:19:52.745Z
sensor.thread_bmp180_teplomer_teplota,23.5,2026-10-03T00:20:52.747Z
sensor.thread_bmp180_teplomer_teplota,23.51,2026-10-03T00:21:22.746Z
sensor.thread_bmp180_teplomer_teplota,23.52,2026-10-03T00:21:52.745Z
sensor.thread_bmp180_teplomer_teplota,23.51,2026-10-03T00:22:52.746Z
sensor.thread_bmp180_teplomer_teplota,23.52,2026-10-03T00:23:22.746Z
sensor.thread_bmp180_teplomer_teplota,23.54,2026-10-03T00:23:52.747Z
sensor.thread_bmp180_teplomer_teplota,23.52,2026-10-03T00:24:22.747Z
sensor.thread_bmp180_teplomer_teplota,23.53,2026-10-03T00:26:22.747Z
sensor.thread_bmp180_teplomer_teplota,23.51,2026-10-03T00:26:52.746Z
sensor.thread_bmp180_teplomer_teplota,23.5,2026-10-03T00:27:22.745Z
sensor.thread_bmp180_teplomer_teplota,23.53,2026-10-03T00:27:52.746Z
sensor.thread_bmp180_teplomer_teplota,23.54,2026-10-03T00:28:22.747Z
sensor.thread_bmp180_teplomer_teplota,23.52,2026-10-03T00:28:52.745Z
sensor.thread_bmp180_teplomer_teplota,23.51,2026-10-03T00:30:22.747Z
sensor.thread_bmp180_teplomer_teplota,23.53,2026-10-03T00:30:52.747Z
sensor.thread_bmp180_teplomer_teplota,23.55,2026-10-03T00:33:22.515Z
sensor.thread_bmp180_teplomer_teplota,23.54,2026-10-03T00:36:22.517Z
sensor.thread_bmp180_teplomer_teplota,23.55,2026-10-03T00:37:22.517Z
sensor.thread_bmp180_teplomer_teplota,23.56,2026-10-03T00:38:52.516Z
sensor.thread_bmp180_teplomer_teplota,23.54,2026-10-03T00:39:22.516Z
sensor.thread_bmp180_teplomer_teplota,23.55,2026-10-03T00:40:52.518Z
sensor.thread_bmp180_teplomer_teplota,23.56,2026-10-03T00:41:22.517Z
sensor.thread_bmp180_teplomer_teplota,23.55,2026-10-03T00:42:22.516Z
sensor.thread_bmp180_teplomer_teplota,23.56,2026-10-03T00:42:52.517Z
sensor.thread_bmp180_teplomer_teplota,23.55,2026-10-03T00:43:22.517Z
sensor.thread_bmp180_teplomer_teplota,23.56,2026-10-03T00:44:22.515Z
sensor.thread_bmp180_teplomer_teplota,23.55,2026-10-03T00:44:52.516Z
sensor.thread_bmp180_teplomer_teplota,23.56,2026-10-03T00:45:22.515Z
sensor.thread_bmp180_teplomer_teplota,23.55,2026-10-03T00:45:52.515Z
sensor.thread_bmp180_teplomer_teplota,23.57,2026-10-03T00:46:51.577Z
sensor.thread_bmp180_teplomer_teplota,23.56,2026-10-03T00:47:21.576Z
sensor.thread_bmp180_teplomer_teplota,23.55,2026-10-03T00:47:51.575Z
sensor.thread_bmp180_teplomer_teplota,23.57,2026-10-03T00:49:21.577Z
sensor.thread_bmp180_teplomer_teplota,23.59,2026-10-03T00:50:51.578Z
sensor.thread_bmp180_teplomer_teplota,23.58,2026-10-03T00:51:51.576Z
sensor.thread_bmp180_teplomer_teplota,23.57,2026-10-03T00:52:51.577Z
sensor.thread_bmp180_teplomer_teplota,23.58,2026-10-03T00:53:21.575Z
sensor.thread_bmp180_teplomer_teplota,23.59,2026-10-03T00:53:51.577Z
sensor.thread_bmp180_teplomer_teplota,23.58,2026-10-03T00:54:21.575Z
sensor.thread_bmp180_teplomer_teplota,23.59,2026-10-03T00:54:51.577Z
sensor.thread_bmp180_teplomer_teplota,23.57,2026-10-03T00:55:51.578Z
sensor.thread_bmp180_teplomer_teplota,23.58,2026-10-03T00:56:21.577Z
sensor.thread_bmp180_teplomer_teplota,23.59,2026-10-03T00:59:21.576Z
sensor.thread_bmp180_teplomer_teplota,23.58,2026-10-03T00:59:51.576Z
sensor.thread_bmp180_teplomer_teplota,23.59,2026-10-03T01:00:21.576Z
sensor.thread_bmp180_teplomer_teplota,23.6,2026-10-03T01:00:51.575Z
sensor.thread_bmp180_teplomer_teplota,23.58,2026-10-03T01:03:24.712Z
sensor.thread_bmp180_teplomer_teplota,23.59,2026-10-03T01:03:54.714Z
sensor.thread_bmp180_teplomer_teplota,23.57,2026-10-03T01:04:24.711Z
sensor.thread_bmp180_teplomer_teplota,23.59,2026-10-03T01:04:54.711Z
sensor.thread_bmp180_teplomer_teplota,23.61,2026-10-03T01:06:24.713Z
sensor.thread_bmp180_teplomer_teplota,23.6,2026-10-03T01:07:54.713Z
sensor.thread_bmp180_teplomer_teplota,23.61,2026-10-03T01:09:24.711Z
sensor.thread_bmp180_teplomer_teplota,23.62,2026-10-03T01:10:24.713Z
sensor.thread_bmp180_teplomer_teplota,23.6,2026-10-03T01:10:54.711Z
sensor.thread_bmp180_teplomer_teplota,23.61,2026-10-03T01:11:24.713Z
sensor.thread_bmp180_teplomer_teplota,23.6,2026-10-03T01:11:54.712Z
sensor.thread_bmp180_teplomer_teplota,23.62,2026-10-03T01:12:54.712Z
sensor.thread_bmp180_teplomer_teplota,23.6,2026-10-03T01:13:24.712Z
sensor.thread_bmp180_teplomer_teplota,23.62,2026-10-03T01:13:54.713Z
sensor.thread_bmp180_teplomer_teplota,23.6,2026-10-03T01:14:24.712Z
sensor.thread_bmp180_teplomer_teplota,23.62,2026-10-03T01:15:54.711Z
sensor.thread_bmp180_teplomer_teplota,23.63,2026-10-03T01:16:53.321Z
sensor.thread_bmp180_teplomer_teplota,23.61,2026-10-03T01:17:23.323Z
sensor.thread_bmp180_teplomer_teplota,23.6,2026-10-03T01:17:53.323Z
sensor.thread_bmp180_teplomer_teplota,23.59,2026-10-03T01:18:23.321Z
sensor.thread_bmp180_teplomer_teplota,23.6,2026-10-03T01:19:23.321Z
sensor.thread_bmp180_teplomer_teplota,23.63,2026-10-03T01:20:23.322Z
sensor.thread_bmp180_teplomer_teplota,23.6,2026-10-03T01:20:53.323Z
sensor.thread_bmp180_teplomer_teplota,23.62,2026-10-03T01:21:53.323Z
sensor.thread_bmp180_teplomer_teplota,23.61,2026-10-03T01:23:53.321Z
sensor.thread_bmp180_teplomer_teplota,23.62,2026-10-03T01:24:23.323Z
sensor.thread_bmp180_teplomer_teplota,23.6,2026-10-03T01:24:53.320Z
sensor.thread_bmp180_teplomer_teplota,23.62,2026-10-03T01:25:23.323Z
sensor.thread_bmp180_teplomer_teplota,23.63,2026-10-03T01:27:53.320Z
sensor.thread_bmp180_teplomer_teplota,23.62,2026-10-03T01:28:53.320Z
sensor.thread_bmp180_teplomer_teplota,23.63,2026-10-03T01:30:23.323Z
sensor.thread_bmp180_teplomer_teplota,23.64,2026-10-03T01:31:58.459Z
sensor.thread_bmp180_teplomer_teplota,23.63,2026-10-03T01:32:28.460Z
sensor.thread_bmp180_teplomer_teplota,23.62,2026-10-03T01:35:28.461Z
sensor.thread_bmp180_teplomer_teplota,23.63,2026-10-03T01:36:28.461Z
sensor.thread_bmp180_teplomer_teplota,23.62,2026-10-03T01:36:58.461Z
sensor.thread_bmp180_teplomer_teplota,23.63,2026-10-03T01:37:58.463Z
sensor.thread_bmp180_teplomer_teplota,23.64,2026-10-03T01:38:28.458Z
sensor.thread_bmp180_teplomer_teplota,23.62,2026-10-03T01:38:58.460Z
sensor.thread_bmp180_teplomer_teplota,23.63,2026-10-03T01:40:58.461Z
sensor.thread_bmp180_teplomer_teplota,23.62,2026-10-03T01:42:28.459Z
sensor.thread_bmp180_teplomer_teplota,23.63,2026-10-03T01:42:58.459Z
sensor.thread_bmp180_teplomer_teplota,23.62,2026-10-03T01:43:28.459Z
sensor.thread_bmp180_teplomer_teplota,23.63,2026-10-03T01:44:28.460Z
sensor.thread_bmp180_teplomer_teplota,23.62,2026-10-03T01:47:51.012Z
sensor.thread_bmp180_teplomer_teplota,23.63,2026-10-03T01:48:58.204Z
sensor.thread_bmp180_teplomer_teplota,23.64,2026-10-03T01:49:28.203Z
sensor.thread_bmp180_teplomer_teplota,23.65,2026-10-03T01:49:58.203Z
sensor.thread_bmp180_teplomer_teplota,23.62,2026-10-03T01:50:28.202Z
sensor.thread_bmp180_teplomer_teplota,23.63,2026-10-03T01:50:58.203Z
sensor.thread_bmp180_teplomer_teplota,23.64,2026-10-03T01:52:28.202Z
sensor.thread_bmp180_teplomer_teplota,23.65,2026-10-03T01:53:28.203Z
sensor.thread_bmp180_teplomer_teplota,23.64,2026-10-03T01:53:58.204Z
sensor.thread_bmp180_teplomer_teplota,23.63,2026-10-03T01:54:28.201Z
sensor.thread_bmp180_teplomer_teplota,23.64,2026-10-03T01:54:58.201Z
sensor.thread_bmp180_teplomer_teplota,23.65,2026-10-03T01:59:58.202Z
sensor.thread_bmp180_teplomer_teplota,23.64,2026-10-03T02:03:56.408Z
sensor.thread_bmp180_teplomer_teplota,23.65,2026-10-03T02:04:26.406Z
sensor.thread_bmp180_teplomer_teplota,23.67,2026-10-03T02:05:26.408Z
sensor.thread_bmp180_teplomer_teplota,23.66,2026-10-03T02:05:56.405Z
sensor.thread_bmp180_teplomer_teplota,23.65,2026-10-03T02:07:26.407Z
sensor.thread_bmp180_teplomer_teplota,23.66,2026-10-03T02:11:26.406Z
sensor.thread_bmp180_teplomer_teplota,23.64,2026-10-03T02:12:26.405Z
sensor.thread_bmp180_teplomer_teplota,23.65,2026-10-03T02:12:56.406Z
sensor.thread_bmp180_teplomer_teplota,23.67,2026-10-03T02:13:26.405Z
sensor.thread_bmp180_teplomer_teplota,23.68,2026-10-03T02:18:29.763Z
sensor.thread_bmp180_teplomer_teplota,23.69,2026-10-03T02:18:59.763Z
sensor.thread_bmp180_teplomer_teplota,23.68,2026-10-03T02:19:29.766Z
sensor.thread_bmp180_teplomer_teplota,23.67,2026-10-03T02:19:59.765Z
sensor.thread_bmp180_teplomer_teplota,23.68,2026-10-03T02:20:29.766Z
sensor.thread_bmp180_teplomer_teplota,23.67,2026-10-03T02:21:29.765Z
sensor.thread_bmp180_teplomer_teplota,23.65,2026-10-03T02:22:59.765Z
sensor.thread_bmp180_teplomer_teplota,23.66,2026-10-03T02:23:29.767Z
sensor.thread_bmp180_teplomer_teplota,23.67,2026-10-03T02:23:59.768Z
sensor.thread_bmp180_teplomer_teplota,23.68,2026-10-03T02:24:29.764Z
sensor.thread_bmp180_teplomer_teplota,23.67,2026-10-03T02:25:29.764Z
sensor.thread_bmp180_teplomer_teplota,23.69,2026-10-03T02:25:59.764Z
sensor.thread_bmp180_teplomer_teplota,23.68,2026-10-03T02:26:59.765Z
sensor.thread_bmp180_teplomer_teplota,23.69,2026-10-03T02:27:29.764Z
sensor.thread_bmp180_teplomer_teplota,23.68,2026-10-03T02:28:59.766Z
sensor.thread_bmp180_teplomer_teplota,23.69,2026-10-03T02:29:29.765Z
sensor.thread_bmp180_teplomer_teplota,23.7,2026-10-03T02:30:29.765Z
sensor.thread_bmp180_teplomer_teplota,23.69,2026-10-03T02:30:59.765Z
sensor.thread_bmp180_teplomer_teplota,23.7,2026-10-03T02:33:20.386Z
sensor.thread_bmp180_teplomer_teplota,23.68,2026-10-03T02:34:31.697Z
sensor.thread_bmp180_teplomer_teplota,23.69,2026-10-03T02:36:01.697Z
sensor.thread_bmp180_teplomer_teplota,23.68,2026-10-03T02:37:01.697Z
sensor.thread_bmp180_teplomer_teplota,23.7,2026-10-03T02:37:31.698Z
sensor.thread_bmp180_teplomer_teplota,23.69,2026-10-03T02:40:31.698Z
sensor.thread_bmp180_teplomer_teplota,23.7,2026-10-03T02:41:01.698Z
sensor.thread_bmp180_teplomer_teplota,23.69,2026-10-03T02:42:01.697Z
sensor.thread_bmp180_teplomer_teplota,23.7,2026-10-03T02:43:01.697Z
sensor.thread_bmp180_teplomer_teplota,23.69,2026-10-03T02:44:31.698Z
sensor.thread_bmp180_teplomer_teplota,23.72,2026-10-03T02:45:01.698Z
sensor.thread_bmp180_teplomer_teplota,23.71,2026-10-03T02:45:31.698Z
sensor.thread_bmp180_teplomer_teplota,23.7,2026-10-03T02:46:01.697Z
sensor.thread_bmp180_teplomer_teplota,23.69,2026-10-03T02:49:31.576Z
sensor.thread_bmp180_teplomer_teplota,23.7,2026-10-03T02:50:31.576Z
sensor.thread_bmp180_teplomer_teplota,23.72,2026-10-03T02:52:01.576Z
sensor.thread_bmp180_teplomer_teplota,23.71,2026-10-03T02:52:31.577Z
sensor.thread_bmp180_teplomer_teplota,23.7,2026-10-03T02:53:01.576Z
sensor.thread_bmp180_teplomer_teplota,23.72,2026-10-03T02:53:31.577Z
sensor.thread_bmp180_teplomer_teplota,23.71,2026-10-03T02:54:31.577Z
sensor.thread_bmp180_teplomer_teplota,23.7,2026-10-03T02:55:31.578Z
sensor.thread_bmp180_teplomer_teplota,23.71,2026-10-03T02:56:31.577Z
sensor.thread_bmp180_teplomer_teplota,23.7,2026-10-03T02:57:01.577Z
sensor.thread_bmp180_teplomer_teplota,23.69,2026-10-03T02:57:31.578Z
sensor.thread_bmp180_teplomer_teplota,23.67,2026-10-03T02:58:01.577Z
sensor.thread_bmp180_teplomer_teplota,23.69,2026-10-03T02:58:31.577Z
sensor.thread_bmp180_teplomer_teplota,23.68,2026-10-03T02:59:01.575Z
sensor.thread_bmp180_teplomer_teplota,23.7,2026-10-03T02:59:31.575Z
sensor.thread_bmp180_teplomer_teplota,23.69,2026-10-03T03:02:53.734Z
sensor.thread_bmp180_teplomer_teplota,23.7,2026-10-03T03:03:00.288Z
sensor.thread_bmp180_teplomer_teplota,23.71,2026-10-03T03:06:00.287Z
sensor.thread_bmp180_teplomer_teplota,23.7,2026-10-03T03:06:30.288Z
sensor.thread_bmp180_teplomer_teplota,23.71,2026-10-03T03:07:30.287Z
sensor.thread_bmp180_teplomer_teplota,23.7,2026-10-03T03:08:00.287Z
sensor.thread_bmp180_teplomer_teplota,23.71,2026-10-03T03:09:00.287Z
sensor.thread_bmp180_teplomer_teplota,23.7,2026-10-03T03:10:00.286Z
sensor.thread_bmp180_teplomer_teplota,23.72,2026-10-03T03:11:00.285Z
sensor.thread_bmp180_teplomer_teplota,23.69,2026-10-03T03:11:30.288Z
sensor.thread_bmp180_teplomer_teplota,23.7,2026-10-03T03:12:00.287Z
sensor.thread_bmp180_teplomer_teplota,23.73,2026-10-03T03:13:00.287Z
sensor.thread_bmp180_teplomer_teplota,23.72,2026-10-03T03:13:30.286Z
sensor.thread_bmp180_teplomer_teplota,23.7,2026-10-03T03:14:30.290Z
sensor.thread_bmp180_teplomer_teplota,23.72,2026-10-03T03:15:00.286Z
sensor.thread_bmp180_teplomer_teplota,23.7,2026-10-03T03:15:30.287Z
sensor.thread_bmp180_teplomer_teplota,23.71,2026-10-03T03:16:00.287Z
sensor.thread_bmp180_teplomer_teplota,23.72,2026-10-03T03:18:20.854Z
sensor.thread_bmp180_teplomer_teplota,23.71,2026-10-03T03:18:33.642Z
sensor.thread_bmp180_teplomer_teplota,23.69,2026-10-03T03:20:03.640Z
sensor.thread_bmp180_teplomer_teplota,23.7,2026-10-03T03:20:33.640Z
sensor.thread_bmp180_teplomer_teplota,23.69,2026-10-03T03:21:03.640Z
sensor.thread_bmp180_teplomer_teplota,23.68,2026-10-03T03:22:03.640Z
sensor.thread_bmp180_teplomer_teplota,23.69,2026-10-03T03:22:33.640Z
sensor.thread_bmp180_teplomer_teplota,23.68,2026-10-03T03:23:03.641Z
sensor.thread_bmp180_teplomer_teplota,23.71,2026-10-03T03:24:03.641Z
sensor.thread_bmp180_teplomer_teplota,23.7,2026-10-03T03:24:33.640Z
sensor.thread_bmp180_teplomer_teplota,23.71,2026-10-03T03:25:33.641Z
sensor.thread_bmp180_teplomer_teplota,23.7,2026-10-03T03:27:03.639Z
sensor.thread_bmp180_teplomer_teplota,23.72,2026-10-03T03:29:03.641Z
sensor.thread_bmp180_teplomer_teplota,23.7,2026-10-03T03:29:33.641Z
sensor.thread_bmp180_teplomer_teplota,23.71,2026-10-03T03:30:03.641Z
sensor.thread_bmp180_teplomer_teplota,23.69,2026-10-03T03:30:33.641Z
sensor.thread_bmp180_teplomer_teplota,23.7,2026-10-03T03:31:38.602Z
sensor.thread_bmp180_teplomer_teplota,23.69,2026-10-03T03:32:00.739Z
sensor.thread_bmp180_teplomer_teplota,23.71,2026-10-03T03:33:30.736Z
sensor.thread_bmp180_teplomer_teplota,23.7,2026-10-03T03:36:00.738Z
sensor.thread_bmp180_teplomer_teplota,23.71,2026-10-03T03:36:30.737Z
sensor.thread_bmp180_teplomer_teplota,23.7,2026-10-03T03:37:00.737Z
sensor.thread_bmp180_teplomer_teplota,23.71,2026-10-03T03:38:00.737Z
sensor.thread_bmp180_teplomer_teplota,23.7,2026-10-03T03:38:30.738Z
sensor.thread_bmp180_teplomer_teplota,23.71,2026-10-03T03:39:30.738Z
sensor.thread_bmp180_teplomer_teplota,23.7,2026-10-03T03:40:00.739Z
sensor.thread_bmp180_teplomer_teplota,23.72,2026-10-03T03:40:30.740Z
sensor.thread_bmp180_teplomer_teplota,23.7,2026-10-03T03:41:30.740Z
sensor.thread_bmp180_teplomer_teplota,23.71,2026-10-03T03:42:00.737Z
sensor.thread_bmp180_teplomer_teplota,23.72,2026-10-03T03:43:00.739Z
sensor.thread_bmp180_teplomer_teplota,23.7,2026-10-03T03:43:30.737Z
sensor.thread_bmp180_teplomer_teplota,23.71,2026-10-03T03:44:00.739Z
sensor.thread_bmp180_teplomer_teplota,23.72,2026-10-03T03:44:30.739Z
sensor.thread_bmp180_teplomer_teplota,23.73,2026-10-03T03:46:00.737Z
sensor.thread_bmp180_teplomer_teplota,23.7,2026-10-03T03:48:21.060Z
sensor.thread_bmp180_teplomer_teplota,23.72,2026-10-03T03:48:33.246Z
sensor.thread_bmp180_teplomer_teplota,23.7,2026-10-03T03:49:33.243Z
sensor.thread_bmp180_teplomer_teplota,23.72,2026-10-03T03:51:03.245Z
sensor.thread_bmp180_teplomer_teplota,23.7,2026-10-03T03:51:33.244Z
sensor.thread_bmp180_teplomer_teplota,23.72,2026-10-03T03:52:03.245Z
sensor.thread_bmp180_teplomer_teplota,23.7,2026-10-03T03:52:33.243Z
sensor.thread_bmp180_teplomer_teplota,23.72,2026-10-03T03:53:03.244Z
sensor.thread_bmp180_teplomer_teplota,23.7,2026-10-03T03:54:33.245Z
sensor.thread_bmp180_teplomer_teplota,23.72,2026-10-03T03:55:33.243Z
sensor.thread_bmp180_teplomer_teplota,23.7,2026-10-03T03:56:03.245Z
sensor.thread_bmp180_teplomer_teplota,23.72,2026-10-03T03:56:33.244Z
sensor.thread_bmp180_teplomer_teplota,23.7,2026-10-03T03:57:33.244Z
sensor.thread_bmp180_teplomer_teplota,23.69,2026-10-03T03:58:03.243Z
sensor.thread_bmp180_teplomer_teplota,23.72,2026-10-03T03:58:33.245Z
sensor.thread_bmp180_teplomer_teplota,23.71,2026-10-03T03:59:03.245Z
sensor.thread_bmp180_teplomer_teplota,23.72,2026-10-03T03:59:33.245Z
sensor.thread_bmp180_teplomer_teplota,23.71,2026-10-03T04:00:03.244Z
sensor.thread_bmp180_teplomer_teplota,23.7,2026-10-03T04:01:03.244Z
sensor.thread_bmp180_teplomer_teplota,23.72,2026-10-03T04:03:36.357Z
sensor.thread_bmp180_teplomer_teplota,23.7,2026-10-03T04:06:06.359Z
sensor.thread_bmp180_teplomer_teplota,23.72,2026-10-03T04:06:36.357Z
sensor.thread_bmp180_teplomer_teplota,23.74,2026-10-03T04:07:36.359Z
sensor.thread_bmp180_teplomer_teplota,23.72,2026-10-03T04:08:06.356Z
sensor.thread_bmp180_teplomer_teplota,23.73,2026-10-03T04:09:06.357Z
sensor.thread_bmp180_teplomer_teplota,23.71,2026-10-03T04:09:36.357Z
sensor.thread_bmp180_teplomer_teplota,23.72,2026-10-03T04:10:36.357Z
sensor.thread_bmp180_teplomer_teplota,23.74,2026-10-03T04:11:06.359Z
sensor.thread_bmp180_teplomer_teplota,23.73,2026-10-03T04:11:36.358Z
sensor.thread_bmp180_teplomer_teplota,23.72,2026-10-03T04:12:36.358Z
sensor.thread_bmp180_teplomer_teplota,23.73,2026-10-03T04:13:06.356Z
sensor.thread_bmp180_teplomer_teplota,23.74,2026-10-03T04:13:36.357Z
sensor.thread_bmp180_teplomer_teplota,23.72,2026-10-03T04:14:06.357Z
sensor.thread_bmp180_teplomer_teplota,23.73,2026-10-03T04:14:36.358Z
sensor.thread_bmp180_teplomer_teplota,23.69,2026-10-03T04:15:06.357Z
sensor.thread_bmp180_teplomer_teplota,23.72,2026-10-03T04:15:36.356Z
sensor.thread_bmp180_teplomer_teplota,23.71,2026-10-03T04:16:06.359Z
sensor.thread_bmp180_teplomer_teplota,23.69,2026-10-03T04:18:35.286Z
sensor.thread_bmp180_teplomer_teplota,23.7,2026-10-03T04:19:05.288Z
sensor.thread_bmp180_teplomer_teplota,23.69,2026-10-03T04:20:05.286Z
sensor.thread_bmp180_teplomer_teplota,23.68,2026-10-03T04:21:05.288Z
sensor.thread_bmp180_teplomer_teplota,23.7,2026-10-03T04:21:35.286Z
sensor.thread_bmp180_teplomer_teplota,23.69,2026-10-03T04:22:05.287Z
sensor.thread_bmp180_teplomer_teplota,23.67,2026-10-03T04:23:05.287Z
sensor.thread_bmp180_teplomer_teplota,23.68,2026-10-03T04:23:35.286Z
sensor.thread_bmp180_teplomer_teplota,23.7,2026-10-03T04:24:05.285Z
sensor.thread_bmp180_teplomer_teplota,23.69,2026-10-03T04:24:35.287Z
sensor.thread_bmp180_teplomer_teplota,23.72,2026-10-03T04:26:35.286Z
sensor.thread_bmp180_teplomer_teplota,23.7,2026-10-03T04:27:05.287Z
sensor.thread_bmp180_teplomer_teplota,23.73,2026-10-03T04:27:35.287Z
sensor.thread_bmp180_teplomer_teplota,23.72,2026-10-03T04:28:05.288Z
sensor.thread_bmp180_teplomer_teplota,23.7,2026-10-03T04:29:05.287Z
sensor.thread_bmp180_teplomer_teplota,23.72,2026-10-03T04:29:35.286Z
sensor.thread_bmp180_teplomer_teplota,23.73,2026-10-03T04:30:05.287Z
sensor.thread_bmp180_teplomer_teplota,23.71,2026-10-03T04:30:35.286Z
sensor.thread_bmp180_teplomer_teplota,23.73,2026-10-03T04:31:48.872Z
sensor.thread_bmp180_teplomer_teplota,23.72,2026-10-03T04:32:08.039Z
sensor.thread_bmp180_teplomer_teplota,23.7,2026-10-03T04:33:08.040Z
sensor.thread_bmp180_teplomer_teplota,23.71,2026-10-03T04:34:08.040Z
sensor.thread_bmp180_teplomer_teplota,23.7,2026-10-03T04:34:38.040Z
sensor.thread_bmp180_teplomer_teplota,23.71,2026-10-03T04:37:08.039Z
sensor.thread_bmp180_teplomer_teplota,23.7,2026-10-03T04:37:38.040Z
sensor.thread_bmp180_teplomer_teplota,23.69,2026-10-03T04:38:08.041Z
sensor.thread_bmp180_teplomer_teplota,23.7,2026-10-03T04:38:38.041Z
sensor.thread_bmp180_teplomer_teplota,23.71,2026-10-03T04:39:08.038Z
sensor.thread_bmp180_teplomer_teplota,23.72,2026-10-03T04:39:38.038Z
sensor.thread_bmp180_teplomer_teplota,23.71,2026-10-03T04:41:38.039Z
sensor.thread_bmp180_teplomer_teplota,23.72,2026-10-03T04:42:08.040Z
sensor.thread_bmp180_teplomer_teplota,23.73,2026-10-03T04:42:38.039Z
sensor.thread_bmp180_teplomer_teplota,23.74,2026-10-03T04:44:08.038Z
sensor.thread_bmp180_teplomer_teplota,23.76,2026-10-03T04:45:38.038Z
sensor.thread_bmp180_teplomer_teplota,23.74,2026-10-03T04:46:08.040Z
sensor.thread_bmp180_teplomer_teplota,23.73,2026-10-03T04:47:35.520Z
sensor.thread_bmp180_teplomer_teplota,23.74,2026-10-03T04:48:35.521Z
sensor.thread_bmp180_teplomer_teplota,23.73,2026-10-03T04:49:05.522Z
sensor.thread_bmp180_teplomer_teplota,23.74,2026-10-03T04:49:35.522Z
sensor.thread_bmp180_teplomer_teplota,23.73,2026-10-03T04:50:35.523Z
sensor.thread_bmp180_teplomer_teplota,23.74,2026-10-03T04:51:05.520Z
sensor.thread_bmp180_teplomer_teplota,23.73,2026-10-03T04:51:35.523Z
sensor.thread_bmp180_teplomer_teplota,23.74,2026-10-03T04:52:05.521Z
sensor.thread_bmp180_teplomer_teplota,23.73,2026-10-03T04:53:05.521Z
sensor.thread_bmp180_teplomer_teplota,23.72,2026-10-03T04:53:35.521Z
sensor.thread_bmp180_teplomer_teplota,23.74,2026-10-03T04:54:05.520Z
sensor.thread_bmp180_teplomer_teplota,23.73,2026-10-03T04:55:35.520Z
sensor.thread_bmp180_teplomer_teplota,23.74,2026-10-03T04:56:05.521Z
sensor.thread_bmp180_teplomer_teplota,23.73,2026-10-03T04:56:35.521Z
sensor.thread_bmp180_teplomer_teplota,23.74,2026-10-03T04:57:05.522Z
sensor.thread_bmp180_teplomer_teplota,23.72,2026-10-03T04:57:35.521Z
sensor.thread_bmp180_teplomer_teplota,23.74,2026-10-03T04:58:35.520Z
sensor.thread_bmp180_teplomer_teplota,23.73,2026-10-03T04:59:05.522Z
sensor.thread_bmp180_teplomer_teplota,23.71,2026-10-03T04:59:35.522Z
sensor.thread_bmp180_teplomer_teplota,23.74,2026-10-03T05:00:05.521Z
sensor.thread_bmp180_teplomer_teplota,23.72,2026-10-03T05:01:05.521Z
sensor.thread_bmp180_teplomer_teplota,23.71,2026-10-03T05:01:43.509Z
sensor.thread_bmp180_teplomer_teplota,23.75,2026-10-03T05:02:07.066Z
sensor.thread_bmp180_teplomer_teplota,23.74,2026-10-03T05:02:37.063Z
sensor.thread_bmp180_teplomer_teplota,23.73,2026-10-03T05:03:37.063Z
sensor.thread_bmp180_teplomer_teplota,23.71,2026-10-03T05:04:07.063Z
sensor.thread_bmp180_teplomer_teplota,23.73,2026-10-03T05:04:37.063Z
sensor.thread_bmp180_teplomer_teplota,23.74,2026-10-03T05:05:37.065Z
sensor.thread_bmp180_teplomer_teplota,23.73,2026-10-03T05:06:07.064Z
sensor.thread_bmp180_teplomer_teplota,23.72,2026-10-03T05:06:37.063Z
sensor.thread_bmp180_teplomer_teplota,23.71,2026-10-03T05:07:07.065Z
sensor.thread_bmp180_teplomer_teplota,23.72,2026-10-03T05:07:37.065Z
sensor.thread_bmp180_teplomer_teplota,23.74,2026-10-03T05:08:07.065Z
sensor.thread_bmp180_teplomer_teplota,23.72,2026-10-03T05:09:07.064Z
sensor.thread_bmp180_teplomer_teplota,23.74,2026-10-03T05:09:37.064Z
sensor.thread_bmp180_teplomer_teplota,23.73,2026-10-03T05:10:07.072Z
sensor.thread_bmp180_teplomer_teplota,23.74,2026-10-03T05:11:07.065Z
sensor.thread_bmp180_teplomer_teplota,23.72,2026-10-03T05:15:07.064Z
sensor.thread_bmp180_teplomer_teplota,23.73,2026-10-03T05:15:37.065Z
sensor.thread_bmp180_teplomer_teplota,23.74,2026-10-03T05:16:07.065Z
sensor.thread_bmp180_teplomer_teplota,23.75,2026-10-03T05:18:27.356Z
sensor.thread_bmp180_teplomer_teplota,23.73,2026-10-03T05:18:38.697Z
sensor.thread_bmp180_teplomer_teplota,23.74,2026-10-03T05:19:08.697Z
sensor.thread_bmp180_teplomer_teplota,23.73,2026-10-03T05:19:38.698Z
sensor.thread_bmp180_teplomer_teplota,23.74,2026-10-03T05:20:08.697Z
sensor.thread_bmp180_teplomer_teplota,23.76,2026-10-03T05:20:38.697Z
sensor.thread_bmp180_teplomer_teplota,23.74,2026-10-03T05:21:38.696Z
sensor.thread_bmp180_teplomer_teplota,23.75,2026-10-03T05:25:38.698Z
sensor.thread_bmp180_teplomer_teplota,23.73,2026-10-03T05:26:38.696Z
sensor.thread_bmp180_teplomer_teplota,23.75,2026-10-03T05:27:38.697Z
sensor.thread_bmp180_teplomer_teplota,23.73,2026-10-03T05:28:08.697Z
sensor.thread_bmp180_teplomer_teplota,23.74,2026-10-03T05:29:08.697Z
sensor.thread_bmp180_teplomer_teplota,23.72,2026-10-03T05:29:38.696Z
sensor.thread_bmp180_teplomer_teplota,23.73,2026-10-03T05:30:38.696Z
sensor.thread_bmp180_teplomer_teplota,23.74,2026-10-03T05:31:08.697Z
sensor.thread_bmp180_teplomer_teplota,23.73,2026-10-03T05:33:29.272Z
sensor.thread_bmp180_teplomer_teplota,23.72,2026-10-03T05:34:08.574Z
sensor.thread_bmp180_teplomer_teplota,23.73,2026-10-03T05:34:38.571Z
sensor.thread_bmp180_teplomer_teplota,23.74,2026-10-03T05:35:38.573Z
sensor.thread_bmp180_teplomer_teplota,23.76,2026-10-03T05:36:08.574Z
sensor.thread_bmp180_teplomer_teplota,23.75,2026-10-03T05:36:38.573Z
sensor.thread_bmp180_teplomer_teplota,23.73,2026-10-03T05:37:38.573Z
sensor.thread_bmp180_teplomer_teplota,23.74,2026-10-03T05:38:38.571Z
sensor.thread_bmp180_teplomer_teplota,23.73,2026-10-03T05:39:08.574Z
sensor.thread_bmp180_teplomer_teplota,23.72,2026-10-03T05:40:38.572Z
sensor.thread_bmp180_teplomer_teplota,23.74,2026-10-03T05:41:08.574Z
sensor.thread_bmp180_teplomer_teplota,23.73,2026-10-03T05:41:38.572Z
sensor.thread_bmp180_teplomer_teplota,23.74,2026-10-03T05:42:08.571Z
sensor.thread_bmp180_teplomer_teplota,23.76,2026-10-03T05:43:08.573Z
sensor.thread_bmp180_teplomer_teplota,23.74,2026-10-03T05:43:38.574Z
sensor.thread_bmp180_teplomer_teplota,23.73,2026-10-03T05:44:08.573Z
sensor.thread_bmp180_teplomer_teplota,23.74,2026-10-03T05:44:38.571Z
sensor.thread_bmp180_teplomer_teplota,23.75,2026-10-03T05:46:08.573Z
sensor.thread_bmp180_teplomer_teplota,23.77,2026-10-03T05:48:29.001Z
sensor.thread_bmp180_teplomer_teplota,23.76,2026-10-03T05:48:41.250Z
sensor.thread_bmp180_teplomer_teplota,23.74,2026-10-03T05:49:41.251Z
sensor.thread_bmp180_teplomer_teplota,23.76,2026-10-03T05:50:11.250Z
sensor.thread_bmp180_teplomer_teplota,23.74,2026-10-03T05:50:41.252Z
sensor.thread_bmp180_teplomer_teplota,23.76,2026-10-03T05:51:11.252Z
sensor.thread_bmp180_teplomer_teplota,23.77,2026-10-03T05:52:11.250Z
sensor.thread_bmp180_teplomer_teplota,23.76,2026-10-03T05:52:41.251Z
sensor.thread_bmp180_teplomer_teplota,23.77,2026-10-03T05:53:41.251Z
sensor.thread_bmp180_teplomer_teplota,23.75,2026-10-03T05:54:41.252Z
sensor.thread_bmp180_teplomer_teplota,23.74,2026-10-03T05:55:11.250Z
sensor.thread_bmp180_teplomer_teplota,23.76,2026-10-03T05:56:11.251Z
sensor.thread_bmp180_teplomer_teplota,23.74,2026-10-03T05:56:41.251Z
sensor.thread_bmp180_teplomer_teplota,23.72,2026-10-03T05:57:41.250Z
sensor.thread_bmp180_teplomer_teplota,23.71,2026-10-03T05:59:11.253Z
sensor.thread_bmp180_teplomer_teplota,23.73,2026-10-03T05:59:41.252Z
sensor.thread_bmp180_teplomer_teplota,23.74,2026-10-03T06:00:11.252Z
sensor.thread_bmp180_teplomer_teplota,23.75,2026-10-03T06:00:41.252Z
sensor.thread_bmp180_teplomer_teplota,23.74,2026-10-03T06:01:11.252Z
sensor.thread_bmp180_teplomer_teplota,23.72,2026-10-03T06:03:31.990Z
sensor.thread_bmp180_teplomer_teplota,23.73,2026-10-03T06:03:40.839Z
sensor.thread_bmp180_teplomer_teplota,23.71,2026-10-03T06:04:10.840Z
sensor.thread_bmp180_teplomer_teplota,23.73,2026-10-03T06:05:10.840Z
sensor.thread_bmp180_teplomer_teplota,23.7,2026-10-03T06:05:40.838Z
sensor.thread_bmp180_teplomer_teplota,23.72,2026-10-03T06:06:40.838Z
sensor.thread_bmp180_teplomer_teplota,23.7,2026-10-03T06:07:10.839Z
sensor.thread_bmp180_teplomer_teplota,23.73,2026-10-03T06:07:40.838Z
sensor.thread_bmp180_teplomer_teplota,23.74,2026-10-03T06:08:10.837Z
sensor.thread_bmp180_teplomer_teplota,23.73,2026-10-03T06:08:40.837Z
sensor.thread_bmp180_teplomer_teplota,23.74,2026-10-03T06:09:40.838Z
sensor.thread_bmp180_teplomer_teplota,23.72,2026-10-03T06:10:10.837Z
sensor.thread_bmp180_teplomer_teplota,23.76,2026-10-03T06:10:40.837Z
sensor.thread_bmp180_teplomer_teplota,23.74,2026-10-03T06:11:40.839Z
sensor.thread_bmp180_teplomer_teplota,23.76,2026-10-03T06:12:10.838Z
sensor.thread_bmp180_teplomer_teplota,23.74,2026-10-03T06:12:40.838Z
sensor.thread_bmp180_teplomer_teplota,23.76,2026-10-03T06:13:10.840Z
sensor.thread_bmp180_teplomer_teplota,23.75,2026-10-03T06:13:40.839Z
sensor.thread_bmp180_teplomer_teplota,23.74,2026-10-03T06:14:10.840Z
sensor.thread_bmp180_teplomer_teplota,23.75,2026-10-03T06:14:40.839Z
sensor.thread_bmp180_teplomer_teplota,23.74,2026-10-03T06:15:10.838Z
sensor.thread_bmp180_teplomer_teplota,23.73,2026-10-03T06:16:10.839Z
sensor.thread_bmp180_teplomer_teplota,23.74,2026-10-03T06:16:47.653Z
sensor.thread_bmp180_teplomer_teplota,23.73,2026-10-03T06:17:11.438Z
sensor.thread_bmp180_teplomer_teplota,23.74,2026-10-03T06:17:41.437Z
sensor.thread_bmp180_teplomer_teplota,23.73,2026-10-03T06:18:11.436Z
sensor.thread_bmp180_teplomer_teplota,23.72,2026-10-03T06:18:41.436Z
sensor.thread_bmp180_teplomer_teplota,23.76,2026-10-03T06:19:11.437Z
sensor.thread_bmp180_teplomer_teplota,23.74,2026-10-03T06:19:41.438Z
sensor.thread_bmp180_teplomer_teplota,23.73,2026-10-03T06:20:41.437Z
sensor.thread_bmp180_teplomer_teplota,23.76,2026-10-03T06:21:41.438Z
sensor.thread_bmp180_teplomer_teplota,23.74,2026-10-03T06:22:41.439Z
sensor.thread_bmp180_teplomer_teplota,23.72,2026-10-03T06:23:11.437Z
sensor.thread_bmp180_teplomer_teplota,23.74,2026-10-03T06:23:41.438Z
sensor.thread_bmp180_teplomer_teplota,23.75,2026-10-03T06:24:11.439Z
sensor.thread_bmp180_teplomer_teplota,23.73,2026-10-03T06:25:11.439Z
sensor.thread_bmp180_teplomer_teplota,23.74,2026-10-03T06:25:41.438Z
sensor.thread_bmp180_teplomer_teplota,23.75,2026-10-03T06:26:11.439Z
sensor.thread_bmp180_teplomer_teplota,23.74,2026-10-03T06:28:11.436Z
sensor.thread_bmp180_teplomer_teplota,23.75,2026-10-03T06:29:11.439Z
sensor.thread_bmp180_teplomer_teplota,23.76,2026-10-03T06:29:41.437Z
sensor.thread_bmp180_teplomer_teplota,23.74,2026-10-03T06:31:11.439Z
sensor.thread_bmp180_teplomer_teplota,23.75,2026-10-03T06:34:14.771Z
sensor.thread_bmp180_teplomer_teplota,23.73,2026-10-03T06:34:44.771Z
sensor.thread_bmp180_teplomer_teplota,23.74,2026-10-03T06:35:14.773Z
sensor.thread_bmp180_teplomer_teplota,23.73,2026-10-03T06:35:44.774Z
sensor.thread_bmp180_teplomer_teplota,23.75,2026-10-03T06:36:14.773Z
sensor.thread_bmp180_teplomer_teplota,23.76,2026-10-03T06:36:44.771Z
sensor.thread_bmp180_teplomer_teplota,23.74,2026-10-03T06:37:14.773Z
sensor.thread_bmp180_teplomer_teplota,23.73,2026-10-03T06:37:44.771Z
sensor.thread_bmp180_teplomer_teplota,23.74,2026-10-03T06:39:44.773Z
sensor.thread_bmp180_teplomer_teplota,23.73,2026-10-03T06:40:14.774Z
sensor.thread_bmp180_teplomer_teplota,23.72,2026-10-03T06:41:14.773Z
sensor.thread_bmp180_teplomer_teplota,23.73,2026-10-03T06:42:14.772Z
sensor.thread_bmp180_teplomer_teplota,23.74,2026-10-03T06:42:44.773Z
sensor.thread_bmp180_teplomer_teplota,23.72,2026-10-03T06:43:14.773Z
sensor.thread_bmp180_teplomer_teplota,23.74,2026-10-03T06:43:44.771Z
sensor.thread_bmp180_teplomer_teplota,23.73,2026-10-03T06:44:44.771Z
sensor.thread_bmp180_teplomer_teplota,23.74,2026-10-03T06:45:44.771Z
sensor.thread_bmp180_teplomer_teplota,23.73,2026-10-03T06:46:14.771Z
sensor.thread_bmp180_teplomer_teplota,23.74,2026-10-03T06:47:11.492Z
sensor.thread_bmp180_teplomer_teplota,23.73,2026-10-03T06:47:41.492Z
sensor.thread_bmp180_teplomer_teplota,23.76,2026-10-03T06:48:41.492Z
sensor.thread_bmp180_teplomer_teplota,23.75,2026-10-03T06:49:41.493Z
sensor.thread_bmp180_teplomer_teplota,23.74,2026-10-03T06:50:11.494Z
sensor.thread_bmp180_teplomer_teplota,23.73,2026-10-03T06:51:41.494Z
sensor.thread_bmp180_teplomer_teplota,23.76,2026-10-03T06:52:11.492Z
sensor.thread_bmp180_teplomer_teplota,23.75,2026-10-03T06:52:41.495Z
sensor.thread_bmp180_teplomer_teplota,23.73,2026-10-03T06:53:11.492Z
sensor.thread_bmp180_teplomer_teplota,23.74,2026-10-03T06:54:11.492Z
sensor.thread_bmp180_teplomer_teplota,23.75,2026-10-03T06:55:11.493Z
sensor.thread_bmp180_teplomer_teplota,23.73,2026-10-03T06:55:41.493Z
sensor.thread_bmp180_teplomer_teplota,23.74,2026-10-03T06:56:11.494Z
sensor.thread_bmp180_teplomer_teplota,23.72,2026-10-03T06:57:41.494Z
sensor.thread_bmp180_teplomer_teplota,23.71,2026-10-03T06:58:41.492Z
sensor.thread_bmp180_teplomer_teplota,23.73,2026-10-03T06:59:11.492Z
sensor.thread_bmp180_teplomer_teplota,23.72,2026-10-03T07:00:41.494Z
sensor.thread_bmp180_teplomer_teplota,23.73,2026-10-03T07:03:14.960Z
sensor.thread_bmp180_teplomer_teplota,23.7,2026-10-03T07:04:14.961Z
sensor.thread_bmp180_teplomer_teplota,23.72,2026-10-03T07:04:44.960Z
sensor.thread_bmp180_teplomer_teplota,23.7,2026-10-03T07:05:44.961Z
sensor.thread_bmp180_teplomer_teplota,23.72,2026-10-03T07:06:14.960Z
sensor.thread_bmp180_teplomer_teplota,23.71,2026-10-03T07:07:14.959Z
sensor.thread_bmp180_teplomer_teplota,23.72,2026-10-03T07:07:44.960Z
sensor.thread_bmp180_teplomer_teplota,23.74,2026-10-03T07:08:14.961Z
sensor.thread_bmp180_teplomer_teplota,23.73,2026-10-03T07:08:44.960Z
sensor.thread_bmp180_teplomer_teplota,23.74,2026-10-03T07:09:14.960Z
sensor.thread_bmp180_teplomer_teplota,23.73,2026-10-03T07:10:14.961Z
sensor.thread_bmp180_teplomer_teplota,23.74,2026-10-03T07:10:44.959Z
sensor.thread_bmp180_teplomer_teplota,23.75,2026-10-03T07:11:14.960Z
sensor.thread_bmp180_teplomer_teplota,23.76,2026-10-03T07:11:44.958Z
sensor.thread_bmp180_teplomer_teplota,23.74,2026-10-03T07:12:14.960Z
sensor.thread_bmp180_teplomer_teplota,23.73,2026-10-03T07:13:14.960Z
sensor.thread_bmp180_teplomer_teplota,23.72,2026-10-03T07:13:44.960Z
sensor.thread_bmp180_teplomer_teplota,23.71,2026-10-03T07:14:44.960Z
sensor.thread_bmp180_teplomer_teplota,23.73,2026-10-03T07:15:14.958Z
sensor.thread_bmp180_teplomer_teplota,23.72,2026-10-03T07:16:14.960Z
sensor.thread_bmp180_teplomer_teplota,23.73,2026-10-03T07:18:44.535Z
sensor.thread_bmp180_teplomer_teplota,23.75,2026-10-03T07:19:14.535Z
sensor.thread_bmp180_teplomer_teplota,23.74,2026-10-03T07:19:44.536Z
sensor.thread_bmp180_teplomer_teplota,23.75,2026-10-03T07:20:14.537Z
sensor.thread_bmp180_teplomer_teplota,23.76,2026-10-03T07:20:44.536Z
sensor.thread_bmp180_teplomer_teplota,23.75,2026-10-03T07:21:14.537Z
sensor.thread_bmp180_teplomer_teplota,23.77,2026-10-03T07:21:44.536Z
sensor.thread_bmp180_teplomer_teplota,23.76,2026-10-03T07:22:44.535Z
sensor.thread_bmp180_teplomer_teplota,23.77,2026-10-03T07:23:44.535Z
sensor.thread_bmp180_teplomer_teplota,23.76,2026-10-03T07:24:14.536Z
sensor.thread_bmp180_teplomer_teplota,23.75,2026-10-03T07:25:44.537Z
sensor.thread_bmp180_teplomer_teplota,23.74,2026-10-03T07:26:14.535Z
sensor.thread_bmp180_teplomer_teplota,23.76,2026-10-03T07:27:14.536Z
sensor.thread_bmp180_teplomer_teplota,23.75,2026-10-03T07:28:14.534Z
sensor.thread_bmp180_teplomer_teplota,23.76,2026-10-03T07:28:44.537Z
sensor.thread_bmp180_teplomer_teplota,23.77,2026-10-03T07:29:44.535Z
sensor.thread_bmp180_teplomer_teplota,23.76,2026-10-03T07:30:44.536Z
sensor.thread_bmp180_teplomer_teplota,23.77,2026-10-03T07:32:48.088Z
sensor.thread_bmp180_teplomer_teplota,23.78,2026-10-03T07:34:18.087Z
sensor.thread_bmp180_teplomer_teplota,23.79,2026-10-03T07:35:18.088Z
sensor.thread_bmp180_teplomer_teplota,23.78,2026-10-03T07:35:48.088Z
sensor.thread_bmp180_teplomer_teplota,23.79,2026-10-03T07:38:18.087Z
sensor.thread_bmp180_teplomer_teplota,23.81,2026-10-03T07:39:18.094Z
sensor.thread_bmp180_teplomer_teplota,23.79,2026-10-03T07:40:18.088Z
sensor.thread_bmp180_teplomer_teplota,23.81,2026-10-03T07:40:48.088Z
sensor.thread_bmp180_teplomer_teplota,23.79,2026-10-03T07:41:48.087Z
sensor.thread_bmp180_teplomer_teplota,23.82,2026-10-03T07:42:18.088Z
sensor.thread_bmp180_teplomer_teplota,23.81,2026-10-03T07:42:48.091Z
sensor.thread_bmp180_teplomer_teplota,23.79,2026-10-03T07:43:18.088Z
sensor.thread_bmp180_teplomer_teplota,23.81,2026-10-03T07:43:48.087Z
sensor.thread_bmp180_teplomer_teplota,23.82,2026-10-03T07:44:48.088Z
sensor.thread_bmp180_teplomer_teplota,23.81,2026-10-03T07:45:18.087Z
sensor.thread_bmp180_teplomer_teplota,23.79,2026-10-03T07:45:48.088Z
sensor.thread_bmp180_teplomer_teplota,23.81,2026-10-03T07:46:18.088Z
sensor.thread_bmp180_teplomer_teplota,23.82,2026-10-03T07:47:15.470Z
sensor.thread_bmp180_teplomer_teplota,23.8,2026-10-03T07:47:45.470Z
sensor.thread_bmp180_teplomer_teplota,23.81,2026-10-03T07:48:15.468Z
sensor.thread_bmp180_teplomer_teplota,23.79,2026-10-03T07:49:15.468Z
sensor.thread_bmp180_teplomer_teplota,23.81,2026-10-03T07:49:45.468Z
sensor.thread_bmp180_teplomer_teplota,23.82,2026-10-03T07:50:15.469Z
sensor.thread_bmp180_teplomer_teplota,23.81,2026-10-03T07:50:45.467Z
sensor.thread_bmp180_teplomer_teplota,23.79,2026-10-03T07:52:15.469Z
sensor.thread_bmp180_teplomer_teplota,23.84,2026-10-03T07:52:45.470Z
sensor.thread_bmp180_teplomer_teplota,23.81,2026-10-03T07:53:15.468Z
sensor.thread_bmp180_teplomer_teplota,23.82,2026-10-03T07:53:45.469Z
sensor.thread_bmp180_teplomer_teplota,23.84,2026-10-03T07:54:45.467Z
sensor.thread_bmp180_teplomer_teplota,23.82,2026-10-03T07:55:15.469Z
sensor.thread_bmp180_teplomer_teplota,23.8,2026-10-03T07:55:45.468Z
sensor.thread_bmp180_teplomer_teplota,23.74,2026-10-03T07:56:15.467Z
sensor.thread_bmp180_teplomer_teplota,23.72,2026-10-03T07:56:45.469Z
sensor.thread_bmp180_teplomer_teplota,23.69,2026-10-03T07:57:15.469Z
sensor.thread_bmp180_teplomer_teplota,23.67,2026-10-03T07:57:45.469Z
sensor.thread_bmp180_teplomer_teplota,23.62,2026-10-03T07:58:15.467Z
sensor.thread_bmp180_teplomer_teplota,23.59,2026-10-03T07:58:45.468Z
sensor.thread_bmp180_teplomer_teplota,23.57,2026-10-03T07:59:15.467Z
sensor.thread_bmp180_teplomer_teplota,23.58,2026-10-03T08:00:15.467Z
sensor.thread_bmp180_teplomer_teplota,23.59,2026-10-03T08:00:45.468Z
sensor.thread_bmp180_teplomer_teplota,23.55,2026-10-03T08:03:06.165Z
sensor.thread_bmp180_teplomer_teplota,23.57,2026-10-03T08:03:16.007Z
sensor.thread_bmp180_teplomer_teplota,23.58,2026-10-03T08:03:46.005Z
sensor.thread_bmp180_teplomer_teplota,23.59,2026-10-03T08:04:16.007Z
sensor.thread_bmp180_teplomer_teplota,23.58,2026-10-03T08:04:46.007Z
sensor.thread_bmp180_teplomer_teplota,23.6,2026-10-03T08:05:16.006Z
sensor.thread_bmp180_teplomer_teplota,23.64,2026-10-03T08:05:46.008Z
sensor.thread_bmp180_teplomer_teplota,23.63,2026-10-03T08:07:46.007Z
sensor.thread_bmp180_teplomer_teplota,23.65,2026-10-03T08:08:16.006Z
sensor.thread_bmp180_teplomer_teplota,23.62,2026-10-03T08:08:46.008Z
sensor.thread_bmp180_teplomer_teplota,23.63,2026-10-03T08:09:16.007Z
sensor.thread_bmp180_teplomer_teplota,23.62,2026-10-03T08:09:46.006Z
sensor.thread_bmp180_teplomer_teplota,23.65,2026-10-03T08:10:16.005Z
sensor.thread_bmp180_teplomer_teplota,23.66,2026-10-03T08:10:46.005Z
sensor.thread_bmp180_teplomer_teplota,23.63,2026-10-03T08:11:16.006Z
sensor.thread_bmp180_teplomer_teplota,23.6,2026-10-03T08:11:46.007Z
sensor.thread_bmp180_teplomer_teplota,23.57,2026-10-03T08:12:16.007Z
sensor.thread_bmp180_teplomer_teplota,23.43,2026-10-03T08:12:46.005Z
sensor.thread_bmp180_teplomer_teplota,23.38,2026-10-03T08:13:16.007Z
sensor.thread_bmp180_teplomer_teplota,23.39,2026-10-03T08:13:46.006Z
sensor.thread_bmp180_teplomer_teplota,23.37,2026-10-03T08:14:16.005Z
sensor.thread_bmp180_teplomer_teplota,23.35,2026-10-03T08:14:46.005Z
sensor.thread_bmp180_teplomer_teplota,23.32,2026-10-03T08:15:46.014Z
sensor.thread_bmp180_teplomer_teplota,23.28,2026-10-03T08:16:16.005Z
sensor.thread_bmp180_teplomer_teplota,23.23,2026-10-03T08:18:36.592Z
sensor.thread_bmp180_teplomer_teplota,23.25,2026-10-03T08:18:50.854Z
sensor.thread_bmp180_teplomer_teplota,23.24,2026-10-03T08:19:20.853Z
sensor.thread_bmp180_teplomer_teplota,23.26,2026-10-03T08:19:50.852Z
sensor.thread_bmp180_teplomer_teplota,23.28,2026-10-03T08:20:20.852Z
sensor.thread_bmp180_teplomer_teplota,23.3,2026-10-03T08:21:20.853Z
sensor.thread_bmp180_teplomer_teplota,23.32,2026-10-03T08:21:50.852Z
sensor.thread_bmp180_teplomer_teplota,23.34,2026-10-03T08:22:50.852Z
sensor.thread_bmp180_teplomer_teplota,23.38,2026-10-03T08:23:20.854Z
sensor.thread_bmp180_teplomer_teplota,23.45,2026-10-03T08:23:50.854Z
sensor.thread_bmp180_teplomer_teplota,23.49,2026-10-03T08:24:20.852Z
sensor.thread_bmp180_teplomer_teplota,23.46,2026-10-03T08:24:50.855Z
sensor.thread_bmp180_teplomer_teplota,23.43,2026-10-03T08:25:20.854Z
sensor.thread_bmp180_teplomer_teplota,23.4,2026-10-03T08:25:50.855Z
sensor.thread_bmp180_teplomer_teplota,23.38,2026-10-03T08:26:20.853Z
sensor.thread_bmp180_teplomer_teplota,23.37,2026-10-03T08:28:20.863Z
sensor.thread_bmp180_teplomer_teplota,23.38,2026-10-03T08:28:50.854Z
sensor.thread_bmp180_teplomer_teplota,23.37,2026-10-03T08:29:20.862Z
sensor.thread_bmp180_teplomer_teplota,23.38,2026-10-03T08:30:50.852Z
sensor.thread_bmp180_teplomer_teplota,23.39,2026-10-03T08:33:10.847Z
sensor.thread_bmp180_teplomer_teplota,23.38,2026-10-03T08:33:19.133Z
sensor.thread_bmp180_teplomer_teplota,23.39,2026-10-03T08:33:49.135Z
sensor.thread_bmp180_teplomer_teplota,23.42,2026-10-03T08:34:19.133Z
sensor.thread_bmp180_teplomer_teplota,23.4,2026-10-03T08:34:49.135Z
sensor.thread_bmp180_teplomer_teplota,23.42,2026-10-03T08:35:19.133Z
sensor.thread_bmp180_teplomer_teplota,23.41,2026-10-03T08:35:49.133Z
sensor.thread_bmp180_teplomer_teplota,23.43,2026-10-03T08:36:49.134Z
sensor.thread_bmp180_teplomer_teplota,23.45,2026-10-03T08:37:19.135Z
sensor.thread_bmp180_teplomer_teplota,23.44,2026-10-03T08:37:49.136Z
sensor.thread_bmp180_teplomer_teplota,23.48,2026-10-03T08:38:19.133Z
sensor.thread_bmp180_teplomer_teplota,23.47,2026-10-03T08:38:49.135Z
sensor.thread_bmp180_teplomer_teplota,23.45,2026-10-03T08:39:19.134Z
sensor.thread_bmp180_teplomer_teplota,23.44,2026-10-03T08:39:49.134Z
sensor.thread_bmp180_teplomer_teplota,23.43,2026-10-03T08:40:19.135Z
sensor.thread_bmp180_teplomer_teplota,23.44,2026-10-03T08:40:49.135Z
sensor.thread_bmp180_teplomer_teplota,23.48,2026-10-03T08:41:19.134Z
sensor.thread_bmp180_teplomer_teplota,23.47,2026-10-03T08:42:19.135Z
sensor.thread_bmp180_teplomer_teplota,23.44,2026-10-03T08:42:49.134Z
sensor.thread_bmp180_teplomer_teplota,23.43,2026-10-03T08:43:49.134Z
sensor.thread_bmp180_teplomer_teplota,23.45,2026-10-03T08:45:19.134Z
sensor.thread_bmp180_teplomer_teplota,23.47,2026-10-03T08:45:49.132Z
sensor.thread_bmp180_teplomer_teplota,23.5,2026-10-03T08:48:09.657Z
sensor.thread_bmp180_teplomer_teplota,23.51,2026-10-03T08:49:20.837Z
sensor.thread_bmp180_teplomer_teplota,23.49,2026-10-03T08:50:20.838Z
sensor.thread_bmp180_teplomer_teplota,23.55,2026-10-03T08:50:50.839Z
sensor.thread_bmp180_teplomer_teplota,23.54,2026-10-03T08:51:20.839Z
sensor.thread_bmp180_teplomer_teplota,23.53,2026-10-03T08:51:50.837Z
sensor.thread_bmp180_teplomer_teplota,23.52,2026-10-03T08:52:50.839Z
sensor.thread_bmp180_teplomer_teplota,23.54,2026-10-03T08:53:20.839Z
sensor.thread_bmp180_teplomer_teplota,23.53,2026-10-03T08:53:50.837Z
sensor.thread_bmp180_teplomer_teplota,23.52,2026-10-03T08:54:20.839Z
sensor.thread_bmp180_teplomer_teplota,23.53,2026-10-03T08:54:50.839Z
sensor.thread_bmp180_teplomer_teplota,23.55,2026-10-03T08:55:50.838Z
sensor.thread_bmp180_teplomer_teplota,23.52,2026-10-03T08:56:20.837Z
sensor.thread_bmp180_teplomer_teplota,23.55,2026-10-03T08:56:50.838Z
sensor.thread_bmp180_teplomer_teplota,23.56,2026-10-03T08:57:50.839Z
sensor.thread_bmp180_teplomer_teplota,23.57,2026-10-03T08:58:20.836Z
sensor.thread_bmp180_teplomer_teplota,23.55,2026-10-03T08:58:50.839Z
sensor.thread_bmp180_teplomer_teplota,23.57,2026-10-03T08:59:20.836Z
sensor.thread_bmp180_teplomer_teplota,23.58,2026-10-03T08:59:50.836Z
sensor.thread_bmp180_teplomer_teplota,23.59,2026-10-03T09:00:20.838Z
sensor.thread_bmp180_teplomer_teplota,23.57,2026-10-03T09:00:50.837Z
sensor.thread_bmp180_teplomer_teplota,23.54,2026-10-03T09:01:20.836Z
sensor.thread_bmp180_teplomer_teplota,23.4,2026-10-03T09:03:40.828Z
sensor.thread_bmp180_teplomer_teplota,23.39,2026-10-03T09:03:48.949Z
sensor.thread_bmp180_teplomer_teplota,23.38,2026-10-03T09:04:18.949Z
sensor.thread_bmp180_teplomer_teplota,23.42,2026-10-03T09:06:18.948Z
sensor.thread_bmp180_teplomer_teplota,23.45,2026-10-03T09:06:48.952Z
sensor.thread_bmp180_teplomer_teplota,23.4,2026-10-03T09:07:48.948Z
sensor.thread_bmp180_teplomer_teplota,23.37,2026-10-03T09:08:18.950Z
sensor.thread_bmp180_teplomer_teplota,23.36,2026-10-03T09:08:48.949Z
sensor.thread_bmp180_teplomer_teplota,23.38,2026-10-03T09:09:18.950Z
sensor.thread_bmp180_teplomer_teplota,23.37,2026-10-03T09:09:48.948Z
sensor.thread_bmp180_teplomer_teplota,23.35,2026-10-03T09:10:18.953Z
sensor.thread_bmp180_teplomer_teplota,23.37,2026-10-03T09:11:18.949Z
sensor.thread_bmp180_teplomer_teplota,23.35,2026-10-03T09:11:48.949Z
sensor.thread_bmp180_teplomer_teplota,23.37,2026-10-03T09:13:18.947Z
sensor.thread_bmp180_teplomer_teplota,23.36,2026-10-03T09:13:48.951Z
sensor.thread_bmp180_teplomer_teplota,23.37,2026-10-03T09:14:18.949Z
sensor.thread_bmp180_teplomer_teplota,23.36,2026-10-03T09:15:18.947Z
sensor.thread_bmp180_teplomer_teplota,23.37,2026-10-03T09:15:48.947Z
sensor.thread_bmp180_teplomer_teplota,23.35,2026-10-03T09:18:22.647Z
sensor.thread_bmp180_teplomer_teplota,23.37,2026-10-03T09:18:52.646Z
sensor.thread_bmp180_teplomer_teplota,23.35,2026-10-03T09:19:22.645Z
sensor.thread_bmp180_teplomer_teplota,23.37,2026-10-03T09:19:52.648Z
sensor.thread_bmp180_teplomer_teplota,23.38,2026-10-03T09:20:22.647Z
sensor.thread_bmp180_teplomer_teplota,23.37,2026-10-03T09:20:52.647Z
sensor.thread_bmp180_teplomer_teplota,23.35,2026-10-03T09:22:52.645Z
sensor.thread_bmp180_teplomer_teplota,23.38,2026-10-03T09:23:22.647Z
sensor.thread_bmp180_teplomer_teplota,23.35,2026-10-03T09:24:22.647Z
sensor.thread_bmp180_teplomer_teplota,23.37,2026-10-03T09:24:52.645Z
sensor.thread_bmp180_teplomer_teplota,23.36,2026-10-03T09:25:52.645Z
sensor.thread_bmp180_teplomer_teplota,23.35,2026-10-03T09:26:22.647Z
sensor.thread_bmp180_teplomer_teplota,23.34,2026-10-03T09:27:22.645Z
sensor.thread_bmp180_teplomer_teplota,23.35,2026-10-03T09:27:52.647Z
sensor.thread_bmp180_teplomer_teplota,23.37,2026-10-03T09:28:52.645Z
sensor.thread_bmp180_teplomer_teplota,23.35,2026-10-03T09:30:22.645Z
sensor.thread_bmp180_teplomer_teplota,23.36,2026-10-03T09:31:22.644Z
sensor.thread_bmp180_teplomer_teplota,23.34,2026-10-03T09:33:43.150Z
sensor.thread_bmp180_teplomer_teplota,23.35,2026-10-03T09:33:54.151Z
sensor.thread_bmp180_teplomer_teplota,23.36,2026-10-03T09:34:54.151Z
sensor.thread_bmp180_teplomer_teplota,23.35,2026-10-03T09:35:24.150Z
sensor.thread_bmp180_teplomer_teplota,23.37,2026-10-03T09:39:24.151Z
sensor.thread_bmp180_teplomer_teplota,23.38,2026-10-03T09:39:54.150Z
sensor.thread_bmp180_teplomer_teplota,23.37,2026-10-03T09:40:24.150Z
sensor.thread_bmp180_teplomer_teplota,23.36,2026-10-03T09:41:54.151Z
sensor.thread_bmp180_teplomer_teplota,23.35,2026-10-03T09:42:24.150Z
sensor.thread_bmp180_teplomer_teplota,23.37,2026-10-03T09:42:54.151Z
sensor.thread_bmp180_teplomer_teplota,23.35,2026-10-03T09:43:24.150Z
sensor.thread_bmp180_teplomer_teplota,23.34,2026-10-03T09:44:24.149Z
sensor.thread_bmp180_teplomer_teplota,23.36,2026-10-03T09:44:54.149Z
sensor.thread_bmp180_teplomer_teplota,23.35,2026-10-03T09:45:24.150Z
sensor.thread_bmp180_teplomer_teplota,23.37,2026-10-03T09:45:54.150Z
sensor.thread_bmp180_teplomer_teplota,23.35,2026-10-03T09:46:24.152Z
sensor.thread_bmp180_teplomer_teplota,23.36,2026-10-03T09:48:44.248Z
sensor.thread_bmp180_teplomer_teplota,23.35,2026-10-03T09:49:24.867Z
sensor.thread_bmp180_teplomer_teplota,23.33,2026-10-03T09:50:24.867Z
sensor.thread_bmp180_teplomer_teplota,23.34,2026-10-03T09:50:54.867Z
sensor.thread_bmp180_teplomer_teplota,23.37,2026-10-03T09:51:24.865Z
sensor.thread_bmp180_teplomer_teplota,23.38,2026-10-03T09:51:54.867Z
sensor.thread_bmp180_teplomer_teplota,23.37,2026-10-03T09:52:54.866Z
sensor.thread_bmp180_teplomer_teplota,23.38,2026-10-03T09:53:54.866Z
sensor.thread_bmp180_teplomer_teplota,23.36,2026-10-03T09:54:54.865Z
sensor.thread_bmp180_teplomer_teplota,23.38,2026-10-03T09:55:24.866Z
sensor.thread_bmp180_teplomer_teplota,23.39,2026-10-03T09:55:54.866Z
sensor.thread_bmp180_teplomer_teplota,23.38,2026-10-03T09:56:24.866Z
sensor.thread_bmp180_teplomer_teplota,23.39,2026-10-03T09:56:54.866Z
sensor.thread_bmp180_teplomer_teplota,23.38,2026-10-03T09:57:54.865Z
sensor.thread_bmp180_teplomer_teplota,23.39,2026-10-03T09:58:54.865Z
sensor.thread_bmp180_teplomer_teplota,23.38,2026-10-03T09:59:54.865Z
sensor.thread_bmp180_teplomer_teplota,23.37,2026-10-03T10:03:53.097Z
sensor.thread_bmp180_teplomer_teplota,23.38,2026-10-03T10:04:53.098Z
sensor.thread_bmp180_teplomer_teplota,23.39,2026-10-03T10:05:53.096Z
sensor.thread_bmp180_teplomer_teplota,23.38,2026-10-03T10:06:23.099Z
sensor.thread_bmp180_teplomer_teplota,23.39,2026-10-03T10:12:23.096Z
sensor.thread_bmp180_teplomer_teplota,23.4,2026-10-03T10:12:53.098Z
sensor.thread_bmp180_teplomer_teplota,23.38,2026-10-03T10:13:23.097Z
sensor.thread_bmp180_teplomer_teplota,23.39,2026-10-03T10:13:53.097Z
sensor.thread_bmp180_teplomer_teplota,23.38,2026-10-03T10:14:23.097Z
sensor.thread_bmp180_teplomer_teplota,23.39,2026-10-03T10:14:53.097Z
sensor.thread_bmp180_teplomer_teplota,23.38,2026-10-03T10:15:23.097Z
sensor.thread_bmp180_teplomer_teplota,23.4,2026-10-03T10:16:23.097Z
sensor.thread_bmp180_teplomer_teplota,23.41,2026-10-03T10:18:56.257Z
sensor.thread_bmp180_teplomer_teplota,23.42,2026-10-03T10:19:26.255Z
sensor.thread_bmp180_teplomer_teplota,23.41,2026-10-03T10:19:56.258Z
sensor.thread_bmp180_teplomer_teplota,23.43,2026-10-03T10:20:26.257Z
sensor.thread_bmp180_teplomer_teplota,23.45,2026-10-03T10:22:56.256Z
sensor.thread_bmp180_teplomer_teplota,23.43,2026-10-03T10:23:26.256Z
sensor.thread_bmp180_teplomer_teplota,23.44,2026-10-03T10:23:56.257Z
sensor.thread_bmp180_teplomer_teplota,23.47,2026-10-03T10:24:26.255Z
sensor.thread_bmp180_teplomer_teplota,23.49,2026-10-03T10:24:56.257Z
sensor.thread_bmp180_teplomer_teplota,23.47,2026-10-03T10:25:26.257Z
sensor.thread_bmp180_teplomer_teplota,23.46,2026-10-03T10:25:56.255Z
sensor.thread_bmp180_teplomer_teplota,23.45,2026-10-03T10:26:26.255Z
sensor.thread_bmp180_teplomer_teplota,23.43,2026-10-03T10:27:26.255Z
sensor.thread_bmp180_teplomer_teplota,23.45,2026-10-03T10:27:56.257Z
sensor.thread_bmp180_teplomer_teplota,23.47,2026-10-03T10:28:56.255Z
sensor.thread_bmp180_teplomer_teplota,23.45,2026-10-03T10:29:56.256Z
sensor.thread_bmp180_teplomer_teplota,23.47,2026-10-03T10:30:26.255Z
sensor.thread_bmp180_teplomer_teplota,23.48,2026-10-03T10:31:26.255Z
sensor.thread_bmp180_teplomer_teplota,23.45,2026-10-03T10:33:46.572Z
sensor.thread_bmp180_teplomer_teplota,23.47,2026-10-03T10:33:57.293Z
sensor.thread_bmp180_teplomer_teplota,23.46,2026-10-03T10:35:27.292Z
sensor.thread_bmp180_teplomer_teplota,23.47,2026-10-03T10:35:57.295Z
sensor.thread_bmp180_teplomer_teplota,23.48,2026-10-03T10:36:27.294Z
sensor.thread_bmp180_teplomer_teplota,23.47,2026-10-03T10:36:57.292Z
sensor.thread_bmp180_teplomer_teplota,23.48,2026-10-03T10:37:27.294Z
sensor.thread_bmp180_teplomer_teplota,23.49,2026-10-03T10:37:57.295Z
sensor.thread_bmp180_teplomer_teplota,23.48,2026-10-03T10:38:27.294Z
sensor.thread_bmp180_teplomer_teplota,23.47,2026-10-03T10:39:57.292Z
sensor.thread_bmp180_teplomer_teplota,23.48,2026-10-03T10:40:27.294Z
sensor.thread_bmp180_teplomer_teplota,23.49,2026-10-03T10:40:57.295Z
sensor.thread_bmp180_teplomer_teplota,23.48,2026-10-03T10:41:27.295Z
sensor.thread_bmp180_teplomer_teplota,23.47,2026-10-03T10:42:27.294Z
sensor.thread_bmp180_teplomer_teplota,23.45,2026-10-03T10:42:57.292Z
sensor.thread_bmp180_teplomer_teplota,23.47,2026-10-03T10:43:27.293Z
sensor.thread_bmp180_teplomer_teplota,23.49,2026-10-03T10:44:27.292Z
sensor.thread_bmp180_teplomer_teplota,23.47,2026-10-03T10:45:27.293Z
sensor.thread_bmp180_teplomer_teplota,23.49,2026-10-03T10:48:50.125Z
sensor.thread_bmp180_teplomer_teplota,23.5,2026-10-03T10:48:55.021Z
sensor.thread_bmp180_teplomer_teplota,23.52,2026-10-03T10:49:55.019Z
sensor.thread_bmp180_teplomer_teplota,23.53,2026-10-03T10:50:25.022Z
sensor.thread_bmp180_teplomer_teplota,23.52,2026-10-03T10:51:55.020Z
sensor.thread_bmp180_teplomer_teplota,23.53,2026-10-03T10:52:25.019Z
sensor.thread_bmp180_teplomer_teplota,23.51,2026-10-03T10:52:55.019Z
sensor.thread_bmp180_teplomer_teplota,23.5,2026-10-03T10:53:25.021Z
sensor.thread_bmp180_teplomer_teplota,23.52,2026-10-03T10:53:55.020Z
sensor.thread_bmp180_teplomer_teplota,23.5,2026-10-03T10:54:55.021Z
sensor.thread_bmp180_teplomer_teplota,23.49,2026-10-03T10:55:25.022Z
sensor.thread_bmp180_teplomer_teplota,23.52,2026-10-03T10:56:25.019Z
sensor.thread_bmp180_teplomer_teplota,23.5,2026-10-03T10:57:25.022Z
sensor.thread_bmp180_teplomer_teplota,23.51,2026-10-03T10:58:55.021Z
sensor.thread_bmp180_teplomer_teplota,23.5,2026-10-03T10:59:25.020Z
sensor.thread_bmp180_teplomer_teplota,23.49,2026-10-03T10:59:55.020Z
sensor.thread_bmp180_teplomer_teplota,23.48,2026-10-03T11:00:55.021Z
sensor.thread_bmp180_teplomer_teplota,23.47,2026-10-03T11:02:04.199Z
sensor.thread_bmp180_teplomer_teplota,23.48,2026-10-03T11:02:29.694Z
sensor.thread_bmp180_teplomer_teplota,23.49,2026-10-03T11:02:59.692Z
sensor.thread_bmp180_teplomer_teplota,23.5,2026-10-03T11:04:29.691Z
sensor.thread_bmp180_teplomer_teplota,23.52,2026-10-03T11:04:59.692Z
sensor.thread_bmp180_teplomer_teplota,23.5,2026-10-03T11:05:29.691Z
sensor.thread_bmp180_teplomer_teplota,23.48,2026-10-03T11:05:59.693Z
sensor.thread_bmp180_teplomer_teplota,23.5,2026-10-03T11:06:29.694Z
sensor.thread_bmp180_teplomer_teplota,23.51,2026-10-03T11:07:29.693Z
sensor.thread_bmp180_teplomer_teplota,23.52,2026-10-03T11:07:59.693Z
sensor.thread_bmp180_teplomer_teplota,23.51,2026-10-03T11:08:29.693Z
sensor.thread_bmp180_teplomer_teplota,23.53,2026-10-03T11:08:59.693Z
sensor.thread_bmp180_teplomer_teplota,23.5,2026-10-03T11:09:29.692Z
sensor.thread_bmp180_teplomer_teplota,23.49,2026-10-03T11:09:59.692Z
sensor.thread_bmp180_teplomer_teplota,23.48,2026-10-03T11:10:29.694Z
sensor.thread_bmp180_teplomer_teplota,23.49,2026-10-03T11:11:59.692Z
sensor.thread_bmp180_teplomer_teplota,23.5,2026-10-03T11:14:59.693Z
sensor.thread_bmp180_teplomer_teplota,23.49,2026-10-03T11:15:29.692Z
sensor.thread_bmp180_teplomer_teplota,23.47,2026-10-03T11:15:59.693Z
sensor.thread_bmp180_teplomer_teplota,23.49,2026-10-03T11:18:20.146Z
sensor.thread_bmp180_teplomer_teplota,23.51,2026-10-03T11:18:29.561Z
sensor.thread_bmp180_teplomer_teplota,23.48,2026-10-03T11:18:59.562Z
sensor.thread_bmp180_teplomer_teplota,23.49,2026-10-03T11:19:59.563Z
sensor.thread_bmp180_teplomer_teplota,23.5,2026-10-03T11:20:59.564Z
sensor.thread_bmp180_teplomer_teplota,23.49,2026-10-03T11:21:59.564Z
sensor.thread_bmp180_teplomer_teplota,23.48,2026-10-03T11:26:29.561Z
sensor.thread_bmp180_teplomer_teplota,23.5,2026-10-03T11:26:59.563Z
sensor.thread_bmp180_teplomer_teplota,23.49,2026-10-03T11:27:29.563Z
sensor.thread_bmp180_teplomer_teplota,23.47,2026-10-03T11:28:59.562Z
sensor.thread_bmp180_teplomer_teplota,23.49,2026-10-03T11:29:29.563Z
sensor.thread_bmp180_teplomer_teplota,23.5,2026-10-03T11:29:59.563Z
sensor.thread_bmp180_teplomer_teplota,23.49,2026-10-03T11:30:59.564Z
sensor.thread_bmp180_teplomer_teplota,unknown,2026-10-03T11:31:58.253Z
sensor.thread_bmp180_teplomer_teplota,23.5,2026-10-03T11:32:00.492Z
sensor.thread_bmp180_teplomer_teplota,23.51,2026-10-03T11:34:00.494Z
sensor.thread_bmp180_teplomer_teplota,23.52,2026-10-03T11:34:30.492Z
sensor.thread_bmp180_teplomer_teplota,23.5,2026-10-03T11:35:30.493Z
sensor.thread_bmp180_teplomer_teplota,23.52,2026-10-03T11:36:30.492Z
sensor.thread_bmp180_teplomer_teplota,23.5,2026-10-03T11:37:00.495Z
sensor.thread_bmp180_teplomer_teplota,23.51,2026-10-03T11:37:30.493Z
sensor.thread_bmp180_teplomer_teplota,23.5,2026-10-03T11:38:00.493Z
sensor.thread_bmp180_teplomer_teplota,23.51,2026-10-03T11:39:00.491Z
sensor.thread_bmp180_teplomer_teplota,23.52,2026-10-03T11:39:30.494Z
sensor.thread_bmp180_teplomer_teplota,23.53,2026-10-03T11:40:30.494Z
sensor.thread_bmp180_teplomer_teplota,23.51,2026-10-03T11:41:00.493Z
sensor.thread_bmp180_teplomer_teplota,23.5,2026-10-03T11:41:30.491Z
sensor.thread_bmp180_teplomer_teplota,23.52,2026-10-03T11:42:00.494Z
sensor.thread_bmp180_teplomer_teplota,23.51,2026-10-03T11:43:00.493Z
sensor.thread_bmp180_teplomer_teplota,23.52,2026-10-03T11:43:30.493Z
sensor.thread_bmp180_teplomer_teplota,23.53,2026-10-03T11:45:30.492Z
sensor.thread_bmp180_teplomer_teplota,23.52,2026-10-03T11:46:30.491Z
sensor.thread_bmp180_teplomer_teplota,23.53,2026-10-03T11:48:50.583Z
sensor.thread_bmp180_teplomer_teplota,23.52,2026-10-03T11:49:00.617Z
sensor.thread_bmp180_teplomer_teplota,23.53,2026-10-03T11:49:30.618Z
sensor.thread_bmp180_teplomer_teplota,23.52,2026-10-03T11:50:00.619Z
sensor.thread_bmp180_teplomer_teplota,23.53,2026-10-03T11:50:30.618Z
sensor.thread_bmp180_teplomer_teplota,23.54,2026-10-03T11:51:00.618Z
sensor.thread_bmp180_teplomer_teplota,23.53,2026-10-03T11:51:30.621Z
sensor.thread_bmp180_teplomer_teplota,23.54,2026-10-03T11:52:00.616Z
sensor.thread_bmp180_teplomer_teplota,23.55,2026-10-03T11:53:00.618Z
sensor.thread_bmp180_teplomer_teplota,23.54,2026-10-03T11:53:30.618Z
sensor.thread_bmp180_teplomer_teplota,23.55,2026-10-03T11:54:00.616Z
sensor.thread_bmp180_teplomer_teplota,23.54,2026-10-03T11:54:30.616Z
sensor.thread_bmp180_teplomer_teplota,23.55,2026-10-03T11:56:30.619Z
sensor.thread_bmp180_teplomer_teplota,23.53,2026-10-03T11:57:00.619Z
sensor.thread_bmp180_teplomer_teplota,23.55,2026-10-03T11:57:30.619Z
sensor.thread_bmp180_teplomer_teplota,23.54,2026-10-03T11:58:30.616Z
sensor.thread_bmp180_teplomer_teplota,23.55,2026-10-03T12:00:00.618Z
sensor.thread_bmp180_teplomer_teplota,23.56,2026-10-03T12:03:23.405Z
sensor.thread_bmp180_teplomer_teplota,23.57,2026-10-03T12:03:31.607Z
sensor.thread_bmp180_teplomer_teplota,23.59,2026-10-03T12:04:01.604Z
sensor.thread_bmp180_teplomer_teplota,23.57,2026-10-03T12:04:31.606Z
sensor.thread_bmp180_teplomer_teplota,23.58,2026-10-03T12:05:01.606Z
sensor.thread_bmp180_teplomer_teplota,23.59,2026-10-03T12:05:31.606Z
sensor.thread_bmp180_teplomer_teplota,23.58,2026-10-03T12:06:01.606Z
sensor.thread_bmp180_teplomer_teplota,23.59,2026-10-03T12:06:31.606Z
sensor.thread_bmp180_teplomer_teplota,23.6,2026-10-03T12:08:31.604Z
sensor.thread_bmp180_teplomer_teplota,23.61,2026-10-03T12:09:31.606Z
sensor.thread_bmp180_teplomer_teplota,23.6,2026-10-03T12:10:01.606Z
sensor.thread_bmp180_teplomer_teplota,23.62,2026-10-03T12:12:01.605Z
sensor.thread_bmp180_teplomer_teplota,23.6,2026-10-03T12:12:31.606Z
sensor.thread_bmp180_teplomer_teplota,23.62,2026-10-03T12:13:31.605Z
sensor.thread_bmp180_teplomer_teplota,23.63,2026-10-03T12:14:01.605Z
sensor.thread_bmp180_teplomer_teplota,23.65,2026-10-03T12:14:31.606Z
sensor.thread_bmp180_teplomer_teplota,23.64,2026-10-03T12:16:01.605Z
sensor.thread_bmp180_teplomer_teplota,23.65,2026-10-03T12:18:21.837Z
sensor.thread_bmp180_teplomer_teplota,23.67,2026-10-03T12:19:02.500Z
sensor.thread_bmp180_teplomer_teplota,23.65,2026-10-03T12:19:32.501Z
sensor.thread_bmp180_teplomer_teplota,23.64,2026-10-03T12:20:02.501Z
sensor.thread_bmp180_teplomer_teplota,23.66,2026-10-03T12:20:32.500Z
sensor.thread_bmp180_teplomer_teplota,23.67,2026-10-03T12:21:02.499Z
sensor.thread_bmp180_teplomer_teplota,23.65,2026-10-03T12:21:32.498Z
sensor.thread_bmp180_teplomer_teplota,23.67,2026-10-03T12:22:02.500Z
sensor.thread_bmp180_teplomer_teplota,23.65,2026-10-03T12:22:32.500Z
sensor.thread_bmp180_teplomer_teplota,23.67,2026-10-03T12:24:02.499Z
sensor.thread_bmp180_teplomer_teplota,23.64,2026-10-03T12:24:32.501Z
sensor.thread_bmp180_teplomer_teplota,23.65,2026-10-03T12:25:32.507Z
sensor.thread_bmp180_teplomer_teplota,23.64,2026-10-03T12:28:32.499Z
sensor.thread_bmp180_teplomer_teplota,23.65,2026-10-03T12:29:02.500Z
sensor.thread_bmp180_teplomer_teplota,23.64,2026-10-03T12:29:32.498Z
sensor.thread_bmp180_teplomer_teplota,23.65,2026-10-03T12:30:02.500Z
sensor.thread_bmp180_teplomer_teplota,23.67,2026-10-03T12:35:01.176Z
sensor.thread_bmp180_teplomer_teplota,23.69,2026-10-03T12:36:31.179Z
sensor.thread_bmp180_teplomer_teplota,23.67,2026-10-03T12:37:31.179Z
sensor.thread_bmp180_teplomer_teplota,23.69,2026-10-03T12:38:01.177Z
sensor.thread_bmp180_teplomer_teplota,23.68,2026-10-03T12:38:31.178Z
sensor.thread_bmp180_teplomer_teplota,23.69,2026-10-03T12:39:01.177Z
sensor.thread_bmp180_teplomer_teplota,23.7,2026-10-03T12:41:31.176Z
sensor.thread_bmp180_teplomer_teplota,23.72,2026-10-03T12:42:31.176Z
sensor.thread_bmp180_teplomer_teplota,23.74,2026-10-03T12:43:01.177Z
sensor.thread_bmp180_teplomer_teplota,23.72,2026-10-03T12:43:31.178Z
sensor.thread_bmp180_teplomer_teplota,23.74,2026-10-03T12:45:01.177Z
sensor.thread_bmp180_teplomer_teplota,23.75,2026-10-03T12:49:05.203Z
sensor.thread_bmp180_teplomer_teplota,23.74,2026-10-03T12:49:35.204Z
sensor.thread_bmp180_teplomer_teplota,23.76,2026-10-03T12:50:05.203Z
sensor.thread_bmp180_teplomer_teplota,23.77,2026-10-03T12:50:35.203Z
sensor.thread_bmp180_teplomer_teplota,23.78,2026-10-03T12:51:05.203Z
sensor.thread_bmp180_teplomer_teplota,23.77,2026-10-03T12:51:35.202Z
sensor.thread_bmp180_teplomer_teplota,23.78,2026-10-03T12:52:05.204Z
sensor.thread_bmp180_teplomer_teplota,23.79,2026-10-03T12:53:35.204Z
sensor.thread_bmp180_teplomer_teplota,23.78,2026-10-03T12:54:05.202Z
sensor.thread_bmp180_teplomer_teplota,23.79,2026-10-03T12:54:35.202Z
sensor.thread_bmp180_teplomer_teplota,23.81,2026-10-03T12:59:05.204Z
sensor.thread_bmp180_teplomer_teplota,23.79,2026-10-03T12:59:35.201Z
sensor.thread_bmp180_teplomer_teplota,23.8,2026-10-03T13:01:35.203Z
sensor.thread_bmp180_teplomer_teplota,unknown,2026-10-03T13:02:03.235Z
sensor.thread_bmp180_teplomer_teplota,23.79,2026-10-03T13:02:04.443Z
sensor.thread_bmp180_teplomer_teplota,23.81,2026-10-03T13:03:03.541Z
sensor.thread_bmp180_teplomer_teplota,23.82,2026-10-03T13:04:03.540Z
sensor.thread_bmp180_teplomer_teplota,23.81,2026-10-03T13:05:03.540Z
sensor.thread_bmp180_teplomer_teplota,23.83,2026-10-03T13:05:33.539Z
sensor.thread_bmp180_teplomer_teplota,23.82,2026-10-03T13:09:03.538Z
sensor.thread_bmp180_teplomer_teplota,23.84,2026-10-03T13:11:03.541Z
sensor.thread_bmp180_teplomer_teplota,23.83,2026-10-03T13:11:33.538Z
sensor.thread_bmp180_teplomer_teplota,23.84,2026-10-03T13:12:33.539Z
sensor.thread_bmp180_teplomer_teplota,23.85,2026-10-03T13:13:03.540Z
sensor.thread_bmp180_teplomer_teplota,23.84,2026-10-03T13:14:03.540Z
sensor.thread_bmp180_teplomer_teplota,23.85,2026-10-03T13:15:03.539Z
sensor.thread_bmp180_teplomer_teplota,23.86,2026-10-03T13:15:33.541Z
sensor.thread_bmp180_teplomer_teplota,23.85,2026-10-03T13:16:33.539Z
sensor.thread_bmp180_teplomer_teplota,23.87,2026-10-03T13:18:54.319Z
sensor.thread_bmp180_teplomer_teplota,23.86,2026-10-03T13:19:36.938Z
sensor.thread_bmp180_teplomer_teplota,23.87,2026-10-03T13:23:06.938Z
sensor.thread_bmp180_teplomer_teplota,23.86,2026-10-03T13:23:36.936Z
sensor.thread_bmp180_teplomer_teplota,23.87,2026-10-03T13:24:06.938Z
sensor.thread_bmp180_teplomer_teplota,23.86,2026-10-03T13:25:36.937Z
sensor.thread_bmp180_teplomer_teplota,23.87,2026-10-03T13:26:06.938Z
sensor.thread_bmp180_teplomer_teplota,23.88,2026-10-03T13:26:36.938Z
sensor.thread_bmp180_teplomer_teplota,23.89,2026-10-03T13:27:06.938Z
sensor.thread_bmp180_teplomer_teplota,23.87,2026-10-03T13:28:06.938Z
sensor.thread_bmp180_teplomer_teplota,23.88,2026-10-03T13:28:36.938Z
sensor.thread_bmp180_teplomer_teplota,23.89,2026-10-03T13:29:36.936Z
sensor.thread_bmp180_teplomer_teplota,23.88,2026-10-03T13:30:06.938Z
sensor.thread_bmp180_teplomer_teplota,23.91,2026-10-03T13:30:36.939Z
sensor.thread_bmp180_teplomer_teplota,23.89,2026-10-03T13:31:06.941Z
sensor.thread_bmp180_teplomer_teplota,23.91,2026-10-03T13:33:57.471Z
sensor.thread_bmp180_teplomer_teplota,23.92,2026-10-03T13:36:07.009Z
sensor.thread_bmp180_teplomer_teplota,23.91,2026-10-03T13:37:07.007Z
sensor.thread_bmp180_teplomer_teplota,23.92,2026-10-03T13:37:37.007Z
sensor.thread_bmp180_teplomer_teplota,23.91,2026-10-03T13:38:07.007Z
sensor.thread_bmp180_teplomer_teplota,23.93,2026-10-03T13:39:07.010Z
sensor.thread_bmp180_teplomer_teplota,23.92,2026-10-03T13:39:37.010Z
sensor.thread_bmp180_teplomer_teplota,23.94,2026-10-03T13:40:37.007Z
sensor.thread_bmp180_teplomer_teplota,23.93,2026-10-03T13:41:07.009Z
sensor.thread_bmp180_teplomer_teplota,23.94,2026-10-03T13:41:37.008Z
sensor.thread_bmp180_teplomer_teplota,23.95,2026-10-03T13:43:07.008Z
sensor.thread_bmp180_teplomer_teplota,23.94,2026-10-03T13:43:37.008Z
sensor.thread_bmp180_teplomer_teplota,23.96,2026-10-03T13:44:07.007Z
sensor.thread_bmp180_teplomer_teplota,23.97,2026-10-03T13:45:07.007Z
sensor.thread_bmp180_teplomer_teplota,23.96,2026-10-03T13:45:37.009Z
sensor.thread_bmp180_teplomer_teplota,23.95,2026-10-03T13:46:07.008Z
sensor.thread_bmp180_teplomer_teplota,23.96,2026-10-03T13:46:37.009Z
sensor.thread_bmp180_teplomer_teplota,23.95,2026-10-03T13:50:06.136Z
sensor.thread_bmp180_teplomer_teplota,23.97,2026-10-03T13:50:36.135Z
sensor.thread_bmp180_teplomer_teplota,23.96,2026-10-03T13:51:06.134Z
sensor.thread_bmp180_teplomer_teplota,23.97,2026-10-03T13:51:36.134Z
sensor.thread_bmp180_teplomer_teplota,23.99,2026-10-03T13:52:36.135Z
sensor.thread_bmp180_teplomer_teplota,24.01,2026-10-03T13:54:06.134Z
sensor.thread_bmp180_teplomer_teplota,24.02,2026-10-03T13:55:36.136Z
sensor.thread_bmp180_teplomer_teplota,24.01,2026-10-03T13:56:06.136Z
sensor.thread_bmp180_teplomer_teplota,24.02,2026-10-03T13:57:06.135Z
sensor.thread_bmp180_teplomer_teplota,24.03,2026-10-03T14:00:06.136Z
sensor.thread_bmp180_teplomer_teplota,24.04,2026-10-03T14:03:28.281Z
sensor.thread_bmp180_teplomer_teplota,24.06,2026-10-03T14:03:35.413Z
sensor.thread_bmp180_teplomer_teplota,24.07,2026-10-03T14:04:05.414Z
sensor.thread_bmp180_teplomer_teplota,24.08,2026-10-03T14:04:35.413Z
sensor.thread_bmp180_teplomer_teplota,24.11,2026-10-03T14:05:05.413Z
sensor.thread_bmp180_teplomer_teplota,24.14,2026-10-03T14:05:35.412Z
sensor.thread_bmp180_teplomer_teplota,24.16,2026-10-03T14:06:05.415Z
sensor.thread_bmp180_teplomer_teplota,24.19,2026-10-03T14:06:35.412Z
sensor.thread_bmp180_teplomer_teplota,24.22,2026-10-03T14:07:05.414Z
sensor.thread_bmp180_teplomer_teplota,24.23,2026-10-03T14:07:35.415Z
sensor.thread_bmp180_teplomer_teplota,24.27,2026-10-03T14:08:05.413Z
sensor.thread_bmp180_teplomer_teplota,24.3,2026-10-03T14:08:35.414Z
sensor.thread_bmp180_teplomer_teplota,24.29,2026-10-03T14:09:05.415Z
sensor.thread_bmp180_teplomer_teplota,24.31,2026-10-03T14:10:05.415Z
sensor.thread_bmp180_teplomer_teplota,24.34,2026-10-03T14:10:35.412Z
sensor.thread_bmp180_teplomer_teplota,24.36,2026-10-03T14:11:05.415Z
sensor.thread_bmp180_teplomer_teplota,24.38,2026-10-03T14:11:35.414Z
sensor.thread_bmp180_teplomer_teplota,24.39,2026-10-03T14:12:05.414Z
sensor.thread_bmp180_teplomer_teplota,24.42,2026-10-03T14:12:35.413Z
sensor.thread_bmp180_teplomer_teplota,24.43,2026-10-03T14:13:05.414Z
sensor.thread_bmp180_teplomer_teplota,24.44,2026-10-03T14:14:05.412Z
sensor.thread_bmp180_teplomer_teplota,24.46,2026-10-03T14:14:35.415Z
sensor.thread_bmp180_teplomer_teplota,24.44,2026-10-03T14:15:35.422Z
sensor.thread_bmp180_teplomer_teplota,24.47,2026-10-03T14:16:05.414Z
sensor.thread_bmp180_teplomer_teplota,24.49,2026-10-03T14:16:35.413Z
sensor.thread_bmp180_teplomer_teplota,24.46,2026-10-03T14:18:55.315Z
sensor.thread_bmp180_teplomer_teplota,24.42,2026-10-03T14:19:06.223Z
sensor.thread_bmp180_teplomer_teplota,24.38,2026-10-03T14:19:36.224Z
sensor.thread_bmp180_teplomer_teplota,24.37,2026-10-03T14:20:06.224Z
sensor.thread_bmp180_teplomer_teplota,24.32,2026-10-03T14:20:36.223Z
sensor.thread_bmp180_teplomer_teplota,24.31,2026-10-03T14:21:06.223Z
sensor.thread_bmp180_teplomer_teplota,24.32,2026-10-03T14:21:36.223Z
sensor.thread_bmp180_teplomer_teplota,24.29,2026-10-03T14:22:06.225Z
sensor.thread_bmp180_teplomer_teplota,24.27,2026-10-03T14:23:06.225Z
sensor.thread_bmp180_teplomer_teplota,24.26,2026-10-03T14:24:06.224Z
sensor.thread_bmp180_teplomer_teplota,24.24,2026-10-03T14:24:36.222Z
sensor.thread_bmp180_teplomer_teplota,24.22,2026-10-03T14:25:06.224Z
sensor.thread_bmp180_teplomer_teplota,24.21,2026-10-03T14:26:06.222Z
sensor.thread_bmp180_teplomer_teplota,24.22,2026-10-03T14:26:36.231Z
sensor.thread_bmp180_teplomer_teplota,24.19,2026-10-03T14:27:06.233Z
sensor.thread_bmp180_teplomer_teplota,24.2,2026-10-03T14:27:36.223Z
sensor.thread_bmp180_teplomer_teplota,24.19,2026-10-03T14:28:06.222Z
sensor.thread_bmp180_teplomer_teplota,24.18,2026-10-03T14:29:06.225Z
sensor.thread_bmp180_teplomer_teplota,24.17,2026-10-03T14:30:06.225Z
sensor.thread_bmp180_teplomer_teplota,24.18,2026-10-03T14:30:36.225Z
sensor.thread_bmp180_teplomer_teplota,24.17,2026-10-03T14:31:36.223Z
sensor.thread_bmp180_teplomer_teplota,24.16,2026-10-03T14:34:07.665Z
sensor.thread_bmp180_teplomer_teplota,24.17,2026-10-03T14:34:37.667Z
sensor.thread_bmp180_teplomer_teplota,24.16,2026-10-03T14:35:37.666Z
sensor.thread_bmp180_teplomer_teplota,24.17,2026-10-03T14:36:07.665Z
sensor.thread_bmp180_teplomer_teplota,24.18,2026-10-03T14:37:07.665Z
sensor.thread_bmp180_teplomer_teplota,24.21,2026-10-03T14:38:07.666Z
sensor.thread_bmp180_teplomer_teplota,24.2,2026-10-03T14:39:07.666Z
sensor.thread_bmp180_teplomer_teplota,24.19,2026-10-03T14:39:37.666Z
sensor.thread_bmp180_teplomer_teplota,24.18,2026-10-03T14:40:37.665Z
sensor.thread_bmp180_teplomer_teplota,24.19,2026-10-03T14:41:07.666Z
sensor.thread_bmp180_teplomer_teplota,24.18,2026-10-03T14:41:37.664Z
sensor.thread_bmp180_teplomer_teplota,24.17,2026-10-03T14:42:37.664Z
sensor.thread_bmp180_teplomer_teplota,24.16,2026-10-03T14:44:07.664Z
sensor.thread_bmp180_teplomer_teplota,24.17,2026-10-03T14:44:37.666Z
sensor.thread_bmp180_teplomer_teplota,24.16,2026-10-03T14:46:37.665Z
sensor.thread_bmp180_teplomer_teplota,24.18,2026-10-03T14:48:09.653Z
sensor.thread_bmp180_teplomer_teplota,24.16,2026-10-03T14:48:39.652Z
sensor.thread_bmp180_teplomer_teplota,24.17,2026-10-03T14:49:09.655Z
sensor.thread_bmp180_teplomer_teplota,24.16,2026-10-03T14:49:39.655Z
sensor.thread_bmp180_teplomer_teplota,24.14,2026-10-03T14:51:09.653Z
sensor.thread_bmp180_teplomer_teplota,24.16,2026-10-03T14:52:09.654Z
sensor.thread_bmp180_teplomer_teplota,24.15,2026-10-03T14:52:39.654Z
sensor.thread_bmp180_teplomer_teplota,24.14,2026-10-03T14:53:09.652Z
sensor.thread_bmp180_teplomer_teplota,24.13,2026-10-03T14:53:39.652Z
sensor.thread_bmp180_teplomer_teplota,24.11,2026-10-03T14:54:39.653Z
sensor.thread_bmp180_teplomer_teplota,24.14,2026-10-03T14:55:09.654Z
sensor.thread_bmp180_teplomer_teplota,24.13,2026-10-03T14:55:39.652Z
sensor.thread_bmp180_teplomer_teplota,24.14,2026-10-03T14:56:09.652Z
sensor.thread_bmp180_teplomer_teplota,24.17,2026-10-03T14:57:09.655Z
sensor.thread_bmp180_teplomer_teplota,24.14,2026-10-03T14:57:39.653Z
sensor.thread_bmp180_teplomer_teplota,24.16,2026-10-03T14:58:09.653Z
sensor.thread_bmp180_teplomer_teplota,24.17,2026-10-03T14:59:09.655Z
sensor.thread_bmp180_teplomer_teplota,24.16,2026-10-03T14:59:39.652Z
sensor.thread_bmp180_teplomer_teplota,24.14,2026-10-03T15:00:39.653Z
sensor.thread_bmp180_teplomer_teplota,24.12,2026-10-03T15:01:39.653Z
sensor.thread_bmp180_teplomer_teplota,24.09,2026-10-03T15:03:59.866Z
sensor.thread_bmp180_teplomer_teplota,24.1,2026-10-03T15:04:12.566Z
sensor.thread_bmp180_teplomer_teplota,24.08,2026-10-03T15:04:42.568Z
sensor.thread_bmp180_teplomer_teplota,24.09,2026-10-03T15:05:12.565Z
sensor.thread_bmp180_teplomer_teplota,24.08,2026-10-03T15:05:42.566Z
sensor.thread_bmp180_teplomer_teplota,24.07,2026-10-03T15:06:12.566Z
sensor.thread_bmp180_teplomer_teplota,24.08,2026-10-03T15:06:42.566Z
sensor.thread_bmp180_teplomer_teplota,24.11,2026-10-03T15:07:12.566Z
sensor.thread_bmp180_teplomer_teplota,24.12,2026-10-03T15:07:42.566Z
sensor.thread_bmp180_teplomer_teplota,24.13,2026-10-03T15:08:12.567Z
sensor.thread_bmp180_teplomer_teplota,24.12,2026-10-03T15:08:42.565Z
sensor.thread_bmp180_teplomer_teplota,24.09,2026-10-03T15:09:12.567Z
sensor.thread_bmp180_teplomer_teplota,24.13,2026-10-03T15:09:42.567Z
sensor.thread_bmp180_teplomer_teplota,24.14,2026-10-03T15:10:12.565Z
sensor.thread_bmp180_teplomer_teplota,24.12,2026-10-03T15:10:42.568Z
sensor.thread_bmp180_teplomer_teplota,24.11,2026-10-03T15:12:12.566Z
sensor.thread_bmp180_teplomer_teplota,24.09,2026-10-03T15:13:12.567Z
sensor.thread_bmp180_teplomer_teplota,24.08,2026-10-03T15:14:12.566Z
sensor.thread_bmp180_teplomer_teplota,24.07,2026-10-03T15:15:12.567Z
sensor.thread_bmp180_teplomer_teplota,24.09,2026-10-03T15:15:42.567Z
sensor.thread_bmp180_teplomer_teplota,24.07,2026-10-03T15:16:12.568Z
sensor.thread_bmp180_teplomer_teplota,24.06,2026-10-03T15:18:32.853Z
sensor.thread_bmp180_teplomer_teplota,24.05,2026-10-03T15:18:41.317Z
sensor.thread_bmp180_teplomer_teplota,24.06,2026-10-03T15:19:11.318Z
sensor.thread_bmp180_teplomer_teplota,24.04,2026-10-03T15:19:41.317Z
sensor.thread_bmp180_teplomer_teplota,24.05,2026-10-03T15:20:11.318Z
sensor.thread_bmp180_teplomer_teplota,24.04,2026-10-03T15:20:41.319Z
sensor.thread_bmp180_teplomer_teplota,24.06,2026-10-03T15:21:41.318Z
sensor.thread_bmp180_teplomer_teplota,24.07,2026-10-03T15:22:11.316Z
sensor.thread_bmp180_teplomer_teplota,24.04,2026-10-03T15:22:41.317Z
sensor.thread_bmp180_teplomer_teplota,24.03,2026-10-03T15:23:11.318Z
sensor.thread_bmp180_teplomer_teplota,24.02,2026-10-03T15:24:41.317Z
sensor.thread_bmp180_teplomer_teplota,24.03,2026-10-03T15:25:11.317Z
sensor.thread_bmp180_teplomer_teplota,24.02,2026-10-03T15:26:11.318Z
sensor.thread_bmp180_teplomer_teplota,24.03,2026-10-03T15:27:11.319Z
sensor.thread_bmp180_teplomer_teplota,24.02,2026-10-03T15:28:11.317Z
sensor.thread_bmp180_teplomer_teplota,24.04,2026-10-03T15:28:41.316Z
sensor.thread_bmp180_teplomer_teplota,24.03,2026-10-03T15:29:41.318Z
sensor.thread_bmp180_teplomer_teplota,24.04,2026-10-03T15:30:11.318Z
sensor.thread_bmp180_teplomer_teplota,24.03,2026-10-03T15:30:41.316Z
sensor.thread_bmp180_teplomer_teplota,24.02,2026-10-03T15:31:11.318Z
sensor.thread_bmp180_teplomer_teplota,24.03,2026-10-03T15:31:41.319Z
sensor.thread_bmp180_teplomer_teplota,24.1,2026-10-03T15:34:01.975Z
sensor.thread_bmp180_teplomer_teplota,24.08,2026-10-03T15:34:15.016Z
sensor.thread_bmp180_teplomer_teplota,24.11,2026-10-03T15:34:45.018Z
sensor.thread_bmp180_teplomer_teplota,24.1,2026-10-03T15:35:15.018Z
sensor.thread_bmp180_teplomer_teplota,24.09,2026-10-03T15:36:15.016Z
sensor.thread_bmp180_teplomer_teplota,24.07,2026-10-03T15:36:45.017Z
sensor.thread_bmp180_teplomer_teplota,24.1,2026-10-03T15:37:15.017Z
sensor.thread_bmp180_teplomer_teplota,24.09,2026-10-03T15:37:45.018Z
sensor.thread_bmp180_teplomer_teplota,24.11,2026-10-03T15:38:15.017Z
sensor.thread_bmp180_teplomer_teplota,24.09,2026-10-03T15:38:45.016Z
sensor.thread_bmp180_teplomer_teplota,24.08,2026-10-03T15:39:15.016Z
sensor.thread_bmp180_teplomer_teplota,24.07,2026-10-03T15:39:45.015Z
sensor.thread_bmp180_teplomer_teplota,24.08,2026-10-03T15:40:45.017Z
sensor.thread_bmp180_teplomer_teplota,24.06,2026-10-03T15:41:15.015Z
sensor.thread_bmp180_teplomer_teplota,24.07,2026-10-03T15:41:45.017Z
sensor.thread_bmp180_teplomer_teplota,24.05,2026-10-03T15:42:15.017Z
sensor.thread_bmp180_teplomer_teplota,24.04,2026-10-03T15:42:45.016Z
sensor.thread_bmp180_teplomer_teplota,24.03,2026-10-03T15:43:15.016Z
sensor.thread_bmp180_teplomer_teplota,24.04,2026-10-03T15:43:45.015Z
sensor.thread_bmp180_teplomer_teplota,24.03,2026-10-03T15:44:45.016Z
sensor.thread_bmp180_teplomer_teplota,24.02,2026-10-03T15:45:45.015Z
sensor.thread_bmp180_teplomer_teplota,24.0,2026-10-03T15:46:15.015Z
sensor.thread_bmp180_teplomer_teplota,24.02,2026-10-03T15:46:45.014Z
sensor.thread_bmp180_teplomer_teplota,23.98,2026-10-03T15:49:04.958Z
sensor.thread_bmp180_teplomer_teplota,24.01,2026-10-03T15:50:13.772Z
sensor.thread_bmp180_teplomer_teplota,23.99,2026-10-03T15:51:13.771Z
sensor.thread_bmp180_teplomer_teplota,24.01,2026-10-03T15:52:43.771Z
sensor.thread_bmp180_teplomer_teplota,23.99,2026-10-03T15:53:13.771Z
sensor.thread_bmp180_teplomer_teplota,23.97,2026-10-03T15:54:13.772Z
sensor.thread_bmp180_teplomer_teplota,23.99,2026-10-03T15:54:43.772Z
sensor.thread_bmp180_teplomer_teplota,23.97,2026-10-03T15:55:43.772Z
sensor.thread_bmp180_teplomer_teplota,23.96,2026-10-03T15:56:13.770Z
sensor.thread_bmp180_teplomer_teplota,23.97,2026-10-03T15:57:13.770Z
sensor.thread_bmp180_teplomer_teplota,23.98,2026-10-03T15:58:43.771Z
sensor.thread_bmp180_teplomer_teplota,23.97,2026-10-03T15:59:43.770Z
sensor.thread_bmp180_teplomer_teplota,23.96,2026-10-03T16:00:13.772Z
sensor.thread_bmp180_teplomer_teplota,23.97,2026-10-03T16:00:43.770Z
sensor.thread_bmp180_teplomer_teplota,23.95,2026-10-03T16:03:16.036Z
sensor.thread_bmp180_teplomer_teplota,23.94,2026-10-03T16:04:46.036Z
sensor.thread_bmp180_teplomer_teplota,23.93,2026-10-03T16:05:16.037Z
sensor.thread_bmp180_teplomer_teplota,23.94,2026-10-03T16:06:46.037Z
sensor.thread_bmp180_teplomer_teplota,23.93,2026-10-03T16:07:46.035Z
sensor.thread_bmp180_teplomer_teplota,23.92,2026-10-03T16:09:16.036Z
sensor.thread_bmp180_teplomer_teplota,23.91,2026-10-03T16:10:16.035Z
sensor.thread_bmp180_teplomer_teplota,23.9,2026-10-03T16:10:46.036Z
sensor.thread_bmp180_teplomer_teplota,23.92,2026-10-03T16:11:16.038Z
sensor.thread_bmp180_teplomer_teplota,23.93,2026-10-03T16:11:46.037Z
sensor.thread_bmp180_teplomer_teplota,23.91,2026-10-03T16:12:16.037Z
sensor.thread_bmp180_teplomer_teplota,23.92,2026-10-03T16:12:46.037Z
sensor.thread_bmp180_teplomer_teplota,23.91,2026-10-03T16:13:16.038Z
sensor.thread_bmp180_teplomer_teplota,23.9,2026-10-03T16:14:46.035Z
sensor.thread_bmp180_teplomer_teplota,23.91,2026-10-03T16:15:16.037Z
sensor.thread_bmp180_teplomer_teplota,23.9,2026-10-03T16:15:46.038Z
sensor.thread_bmp180_teplomer_teplota,23.88,2026-10-03T16:16:16.036Z
sensor.thread_bmp180_teplomer_teplota,23.87,2026-10-03T16:16:46.038Z
sensor.thread_bmp180_teplomer_teplota,23.86,2026-10-03T16:19:47.264Z
sensor.thread_bmp180_teplomer_teplota,23.85,2026-10-03T16:22:17.262Z
sensor.thread_bmp180_teplomer_teplota,23.83,2026-10-03T16:22:47.263Z
sensor.thread_bmp180_teplomer_teplota,23.84,2026-10-03T16:23:17.264Z
sensor.thread_bmp180_teplomer_teplota,23.83,2026-10-03T16:23:47.263Z
sensor.thread_bmp180_teplomer_teplota,23.82,2026-10-03T16:24:17.264Z
sensor.thread_bmp180_teplomer_teplota,23.83,2026-10-03T16:24:47.265Z
sensor.thread_bmp180_teplomer_teplota,23.81,2026-10-03T16:25:17.262Z
sensor.thread_bmp180_teplomer_teplota,23.82,2026-10-03T16:27:17.262Z
sensor.thread_bmp180_teplomer_teplota,23.81,2026-10-03T16:29:17.265Z
sensor.thread_bmp180_teplomer_teplota,23.8,2026-10-03T16:29:47.264Z
sensor.thread_bmp180_teplomer_teplota,23.81,2026-10-03T16:30:47.265Z
sensor.thread_bmp180_teplomer_teplota,23.8,2026-10-03T16:31:47.263Z
sensor.thread_bmp180_teplomer_teplota,unknown,2026-10-03T16:32:14.667Z
sensor.thread_bmp180_teplomer_teplota,23.79,2026-10-03T16:32:16.010Z
sensor.thread_bmp180_teplomer_teplota,23.8,2026-10-03T16:32:46.011Z
sensor.thread_bmp180_teplomer_teplota,23.79,2026-10-03T16:33:16.011Z
sensor.thread_bmp180_teplomer_teplota,23.8,2026-10-03T16:34:16.010Z
sensor.thread_bmp180_teplomer_teplota,23.79,2026-10-03T16:34:46.010Z
sensor.thread_bmp180_teplomer_teplota,23.81,2026-10-03T16:36:46.009Z
sensor.thread_bmp180_teplomer_teplota,23.78,2026-10-03T16:37:16.010Z
sensor.thread_bmp180_teplomer_teplota,23.79,2026-10-03T16:37:46.010Z
sensor.thread_bmp180_teplomer_teplota,23.78,2026-10-03T16:38:16.010Z
sensor.thread_bmp180_teplomer_teplota,23.77,2026-10-03T16:39:16.010Z
sensor.thread_bmp180_teplomer_teplota,23.76,2026-10-03T16:39:46.011Z
sensor.thread_bmp180_teplomer_teplota,23.77,2026-10-03T16:40:16.016Z
sensor.thread_bmp180_teplomer_teplota,23.79,2026-10-03T16:42:46.010Z
sensor.thread_bmp180_teplomer_teplota,23.77,2026-10-03T16:43:16.012Z
sensor.thread_bmp180_teplomer_teplota,23.76,2026-10-03T16:46:16.010Z
sensor.thread_bmp180_teplomer_teplota,23.78,2026-10-03T16:46:46.009Z
sensor.thread_bmp180_teplomer_teplota,23.79,2026-10-03T16:49:06.816Z
sensor.thread_bmp180_teplomer_teplota,23.77,2026-10-03T16:49:44.898Z
sensor.thread_bmp180_teplomer_teplota,23.78,2026-10-03T16:51:14.899Z
sensor.thread_bmp180_teplomer_teplota,23.79,2026-10-03T16:51:44.897Z
sensor.thread_bmp180_teplomer_teplota,23.78,2026-10-03T16:52:44.897Z
sensor.thread_bmp180_teplomer_teplota,23.77,2026-10-03T16:53:14.899Z
sensor.thread_bmp180_teplomer_teplota,23.78,2026-10-03T16:54:14.900Z
sensor.thread_bmp180_teplomer_teplota,23.77,2026-10-03T16:54:44.899Z
sensor.thread_bmp180_teplomer_teplota,23.78,2026-10-03T16:55:14.897Z
sensor.thread_bmp180_teplomer_teplota,23.77,2026-10-03T16:56:14.899Z
sensor.thread_bmp180_teplomer_teplota,23.76,2026-10-03T16:57:44.898Z
sensor.thread_bmp180_teplomer_teplota,23.77,2026-10-03T16:58:44.897Z
sensor.thread_bmp180_teplomer_teplota,23.78,2026-10-03T16:59:14.897Z
sensor.thread_bmp180_teplomer_teplota,23.76,2026-10-03T17:00:14.896Z
sensor.thread_bmp180_teplomer_teplota,23.77,2026-10-03T17:01:14.898Z
sensor.thread_bmp180_teplomer_teplota,23.76,2026-10-03T17:04:15.664Z
sensor.thread_bmp180_teplomer_teplota,23.74,2026-10-03T17:04:45.664Z
sensor.thread_bmp180_teplomer_teplota,23.75,2026-10-03T17:07:15.661Z
sensor.thread_bmp180_teplomer_teplota,23.76,2026-10-03T17:07:45.664Z
sensor.thread_bmp180_teplomer_teplota,23.74,2026-10-03T17:08:15.663Z
sensor.thread_bmp180_teplomer_teplota,23.73,2026-10-03T17:10:45.663Z
sensor.thread_bmp180_teplomer_teplota,23.72,2026-10-03T17:11:45.663Z
sensor.thread_bmp180_teplomer_teplota,23.73,2026-10-03T17:12:15.664Z
sensor.thread_bmp180_teplomer_teplota,23.72,2026-10-03T17:12:45.663Z
sensor.thread_bmp180_teplomer_teplota,23.71,2026-10-03T17:13:15.664Z
sensor.thread_bmp180_teplomer_teplota,23.7,2026-10-03T17:13:45.662Z
sensor.thread_bmp180_teplomer_teplota,23.69,2026-10-03T17:14:45.663Z
sensor.thread_bmp180_teplomer_teplota,23.7,2026-10-03T17:15:45.663Z
sensor.thread_bmp180_teplomer_teplota,23.68,2026-10-03T17:16:15.663Z
sensor.thread_bmp180_teplomer_teplota,23.66,2026-10-03T17:18:36.256Z
sensor.thread_bmp180_teplomer_teplota,23.65,2026-10-03T17:18:49.293Z
sensor.thread_bmp180_teplomer_teplota,23.64,2026-10-03T17:20:49.293Z
sensor.thread_bmp180_teplomer_teplota,23.65,2026-10-03T17:22:49.293Z
sensor.thread_bmp180_teplomer_teplota,23.63,2026-10-03T17:23:19.291Z
sensor.thread_bmp180_teplomer_teplota,23.64,2026-10-03T17:23:49.294Z
sensor.thread_bmp180_teplomer_teplota,23.65,2026-10-03T17:24:19.293Z
sensor.thread_bmp180_teplomer_teplota,23.62,2026-10-03T17:24:49.291Z
sensor.thread_bmp180_teplomer_teplota,23.63,2026-10-03T17:25:19.294Z
sensor.thread_bmp180_teplomer_teplota,23.62,2026-10-03T17:26:49.293Z
sensor.thread_bmp180_teplomer_teplota,23.63,2026-10-03T17:27:19.293Z
sensor.thread_bmp180_teplomer_teplota,23.62,2026-10-03T17:27:49.292Z
sensor.thread_bmp180_teplomer_teplota,23.61,2026-10-03T17:29:49.291Z
sensor.thread_bmp180_teplomer_teplota,23.6,2026-10-03T17:30:19.292Z
sensor.thread_bmp180_teplomer_teplota,23.61,2026-10-03T17:30:49.292Z
sensor.thread_bmp180_teplomer_teplota,23.6,2026-10-03T17:31:19.291Z
sensor.thread_bmp180_teplomer_teplota,23.59,2026-10-03T17:31:49.292Z
sensor.thread_bmp180_teplomer_teplota,23.6,2026-10-03T17:32:24.725Z
sensor.thread_bmp180_teplomer_teplota,23.59,2026-10-03T17:32:47.359Z
sensor.thread_bmp180_teplomer_teplota,23.61,2026-10-03T17:33:17.359Z
sensor.thread_bmp180_teplomer_teplota,23.6,2026-10-03T17:33:47.360Z
sensor.thread_bmp180_teplomer_teplota,23.59,2026-10-03T17:34:47.362Z
sensor.thread_bmp180_teplomer_teplota,23.58,2026-10-03T17:35:17.360Z
sensor.thread_bmp180_teplomer_teplota,23.59,2026-10-03T17:35:47.361Z
sensor.thread_bmp180_teplomer_teplota,23.58,2026-10-03T17:37:17.361Z
sensor.thread_bmp180_teplomer_teplota,23.6,2026-10-03T17:38:17.362Z
sensor.thread_bmp180_teplomer_teplota,23.59,2026-10-03T17:38:47.361Z
sensor.thread_bmp180_teplomer_teplota,23.57,2026-10-03T17:39:17.362Z
sensor.thread_bmp180_teplomer_teplota,23.58,2026-10-03T17:40:17.359Z
sensor.thread_bmp180_teplomer_teplota,23.57,2026-10-03T17:41:17.360Z
sensor.thread_bmp180_teplomer_teplota,23.58,2026-10-03T17:41:47.359Z
sensor.thread_bmp180_teplomer_teplota,23.56,2026-10-03T17:42:47.360Z
sensor.thread_bmp180_teplomer_teplota,23.58,2026-10-03T17:43:17.359Z
sensor.thread_bmp180_teplomer_teplota,23.57,2026-10-03T17:44:17.362Z
sensor.thread_bmp180_teplomer_teplota,23.56,2026-10-03T17:45:17.361Z
sensor.thread_bmp180_teplomer_teplota,23.55,2026-10-03T17:46:17.361Z
sensor.thread_bmp180_teplomer_teplota,23.54,2026-10-03T17:48:38.002Z
sensor.thread_bmp180_teplomer_teplota,23.53,2026-10-03T17:48:50.049Z
sensor.thread_bmp180_teplomer_teplota,23.54,2026-10-03T17:49:20.051Z
sensor.thread_bmp180_teplomer_teplota,23.53,2026-10-03T17:50:20.051Z
sensor.thread_bmp180_teplomer_teplota,23.52,2026-10-03T17:50:50.050Z
sensor.thread_bmp180_teplomer_teplota,23.53,2026-10-03T17:51:20.051Z
sensor.thread_bmp180_teplomer_teplota,23.52,2026-10-03T17:51:50.052Z
sensor.thread_bmp180_teplomer_teplota,23.54,2026-10-03T17:52:50.050Z
sensor.thread_bmp180_teplomer_teplota,23.53,2026-10-03T17:53:50.051Z
sensor.thread_bmp180_teplomer_teplota,23.52,2026-10-03T17:54:20.050Z
sensor.thread_bmp180_teplomer_teplota,23.5,2026-10-03T17:55:20.050Z
sensor.thread_bmp180_teplomer_teplota,23.52,2026-10-03T17:55:50.050Z
sensor.thread_bmp180_teplomer_teplota,23.5,2026-10-03T17:56:20.051Z
sensor.thread_bmp180_teplomer_teplota,23.51,2026-10-03T17:56:50.051Z
sensor.thread_bmp180_teplomer_teplota,23.52,2026-10-03T17:57:50.050Z
sensor.thread_bmp180_teplomer_teplota,23.49,2026-10-03T17:58:20.051Z
sensor.thread_bmp180_teplomer_teplota,23.5,2026-10-03T17:59:20.051Z
sensor.thread_bmp180_teplomer_teplota,23.48,2026-10-03T18:00:20.052Z
sensor.thread_bmp180_teplomer_teplota,23.47,2026-10-03T18:01:20.049Z
sensor.thread_bmp180_teplomer_teplota,23.48,2026-10-03T18:01:50.049Z
sensor.thread_bmp180_teplomer_teplota,23.49,2026-10-03T18:02:27.593Z
sensor.thread_bmp180_teplomer_teplota,23.47,2026-10-03T18:03:22.925Z
sensor.thread_bmp180_teplomer_teplota,23.48,2026-10-03T18:03:52.926Z
sensor.thread_bmp180_teplomer_teplota,23.47,2026-10-03T18:04:22.928Z
sensor.thread_bmp180_teplomer_teplota,23.45,2026-10-03T18:05:52.927Z
sensor.thread_bmp180_teplomer_teplota,23.46,2026-10-03T18:06:22.928Z
sensor.thread_bmp180_teplomer_teplota,23.45,2026-10-03T18:06:52.926Z
sensor.thread_bmp180_teplomer_teplota,23.44,2026-10-03T18:07:22.927Z
sensor.thread_bmp180_teplomer_teplota,23.43,2026-10-03T18:07:52.928Z
sensor.thread_bmp180_teplomer_teplota,23.45,2026-10-03T18:08:22.926Z
sensor.thread_bmp180_teplomer_teplota,23.44,2026-10-03T18:10:22.926Z
sensor.thread_bmp180_teplomer_teplota,23.45,2026-10-03T18:11:22.927Z
sensor.thread_bmp180_teplomer_teplota,23.44,2026-10-03T18:12:52.928Z
sensor.thread_bmp180_teplomer_teplota,23.43,2026-10-03T18:13:22.926Z
sensor.thread_bmp180_teplomer_teplota,23.42,2026-10-03T18:14:52.926Z
sensor.thread_bmp180_teplomer_teplota,23.43,2026-10-03T18:15:22.928Z
sensor.thread_bmp180_teplomer_teplota,23.41,2026-10-03T18:15:52.928Z
sensor.thread_bmp180_teplomer_teplota,23.42,2026-10-03T18:16:22.928Z
sensor.thread_bmp180_teplomer_teplota,23.4,2026-10-03T18:16:52.927Z
sensor.thread_bmp180_teplomer_teplota,23.38,2026-10-03T18:20:20.400Z
sensor.thread_bmp180_teplomer_teplota,23.39,2026-10-03T18:20:50.400Z
sensor.thread_bmp180_teplomer_teplota,23.38,2026-10-03T18:21:20.400Z
sensor.thread_bmp180_teplomer_teplota,23.37,2026-10-03T18:22:20.401Z
sensor.thread_bmp180_teplomer_teplota,23.38,2026-10-03T18:22:50.401Z
sensor.thread_bmp180_teplomer_teplota,23.37,2026-10-03T18:25:50.400Z
sensor.thread_bmp180_teplomer_teplota,23.35,2026-10-03T18:26:20.401Z
sensor.thread_bmp180_teplomer_teplota,23.36,2026-10-03T18:26:50.399Z
sensor.thread_bmp180_teplomer_teplota,23.35,2026-10-03T18:27:20.400Z
sensor.thread_bmp180_teplomer_teplota,23.34,2026-10-03T18:28:50.401Z
sensor.thread_bmp180_teplomer_teplota,23.33,2026-10-03T18:29:50.399Z
sensor.thread_bmp180_teplomer_teplota,23.35,2026-10-03T18:30:20.399Z
sensor.thread_bmp180_teplomer_teplota,23.37,2026-10-03T18:30:50.400Z
sensor.thread_bmp180_teplomer_teplota,23.36,2026-10-03T18:31:20.401Z
sensor.thread_bmp180_teplomer_teplota,23.35,2026-10-03T18:31:50.400Z
sensor.thread_bmp180_teplomer_teplota,23.34,2026-10-03T18:32:29.212Z
sensor.thread_bmp180_teplomer_teplota,23.33,2026-10-03T18:32:51.902Z
sensor.thread_bmp180_teplomer_teplota,23.32,2026-10-03T18:33:51.904Z
sensor.thread_bmp180_teplomer_teplota,23.31,2026-10-03T18:34:21.905Z
sensor.thread_bmp180_teplomer_teplota,23.32,2026-10-03T18:35:51.904Z
sensor.thread_bmp180_teplomer_teplota,23.3,2026-10-03T18:36:21.902Z
sensor.thread_bmp180_teplomer_teplota,23.27,2026-10-03T18:38:51.901Z
sensor.thread_bmp180_teplomer_teplota,23.28,2026-10-03T18:39:21.904Z
sensor.thread_bmp180_teplomer_teplota,23.29,2026-10-03T18:40:21.902Z
sensor.thread_bmp180_teplomer_teplota,23.27,2026-10-03T18:40:51.901Z
sensor.thread_bmp180_teplomer_teplota,23.28,2026-10-03T18:41:51.901Z
sensor.thread_bmp180_teplomer_teplota,23.27,2026-10-03T18:42:21.902Z
sensor.thread_bmp180_teplomer_teplota,23.28,2026-10-03T18:42:51.903Z
sensor.thread_bmp180_teplomer_teplota,23.27,2026-10-03T18:43:51.903Z
sensor.thread_bmp180_teplomer_teplota,23.28,2026-10-03T18:44:21.901Z
sensor.thread_bmp180_teplomer_teplota,23.27,2026-10-03T18:44:51.901Z
sensor.thread_bmp180_teplomer_teplota,23.25,2026-10-03T18:47:29.994Z
sensor.thread_bmp180_teplomer_teplota,23.28,2026-10-03T18:48:22.794Z
sensor.thread_bmp180_teplomer_teplota,23.25,2026-10-03T18:48:52.793Z
sensor.thread_bmp180_teplomer_teplota,23.27,2026-10-03T18:49:22.795Z
sensor.thread_bmp180_teplomer_teplota,23.25,2026-10-03T18:49:52.793Z
sensor.thread_bmp180_teplomer_teplota,23.24,2026-10-03T18:50:52.794Z
sensor.thread_bmp180_teplomer_teplota,23.23,2026-10-03T18:51:22.796Z
sensor.thread_bmp180_teplomer_teplota,23.25,2026-10-03T18:51:52.794Z
sensor.thread_bmp180_teplomer_teplota,23.24,2026-10-03T18:52:22.794Z
sensor.thread_bmp180_teplomer_teplota,23.23,2026-10-03T18:52:52.794Z
sensor.thread_bmp180_teplomer_teplota,23.21,2026-10-03T18:54:52.792Z
sensor.thread_bmp180_teplomer_teplota,23.23,2026-10-03T18:55:22.794Z
sensor.thread_bmp180_teplomer_teplota,23.21,2026-10-03T18:56:22.795Z
sensor.thread_bmp180_teplomer_teplota,23.2,2026-10-03T18:56:52.794Z
sensor.thread_bmp180_teplomer_teplota,23.21,2026-10-03T18:57:22.795Z
sensor.thread_bmp180_teplomer_teplota,23.2,2026-10-03T18:58:22.794Z
sensor.thread_bmp180_teplomer_teplota,23.21,2026-10-03T18:58:52.794Z
sensor.thread_bmp180_teplomer_teplota,23.2,2026-10-03T19:00:52.793Z
sensor.thread_bmp180_teplomer_teplota,23.21,2026-10-03T19:01:22.794Z
sensor.thread_bmp180_teplomer_teplota,23.2,2026-10-03T19:01:52.794Z
sensor.thread_bmp180_teplomer_teplota,23.18,2026-10-03T19:02:29.635Z
sensor.thread_bmp180_teplomer_teplota,23.19,2026-10-03T19:02:54.290Z
sensor.thread_bmp180_teplomer_teplota,23.18,2026-10-03T19:03:54.291Z
sensor.thread_bmp180_teplomer_teplota,23.16,2026-10-03T19:04:24.291Z
sensor.thread_bmp180_teplomer_teplota,23.18,2026-10-03T19:04:54.290Z
sensor.thread_bmp180_teplomer_teplota,23.19,2026-10-03T19:06:24.290Z
sensor.thread_bmp180_teplomer_teplota,23.17,2026-10-03T19:06:54.291Z
sensor.thread_bmp180_teplomer_teplota,23.16,2026-10-03T19:07:24.290Z
sensor.thread_bmp180_teplomer_teplota,23.17,2026-10-03T19:07:54.291Z
sensor.thread_bmp180_teplomer_teplota,23.16,2026-10-03T19:08:54.291Z
sensor.thread_bmp180_teplomer_teplota,23.17,2026-10-03T19:09:24.291Z
sensor.thread_bmp180_teplomer_teplota,23.16,2026-10-03T19:09:54.291Z
sensor.thread_bmp180_teplomer_teplota,23.15,2026-10-03T19:10:54.292Z
sensor.thread_bmp180_teplomer_teplota,23.16,2026-10-03T19:11:24.292Z
sensor.thread_bmp180_teplomer_teplota,23.15,2026-10-03T19:11:54.291Z
sensor.thread_bmp180_teplomer_teplota,23.13,2026-10-03T19:12:24.289Z
sensor.thread_bmp180_teplomer_teplota,23.11,2026-10-03T19:13:54.291Z
sensor.thread_bmp180_teplomer_teplota,23.13,2026-10-03T19:14:24.290Z
sensor.thread_bmp180_teplomer_teplota,23.14,2026-10-03T19:16:24.291Z
sensor.thread_bmp180_teplomer_teplota,23.13,2026-10-03T19:16:54.292Z
sensor.thread_bmp180_teplomer_teplota,23.11,2026-10-03T19:17:53.062Z
sensor.thread_bmp180_teplomer_teplota,23.1,2026-10-03T19:19:23.063Z
sensor.thread_bmp180_teplomer_teplota,23.12,2026-10-03T19:19:53.062Z
sensor.thread_bmp180_teplomer_teplota,23.11,2026-10-03T19:20:23.062Z
sensor.thread_bmp180_teplomer_teplota,23.1,2026-10-03T19:20:53.061Z
sensor.thread_bmp180_teplomer_teplota,23.12,2026-10-03T19:21:23.063Z
sensor.thread_bmp180_teplomer_teplota,23.13,2026-10-03T19:21:53.062Z
sensor.thread_bmp180_teplomer_teplota,23.1,2026-10-03T19:22:53.063Z
sensor.thread_bmp180_teplomer_teplota,23.08,2026-10-03T19:24:53.061Z
sensor.thread_bmp180_teplomer_teplota,23.09,2026-10-03T19:25:23.063Z
sensor.thread_bmp180_teplomer_teplota,23.1,2026-10-03T19:25:53.062Z
sensor.thread_bmp180_teplomer_teplota,23.08,2026-10-03T19:26:23.061Z
sensor.thread_bmp180_teplomer_teplota,23.09,2026-10-03T19:26:53.061Z
sensor.thread_bmp180_teplomer_teplota,23.1,2026-10-03T19:28:23.062Z
sensor.thread_bmp180_teplomer_teplota,23.08,2026-10-03T19:28:53.062Z
sensor.thread_bmp180_teplomer_teplota,23.07,2026-10-03T19:29:53.061Z
sensor.thread_bmp180_teplomer_teplota,23.08,2026-10-03T19:30:23.063Z
sensor.thread_bmp180_teplomer_teplota,23.06,2026-10-03T19:30:53.062Z
sensor.thread_bmp180_teplomer_teplota,23.05,2026-10-03T19:31:23.063Z
sensor.thread_bmp180_teplomer_teplota,23.06,2026-10-03T19:31:53.062Z
sensor.thread_bmp180_teplomer_teplota,23.07,2026-10-03T19:32:31.270Z
sensor.thread_bmp180_teplomer_teplota,23.06,2026-10-03T19:33:25.274Z
sensor.thread_bmp180_teplomer_teplota,23.09,2026-10-03T19:33:55.274Z
sensor.thread_bmp180_teplomer_teplota,23.06,2026-10-03T19:34:25.275Z
sensor.thread_bmp180_teplomer_teplota,23.07,2026-10-03T19:34:55.274Z
sensor.thread_bmp180_teplomer_teplota,23.06,2026-10-03T19:35:25.274Z
sensor.thread_bmp180_teplomer_teplota,23.05,2026-10-03T19:35:55.273Z
sensor.thread_bmp180_teplomer_teplota,23.04,2026-10-03T19:37:25.274Z
sensor.thread_bmp180_teplomer_teplota,23.03,2026-10-03T19:37:55.275Z
sensor.thread_bmp180_teplomer_teplota,23.02,2026-10-03T19:39:25.274Z
sensor.thread_bmp180_teplomer_teplota,23.01,2026-10-03T19:40:25.275Z
sensor.thread_bmp180_teplomer_teplota,23.02,2026-10-03T19:40:55.273Z
sensor.thread_bmp180_teplomer_teplota,23.01,2026-10-03T19:41:25.275Z
sensor.thread_bmp180_teplomer_teplota,22.99,2026-10-03T19:42:25.273Z
sensor.thread_bmp180_teplomer_teplota,23.01,2026-10-03T19:42:55.274Z
sensor.thread_bmp180_teplomer_teplota,23.0,2026-10-03T19:43:25.272Z
sensor.thread_bmp180_teplomer_teplota,22.99,2026-10-03T19:43:55.275Z
sensor.thread_bmp180_teplomer_teplota,23.0,2026-10-03T19:44:55.272Z
sensor.thread_bmp180_teplomer_teplota,23.01,2026-10-03T19:46:25.272Z
sensor.thread_bmp180_teplomer_teplota,23.0,2026-10-03T19:46:55.272Z
sensor.thread_bmp180_teplomer_teplota,22.98,2026-10-03T19:47:32.093Z
sensor.thread_bmp180_teplomer_teplota,22.99,2026-10-03T19:49:54.458Z
sensor.thread_bmp180_teplomer_teplota,23.01,2026-10-03T19:50:24.458Z
sensor.thread_bmp180_teplomer_teplota,22.98,2026-10-03T19:50:54.459Z
sensor.thread_bmp180_teplomer_teplota,22.95,2026-10-03T19:51:24.459Z
sensor.thread_bmp180_teplomer_teplota,22.91,2026-10-03T19:51:54.458Z
sensor.thread_bmp180_teplomer_teplota,22.9,2026-10-03T19:52:24.458Z
sensor.thread_bmp180_teplomer_teplota,22.91,2026-10-03T19:52:54.458Z
sensor.thread_bmp180_teplomer_teplota,22.92,2026-10-03T19:53:24.457Z
sensor.thread_bmp180_teplomer_teplota,22.93,2026-10-03T19:53:54.456Z
sensor.thread_bmp180_teplomer_teplota,22.94,2026-10-03T19:54:24.457Z
sensor.thread_bmp180_teplomer_teplota,22.95,2026-10-03T19:54:54.459Z
sensor.thread_bmp180_teplomer_teplota,22.98,2026-10-03T19:55:54.457Z
sensor.thread_bmp180_teplomer_teplota,22.99,2026-10-03T19:56:24.457Z
sensor.thread_bmp180_teplomer_teplota,23.0,2026-10-03T19:56:54.456Z
sensor.thread_bmp180_teplomer_teplota,23.03,2026-10-03T19:57:24.457Z
sensor.thread_bmp180_teplomer_teplota,23.01,2026-10-03T19:57:54.457Z
sensor.thread_bmp180_teplomer_teplota,22.99,2026-10-03T19:58:24.459Z
sensor.thread_bmp180_teplomer_teplota,23.01,2026-10-03T19:59:24.457Z
sensor.thread_bmp180_teplomer_teplota,23.04,2026-10-03T19:59:54.458Z
sensor.thread_bmp180_teplomer_teplota,23.01,2026-10-03T20:00:24.457Z
sensor.thread_bmp180_teplomer_teplota,22.99,2026-10-03T20:03:47.117Z
sensor.thread_bmp180_teplomer_teplota,23.0,2026-10-03T20:03:57.436Z
sensor.thread_bmp180_teplomer_teplota,22.99,2026-10-03T20:04:27.435Z
sensor.thread_bmp180_teplomer_teplota,22.98,2026-10-03T20:04:57.435Z
sensor.thread_bmp180_teplomer_teplota,22.99,2026-10-03T20:05:27.436Z
sensor.thread_bmp180_teplomer_teplota,22.98,2026-10-03T20:05:57.435Z
sensor.thread_bmp180_teplomer_teplota,22.99,2026-10-03T20:06:27.435Z
sensor.thread_bmp180_teplomer_teplota,23.0,2026-10-03T20:07:27.436Z
sensor.thread_bmp180_teplomer_teplota,22.98,2026-10-03T20:09:27.436Z
sensor.thread_bmp180_teplomer_teplota,22.99,2026-10-03T20:10:27.434Z
sensor.thread_bmp180_teplomer_teplota,23.0,2026-10-03T20:10:57.435Z
sensor.thread_bmp180_teplomer_teplota,22.98,2026-10-03T20:11:27.435Z
sensor.thread_bmp180_teplomer_teplota,22.99,2026-10-03T20:13:27.435Z
sensor.thread_bmp180_teplomer_teplota,23.0,2026-10-03T20:15:27.435Z
sensor.thread_bmp180_teplomer_teplota,23.01,2026-10-03T20:16:27.436Z
sensor.thread_bmp180_teplomer_teplota,23.03,2026-10-03T20:16:57.435Z
sensor.thread_bmp180_teplomer_teplota,23.04,2026-10-03T20:19:00.524Z
sensor.thread_bmp180_teplomer_teplota,23.05,2026-10-03T20:20:00.523Z
sensor.thread_bmp180_teplomer_teplota,23.04,2026-10-03T20:20:30.524Z
sensor.thread_bmp180_teplomer_teplota,23.05,2026-10-03T20:21:00.523Z
sensor.thread_bmp180_teplomer_teplota,23.06,2026-10-03T20:21:30.525Z
sensor.thread_bmp180_teplomer_teplota,23.07,2026-10-03T20:22:30.524Z
sensor.thread_bmp180_teplomer_teplota,23.08,2026-10-03T20:23:00.526Z
sensor.thread_bmp180_teplomer_teplota,23.09,2026-10-03T20:24:00.525Z
sensor.thread_bmp180_teplomer_teplota,23.1,2026-10-03T20:25:30.526Z
sensor.thread_bmp180_teplomer_teplota,23.09,2026-10-03T20:26:00.525Z
sensor.thread_bmp180_teplomer_teplota,23.1,2026-10-03T20:26:30.523Z
sensor.thread_bmp180_teplomer_teplota,23.12,2026-10-03T20:28:00.526Z
sensor.thread_bmp180_teplomer_teplota,23.11,2026-10-03T20:28:30.525Z
sensor.thread_bmp180_teplomer_teplota,23.13,2026-10-03T20:29:30.526Z
sensor.thread_bmp180_teplomer_teplota,23.12,2026-10-03T20:30:30.525Z
sensor.thread_bmp180_teplomer_teplota,23.13,2026-10-03T20:31:00.525Z
sensor.thread_bmp180_teplomer_teplota,23.14,2026-10-03T20:32:00.523Z
sensor.thread_bmp180_teplomer_teplota,23.16,2026-10-03T20:34:20.823Z
sensor.thread_bmp180_teplomer_teplota,23.18,2026-10-03T20:34:28.931Z
sensor.thread_bmp180_teplomer_teplota,23.2,2026-10-03T20:37:28.933Z
sensor.thread_bmp180_teplomer_teplota,23.22,2026-10-03T20:38:28.932Z
sensor.thread_bmp180_teplomer_teplota,23.23,2026-10-03T20:39:28.933Z
sensor.thread_bmp180_teplomer_teplota,23.25,2026-10-03T20:40:28.933Z
sensor.thread_bmp180_teplomer_teplota,23.24,2026-10-03T20:40:58.932Z
sensor.thread_bmp180_teplomer_teplota,23.23,2026-10-03T20:41:28.933Z
sensor.thread_bmp180_teplomer_teplota,23.24,2026-10-03T20:41:58.933Z
sensor.thread_bmp180_teplomer_teplota,23.25,2026-10-03T20:42:28.932Z
sensor.thread_bmp180_teplomer_teplota,23.26,2026-10-03T20:42:58.931Z
sensor.thread_bmp180_teplomer_teplota,23.25,2026-10-03T20:43:28.930Z
sensor.thread_bmp180_teplomer_teplota,23.27,2026-10-03T20:43:58.930Z
sensor.thread_bmp180_teplomer_teplota,23.25,2026-10-03T20:44:28.932Z
sensor.thread_bmp180_teplomer_teplota,23.27,2026-10-03T20:44:58.932Z
sensor.thread_bmp180_teplomer_teplota,23.28,2026-10-03T20:45:28.931Z
sensor.thread_bmp180_teplomer_teplota,23.27,2026-10-03T20:45:58.931Z
sensor.thread_bmp180_teplomer_teplota,23.28,2026-10-03T20:46:28.938Z
sensor.thread_bmp180_teplomer_teplota,23.3,2026-10-03T20:48:49.818Z
sensor.thread_bmp180_teplomer_teplota,23.28,2026-10-03T20:48:58.486Z
sensor.thread_bmp180_teplomer_teplota,23.3,2026-10-03T20:49:58.488Z
sensor.thread_bmp180_teplomer_teplota,23.32,2026-10-03T20:51:58.487Z
sensor.thread_bmp180_teplomer_teplota,23.31,2026-10-03T20:52:28.487Z
sensor.thread_bmp180_teplomer_teplota,23.33,2026-10-03T20:52:58.487Z
sensor.thread_bmp180_teplomer_teplota,23.34,2026-10-03T20:54:58.488Z
sensor.thread_bmp180_teplomer_teplota,23.33,2026-10-03T20:55:28.488Z
sensor.thread_bmp180_teplomer_teplota,23.34,2026-10-03T20:55:58.488Z
sensor.thread_bmp180_teplomer_teplota,23.37,2026-10-03T20:56:28.488Z
sensor.thread_bmp180_teplomer_teplota,23.36,2026-10-03T20:57:28.488Z
sensor.thread_bmp180_teplomer_teplota,23.37,2026-10-03T20:57:58.487Z
sensor.thread_bmp180_teplomer_teplota,23.38,2026-10-03T20:58:58.488Z
sensor.thread_bmp180_teplomer_teplota,23.37,2026-10-03T20:59:28.488Z
sensor.thread_bmp180_teplomer_teplota,23.38,2026-10-03T20:59:58.489Z
sensor.thread_bmp180_teplomer_teplota,23.37,2026-10-03T21:00:28.486Z
sensor.thread_bmp180_teplomer_teplota,23.38,2026-10-03T21:00:58.488Z
sensor.thread_bmp180_teplomer_teplota,23.39,2026-10-03T21:01:58.486Z
sensor.thread_bmp180_teplomer_teplota,23.4,2026-10-03T21:04:00.317Z
sensor.thread_bmp180_teplomer_teplota,23.39,2026-10-03T21:05:30.313Z
sensor.thread_bmp180_teplomer_teplota,23.41,2026-10-03T21:06:00.314Z
sensor.thread_bmp180_teplomer_teplota,23.42,2026-10-03T21:06:30.314Z
sensor.thread_bmp180_teplomer_teplota,23.41,2026-10-03T21:07:00.316Z
sensor.thread_bmp180_teplomer_teplota,23.4,2026-10-03T21:07:30.315Z
sensor.thread_bmp180_teplomer_teplota,23.42,2026-10-03T21:08:30.314Z
sensor.thread_bmp180_teplomer_teplota,23.43,2026-10-03T21:09:30.314Z
sensor.thread_bmp180_teplomer_teplota,23.44,2026-10-03T21:13:00.312Z
sensor.thread_bmp180_teplomer_teplota,23.45,2026-10-03T21:13:30.322Z
sensor.thread_bmp180_teplomer_teplota,23.44,2026-10-03T21:14:30.313Z
sensor.thread_bmp180_teplomer_teplota,23.45,2026-10-03T21:15:00.314Z
sensor.thread_bmp180_teplomer_teplota,23.47,2026-10-03T21:16:00.315Z
sensor.thread_bmp180_teplomer_teplota,23.46,2026-10-03T21:17:00.312Z
sensor.thread_bmp180_teplomer_teplota,23.47,2026-10-03T21:19:20.499Z
sensor.thread_bmp180_teplomer_teplota,23.48,2026-10-03T21:20:59.881Z
sensor.thread_bmp180_teplomer_teplota,23.49,2026-10-03T21:21:29.879Z
sensor.thread_bmp180_teplomer_teplota,23.5,2026-10-03T21:22:29.879Z
sensor.thread_bmp180_teplomer_teplota,23.49,2026-10-03T21:22:59.878Z
sensor.thread_bmp180_teplomer_teplota,23.5,2026-10-03T21:23:59.880Z
sensor.thread_bmp180_teplomer_teplota,23.51,2026-10-03T21:24:59.878Z
sensor.thread_bmp180_teplomer_teplota,23.52,2026-10-03T21:25:29.879Z
sensor.thread_bmp180_teplomer_teplota,23.54,2026-10-03T21:28:29.879Z
sensor.thread_bmp180_teplomer_teplota,23.53,2026-10-03T21:28:59.878Z
sensor.thread_bmp180_teplomer_teplota,23.54,2026-10-03T21:29:29.879Z
sensor.thread_bmp180_teplomer_teplota,23.53,2026-10-03T21:30:59.878Z
sensor.thread_bmp180_teplomer_teplota,23.54,2026-10-03T21:31:29.880Z
sensor.thread_bmp180_teplomer_teplota,23.56,2026-10-03T21:33:49.871Z
sensor.thread_bmp180_teplomer_teplota,23.55,2026-10-03T21:34:00.825Z
sensor.thread_bmp180_teplomer_teplota,23.56,2026-10-03T21:34:30.828Z
sensor.thread_bmp180_teplomer_teplota,23.57,2026-10-03T21:35:00.826Z
sensor.thread_bmp180_teplomer_teplota,23.55,2026-10-03T21:36:00.826Z
sensor.thread_bmp180_teplomer_teplota,23.58,2026-10-03T21:36:30.826Z
sensor.thread_bmp180_teplomer_teplota,23.57,2026-10-03T21:37:00.828Z
sensor.thread_bmp180_teplomer_teplota,23.59,2026-10-03T21:39:00.826Z
sensor.thread_bmp180_teplomer_teplota,23.6,2026-10-03T21:41:00.825Z
sensor.thread_bmp180_teplomer_teplota,23.62,2026-10-03T21:42:30.826Z
sensor.thread_bmp180_teplomer_teplota,23.63,2026-10-03T21:43:30.825Z
sensor.thread_bmp180_teplomer_teplota,23.64,2026-10-03T21:44:00.827Z
sensor.thread_bmp180_teplomer_teplota,23.63,2026-10-03T21:44:30.825Z
sensor.thread_bmp180_teplomer_teplota,23.62,2026-10-03T21:45:30.825Z
sensor.thread_bmp180_teplomer_teplota,23.63,2026-10-03T21:46:00.827Z
sensor.thread_bmp180_teplomer_teplota,23.64,2026-10-03T21:46:30.826Z
sensor.thread_bmp180_teplomer_teplota,unknown,2026-10-03T21:47:31.785Z
sensor.thread_bmp180_teplomer_teplota,23.65,2026-10-03T21:47:32.917Z
sensor.thread_bmp180_teplomer_teplota,23.64,2026-10-03T21:48:02.140Z
sensor.thread_bmp180_teplomer_teplota,23.65,2026-10-03T21:48:32.139Z
sensor.thread_bmp180_teplomer_teplota,23.64,2026-10-03T21:49:02.139Z
sensor.thread_bmp180_teplomer_teplota,23.65,2026-10-03T21:49:32.139Z
sensor.thread_bmp180_teplomer_teplota,23.67,2026-10-03T21:54:02.139Z
sensor.thread_bmp180_teplomer_teplota,23.65,2026-10-03T21:55:02.138Z
sensor.thread_bmp180_teplomer_teplota,23.67,2026-10-03T21:55:32.140Z
sensor.thread_bmp180_teplomer_teplota,23.69,2026-10-03T21:57:02.139Z
sensor.thread_bmp180_teplomer_teplota,23.67,2026-10-03T21:57:32.140Z
sensor.thread_bmp180_teplomer_teplota,23.68,2026-10-03T21:58:02.138Z
sensor.thread_bmp180_teplomer_teplota,23.69,2026-10-03T21:59:02.139Z
sensor.thread_bmp180_teplomer_teplota,23.7,2026-10-03T22:00:02.138Z
sensor.thread_bmp180_teplomer_teplota,23.69,2026-10-03T22:03:33.994Z
sensor.thread_bmp180_teplomer_teplota,23.68,2026-10-03T22:05:33.995Z
sensor.thread_bmp180_teplomer_teplota,23.69,2026-10-03T22:06:03.995Z
sensor.thread_bmp180_teplomer_teplota,23.68,2026-10-03T22:06:33.994Z
sensor.thread_bmp180_teplomer_teplota,23.67,2026-10-03T22:09:03.994Z
sensor.thread_bmp180_teplomer_teplota,23.65,2026-10-03T22:10:03.993Z
sensor.thread_bmp180_teplomer_teplota,23.68,2026-10-03T22:10:33.994Z
sensor.thread_bmp180_teplomer_teplota,23.67,2026-10-03T22:11:03.994Z
sensor.thread_bmp180_teplomer_teplota,23.65,2026-10-03T22:12:03.994Z
sensor.thread_bmp180_teplomer_teplota,23.67,2026-10-03T22:12:33.995Z
sensor.thread_bmp180_teplomer_teplota,23.68,2026-10-03T22:13:33.994Z
sensor.thread_bmp180_teplomer_teplota,23.67,2026-10-03T22:14:03.994Z
sensor.thread_bmp180_teplomer_teplota,23.68,2026-10-03T22:15:33.993Z
sensor.thread_bmp180_teplomer_teplota,23.67,2026-10-03T22:16:03.995Z
sensor.thread_bmp180_teplomer_teplota,23.65,2026-10-03T22:17:03.994Z
sensor.thread_bmp180_teplomer_teplota,23.64,2026-10-03T22:17:40.189Z
sensor.thread_bmp180_teplomer_teplota,23.6,2026-10-03T22:18:02.538Z
sensor.thread_bmp180_teplomer_teplota,23.62,2026-10-03T22:18:32.535Z
sensor.thread_bmp180_teplomer_teplota,23.63,2026-10-03T22:19:02.537Z
sensor.thread_bmp180_teplomer_teplota,23.65,2026-10-03T22:20:02.536Z
sensor.thread_bmp180_teplomer_teplota,23.66,2026-10-03T22:20:32.546Z
sensor.thread_bmp180_teplomer_teplota,23.67,2026-10-03T22:21:02.537Z
sensor.thread_bmp180_teplomer_teplota,23.65,2026-10-03T22:21:32.536Z
sensor.thread_bmp180_teplomer_teplota,23.67,2026-10-03T22:22:02.535Z
sensor.thread_bmp180_teplomer_teplota,23.68,2026-10-03T22:22:32.536Z
sensor.thread_bmp180_teplomer_teplota,23.67,2026-10-03T22:23:02.535Z
sensor.thread_bmp180_teplomer_teplota,23.66,2026-10-03T22:24:02.537Z
sensor.thread_bmp180_teplomer_teplota,23.65,2026-10-03T22:24:32.554Z
sensor.thread_bmp180_teplomer_teplota,23.67,2026-10-03T22:25:32.535Z
sensor.thread_bmp180_teplomer_teplota,23.66,2026-10-03T22:26:32.536Z
sensor.thread_bmp180_teplomer_teplota,23.67,2026-10-03T22:27:02.536Z
sensor.thread_bmp180_teplomer_teplota,23.68,2026-10-03T22:28:32.535Z
sensor.thread_bmp180_teplomer_teplota,23.66,2026-10-03T22:29:02.545Z
sensor.thread_bmp180_teplomer_teplota,23.67,2026-10-03T22:29:32.534Z
sensor.thread_bmp180_teplomer_teplota,23.68,2026-10-03T22:30:02.537Z
sensor.thread_bmp180_teplomer_teplota,23.67,2026-10-03T22:30:32.535Z
sensor.thread_bmp180_teplomer_teplota,23.65,2026-10-03T22:32:02.535Z
sensor.thread_bmp180_teplomer_teplota,23.67,2026-10-03T22:33:06.948Z
sensor.thread_bmp180_teplomer_teplota,23.66,2026-10-03T22:33:36.947Z
sensor.thread_bmp180_teplomer_teplota,23.65,2026-10-03T22:34:06.948Z
sensor.thread_bmp180_teplomer_teplota,23.66,2026-10-03T22:34:36.946Z
sensor.thread_bmp180_teplomer_teplota,23.67,2026-10-03T22:35:06.946Z
sensor.thread_bmp180_teplomer_teplota,23.65,2026-10-03T22:37:06.954Z
sensor.thread_bmp180_teplomer_teplota,23.64,2026-10-03T22:38:06.956Z
sensor.thread_bmp180_teplomer_teplota,23.65,2026-10-03T22:38:36.947Z
sensor.thread_bmp180_teplomer_teplota,23.66,2026-10-03T22:40:36.948Z
sensor.thread_bmp180_teplomer_teplota,23.65,2026-10-03T22:41:06.946Z
sensor.thread_bmp180_teplomer_teplota,23.67,2026-10-03T22:41:36.972Z
sensor.thread_bmp180_teplomer_teplota,23.65,2026-10-03T22:42:06.948Z
sensor.thread_bmp180_teplomer_teplota,23.64,2026-10-03T22:43:36.948Z
sensor.thread_bmp180_teplomer_teplota,23.66,2026-10-03T22:44:06.947Z
sensor.thread_bmp180_teplomer_teplota,23.65,2026-10-03T22:44:36.946Z
sensor.thread_bmp180_teplomer_teplota,23.64,2026-10-03T22:45:36.947Z
sensor.thread_bmp180_teplomer_teplota,23.65,2026-10-03T22:47:06.947Z
sensor.thread_bmp180_teplomer_teplota,23.66,2026-10-03T22:49:27.793Z
sensor.thread_bmp180_teplomer_teplota,23.65,2026-10-03T22:49:36.443Z
sensor.thread_bmp180_teplomer_teplota,23.64,2026-10-03T22:50:06.442Z
sensor.thread_bmp180_teplomer_teplota,23.65,2026-10-03T22:50:36.442Z
sensor.thread_bmp180_teplomer_teplota,23.64,2026-10-03T22:51:36.440Z
sensor.thread_bmp180_teplomer_teplota,23.65,2026-10-03T22:52:06.449Z
sensor.thread_bmp180_teplomer_teplota,23.67,2026-10-03T22:52:36.442Z
sensor.thread_bmp180_teplomer_teplota,23.65,2026-10-03T22:53:36.441Z
sensor.thread_bmp180_teplomer_teplota,23.64,2026-10-03T22:54:36.440Z
sensor.thread_bmp180_teplomer_teplota,23.65,2026-10-03T22:58:36.439Z
sensor.thread_bmp180_teplomer_teplota,23.64,2026-10-03T22:59:06.441Z
sensor.thread_bmp180_teplomer_teplota,23.63,2026-10-03T23:00:06.448Z
sensor.thread_bmp180_teplomer_teplota,23.64,2026-10-03T23:00:36.439Z
sensor.thread_bmp180_teplomer_teplota,23.63,2026-10-03T23:01:06.441Z
sensor.thread_bmp180_teplomer_teplota,23.64,2026-10-03T23:01:36.442Z
sensor.thread_bmp180_teplomer_teplota,23.62,2026-10-03T23:03:56.681Z
sensor.thread_bmp180_teplomer_teplota,23.64,2026-10-03T23:04:37.271Z
sensor.thread_bmp180_teplomer_teplota,23.62,2026-10-03T23:05:07.269Z
sensor.thread_bmp180_teplomer_teplota,23.6,2026-10-03T23:06:37.270Z
sensor.thread_bmp180_teplomer_teplota,23.62,2026-10-03T23:07:07.269Z
sensor.thread_bmp180_teplomer_teplota,23.6,2026-10-03T23:08:07.269Z
sensor.thread_bmp180_teplomer_teplota,23.61,2026-10-03T23:08:37.278Z
sensor.thread_bmp180_teplomer_teplota,23.62,2026-10-03T23:09:07.271Z
sensor.thread_bmp180_teplomer_teplota,23.63,2026-10-03T23:12:07.272Z
sensor.thread_bmp180_teplomer_teplota,23.64,2026-10-03T23:13:07.269Z
sensor.thread_bmp180_teplomer_teplota,23.63,2026-10-03T23:13:37.269Z
sensor.thread_bmp180_teplomer_teplota,23.62,2026-10-03T23:14:37.270Z
sensor.thread_bmp180_teplomer_teplota,23.63,2026-10-03T23:15:07.280Z
sensor.thread_bmp180_teplomer_teplota,23.62,2026-10-03T23:16:07.269Z
sensor.thread_bmp180_teplomer_teplota,23.63,2026-10-03T23:18:38.719Z
sensor.thread_bmp180_teplomer_teplota,23.62,2026-10-03T23:19:38.717Z
sensor.thread_bmp180_teplomer_teplota,23.64,2026-10-03T23:20:38.717Z
sensor.thread_bmp180_teplomer_teplota,23.63,2026-10-03T23:21:08.717Z
sensor.thread_bmp180_teplomer_teplota,23.62,2026-10-03T23:22:08.718Z
sensor.thread_bmp180_teplomer_teplota,23.63,2026-10-03T23:22:38.718Z
sensor.thread_bmp180_teplomer_teplota,23.64,2026-10-03T23:23:08.717Z
sensor.thread_bmp180_teplomer_teplota,23.63,2026-10-03T23:23:38.717Z
sensor.thread_bmp180_teplomer_teplota,23.62,2026-10-03T23:24:08.719Z
sensor.thread_bmp180_teplomer_teplota,23.63,2026-10-03T23:24:38.717Z
sensor.thread_bmp180_teplomer_teplota,23.62,2026-10-03T23:25:38.716Z
sensor.thread_bmp180_teplomer_teplota,23.64,2026-10-03T23:26:38.717Z
sensor.thread_bmp180_teplomer_teplota,23.62,2026-10-03T23:27:08.716Z
sensor.thread_bmp180_teplomer_teplota,23.64,2026-10-03T23:27:38.718Z
sensor.thread_bmp180_teplomer_teplota,23.63,2026-10-03T23:28:38.719Z
sensor.thread_bmp180_teplomer_teplota,23.65,2026-10-03T23:29:08.718Z
sensor.thread_bmp180_teplomer_teplota,23.64,2026-10-03T23:29:38.718Z
sensor.thread_bmp180_teplomer_teplota,23.63,2026-10-03T23:30:38.718Z
sensor.thread_bmp180_teplomer_teplota,23.62,2026-10-03T23:31:08.718Z
sensor.thread_bmp180_teplomer_teplota,23.64,2026-10-03T23:31:38.716Z
sensor.thread_bmp180_teplomer_teplota,23.63,2026-10-03T23:32:08.719Z
sensor.thread_bmp180_teplomer_teplota,23.6,2026-10-03T23:34:29.122Z
sensor.thread_bmp180_teplomer_teplota,23.62,2026-10-03T23:34:36.484Z
sensor.thread_bmp180_teplomer_teplota,23.63,2026-10-03T23:35:06.484Z
sensor.thread_bmp180_teplomer_teplota,23.62,2026-10-03T23:35:36.485Z
sensor.thread_bmp180_teplomer_teplota,23.63,2026-10-03T23:36:06.484Z
sensor.thread_bmp180_teplomer_teplota,23.64,2026-10-03T23:36:36.485Z
sensor.thread_bmp180_teplomer_teplota,23.63,2026-10-03T23:37:36.483Z
sensor.thread_bmp180_teplomer_teplota,23.65,2026-10-03T23:38:06.484Z
sensor.thread_bmp180_teplomer_teplota,23.63,2026-10-03T23:38:36.483Z
sensor.thread_bmp180_teplomer_teplota,23.62,2026-10-03T23:39:36.485Z
sensor.thread_bmp180_teplomer_teplota,23.63,2026-10-03T23:40:06.486Z
sensor.thread_bmp180_teplomer_teplota,23.62,2026-10-03T23:40:36.484Z
sensor.thread_bmp180_teplomer_teplota,23.64,2026-10-03T23:41:06.484Z
sensor.thread_bmp180_teplomer_teplota,23.63,2026-10-03T23:41:36.483Z
sensor.thread_bmp180_teplomer_teplota,23.62,2026-10-03T23:42:36.484Z
sensor.thread_bmp180_teplomer_teplota,23.63,2026-10-03T23:44:36.483Z
sensor.thread_bmp180_teplomer_teplota,23.62,2026-10-03T23:45:06.485Z
sensor.thread_bmp180_teplomer_teplota,23.64,2026-10-03T23:45:36.485Z
sensor.thread_bmp180_teplomer_teplota,23.63,2026-10-03T23:46:06.484Z
sensor.thread_bmp180_teplomer_teplota,23.62,2026-10-03T23:46:36.485Z
sensor.thread_bmp180_teplomer_teplota,23.64,2026-10-03T23:47:45.041Z
sensor.thread_bmp180_teplomer_teplota,23.63,2026-10-03T23:48:11.115Z
sensor.thread_bmp180_teplomer_teplota,23.62,2026-10-03T23:49:41.116Z
sensor.thread_bmp180_teplomer_teplota,23.61,2026-10-03T23:50:41.118Z
sensor.thread_bmp180_teplomer_teplota,23.63,2026-10-03T23:51:11.116Z
sensor.thread_bmp180_teplomer_teplota,23.62,2026-10-03T23:51:41.118Z
sensor.thread_bmp180_teplomer_teplota,23.6,2026-10-03T23:52:41.116Z
sensor.thread_bmp180_teplomer_teplota,23.62,2026-10-03T23:54:11.116Z
sensor.thread_bmp180_teplomer_teplota,23.61,2026-10-03T23:55:41.117Z
sensor.thread_bmp180_teplomer_teplota,23.62,2026-10-03T23:56:11.116Z
sensor.thread_bmp180_teplomer_teplota,23.6,2026-10-03T23:56:41.118Z
sensor.thread_bmp180_teplomer_teplota,23.62,2026-10-03T23:58:11.116Z
sensor.thread_bmp180_teplomer_teplota,23.61,2026-10-03T23:59:41.117Z
sensor.thread_bmp180_teplomer_teplota,23.62,2026-10-04T00:00:11.118Z
sensor.thread_bmp180_teplomer_teplota,23.6,2026-10-04T00:00:41.115Z
sensor.thread_bmp180_teplomer_teplota,23.61,2026-10-04T00:01:11.116Z
sensor.thread_bmp180_teplomer_teplota,23.6,2026-10-04T00:01:41.115Z
sensor.thread_bmp180_teplomer_teplota,23.61,2026-10-04T00:04:01.293Z
sensor.thread_bmp180_teplomer_teplota,23.59,2026-10-04T00:04:12.575Z
sensor.thread_bmp180_teplomer_teplota,23.6,2026-10-04T00:04:42.574Z
sensor.thread_bmp180_teplomer_teplota,23.59,2026-10-04T00:05:42.574Z
sensor.thread_bmp180_teplomer_teplota,23.58,2026-10-04T00:08:42.573Z
sensor.thread_bmp180_teplomer_teplota,23.57,2026-10-04T00:09:12.573Z
sensor.thread_bmp180_teplomer_teplota,23.59,2026-10-04T00:09:42.572Z
sensor.thread_bmp180_teplomer_teplota,23.58,2026-10-04T00:12:42.572Z
sensor.thread_bmp180_teplomer_teplota,23.59,2026-10-04T00:13:12.574Z
sensor.thread_bmp180_teplomer_teplota,23.58,2026-10-04T00:17:12.572Z
sensor.thread_bmp180_teplomer_teplota,23.59,2026-10-04T00:19:32.818Z
sensor.thread_bmp180_teplomer_teplota,23.58,2026-10-04T00:19:39.253Z
sensor.thread_bmp180_teplomer_teplota,23.59,2026-10-04T00:20:39.251Z
sensor.thread_bmp180_teplomer_teplota,23.58,2026-10-04T00:21:09.253Z
sensor.thread_bmp180_teplomer_teplota,23.57,2026-10-04T00:23:09.251Z
sensor.thread_bmp180_teplomer_teplota,23.58,2026-10-04T00:24:09.252Z
sensor.thread_bmp180_teplomer_teplota,23.57,2026-10-04T00:25:09.252Z
sensor.thread_bmp180_teplomer_teplota,23.58,2026-10-04T00:26:09.250Z
sensor.thread_bmp180_teplomer_teplota,23.56,2026-10-04T00:26:39.250Z
sensor.thread_bmp180_teplomer_teplota,23.57,2026-10-04T00:27:09.253Z
sensor.thread_bmp180_teplomer_teplota,23.59,2026-10-04T00:28:09.252Z
sensor.thread_bmp180_teplomer_teplota,23.58,2026-10-04T00:28:39.251Z
sensor.thread_bmp180_teplomer_teplota,23.6,2026-10-04T00:29:09.252Z
sensor.thread_bmp180_teplomer_teplota,23.59,2026-10-04T00:29:39.252Z
sensor.thread_bmp180_teplomer_teplota,23.57,2026-10-04T00:31:39.251Z
sensor.thread_bmp180_teplomer_teplota,23.55,2026-10-04T00:34:00.024Z
sensor.thread_bmp180_teplomer_teplota,23.57,2026-10-04T00:34:10.104Z
sensor.thread_bmp180_teplomer_teplota,23.54,2026-10-04T00:35:10.105Z
sensor.thread_bmp180_teplomer_teplota,23.55,2026-10-04T00:35:40.103Z
sensor.thread_bmp180_teplomer_teplota,23.57,2026-10-04T00:37:10.102Z
sensor.thread_bmp180_teplomer_teplota,23.56,2026-10-04T00:37:40.105Z
sensor.thread_bmp180_teplomer_teplota,23.55,2026-10-04T00:38:10.105Z
sensor.thread_bmp180_teplomer_teplota,23.56,2026-10-04T00:39:10.104Z
sensor.thread_bmp180_teplomer_teplota,23.55,2026-10-04T00:39:40.102Z
sensor.thread_bmp180_teplomer_teplota,23.56,2026-10-04T00:40:40.103Z
sensor.thread_bmp180_teplomer_teplota,23.55,2026-10-04T00:41:10.103Z
sensor.thread_bmp180_teplomer_teplota,23.54,2026-10-04T00:43:40.104Z
sensor.thread_bmp180_teplomer_teplota,23.55,2026-10-04T00:44:10.102Z
sensor.thread_bmp180_teplomer_teplota,23.54,2026-10-04T00:45:10.105Z
sensor.thread_bmp180_teplomer_teplota,23.55,2026-10-04T00:45:40.104Z
sensor.thread_bmp180_teplomer_teplota,23.56,2026-10-04T00:48:42.659Z
sensor.thread_bmp180_teplomer_teplota,23.55,2026-10-04T00:49:12.659Z
sensor.thread_bmp180_teplomer_teplota,23.57,2026-10-04T00:49:42.659Z
sensor.thread_bmp180_teplomer_teplota,23.55,2026-10-04T00:50:42.660Z
sensor.thread_bmp180_teplomer_teplota,23.56,2026-10-04T00:52:12.658Z
sensor.thread_bmp180_teplomer_teplota,23.58,2026-10-04T00:52:42.660Z
sensor.thread_bmp180_teplomer_teplota,23.56,2026-10-04T00:53:12.658Z
sensor.thread_bmp180_teplomer_teplota,23.57,2026-10-04T00:53:42.660Z
sensor.thread_bmp180_teplomer_teplota,23.55,2026-10-04T00:55:12.660Z
sensor.thread_bmp180_teplomer_teplota,23.54,2026-10-04T00:55:42.659Z
sensor.thread_bmp180_teplomer_teplota,23.57,2026-10-04T00:56:12.658Z
sensor.thread_bmp180_teplomer_teplota,23.54,2026-10-04T00:56:42.658Z
sensor.thread_bmp180_teplomer_teplota,23.55,2026-10-04T00:57:12.659Z
sensor.thread_bmp180_teplomer_teplota,23.54,2026-10-04T01:00:12.657Z
sensor.thread_bmp180_teplomer_teplota,23.53,2026-10-04T01:01:12.658Z
sensor.thread_bmp180_teplomer_teplota,23.54,2026-10-04T01:01:42.658Z
sensor.thread_bmp180_teplomer_teplota,23.52,2026-10-04T01:02:12.659Z
sensor.thread_bmp180_teplomer_teplota,23.54,2026-10-04T01:04:33.156Z
sensor.thread_bmp180_teplomer_teplota,23.53,2026-10-04T01:04:44.472Z
sensor.thread_bmp180_teplomer_teplota,23.54,2026-10-04T01:05:44.472Z
sensor.thread_bmp180_teplomer_teplota,23.52,2026-10-04T01:06:14.472Z
sensor.thread_bmp180_teplomer_teplota,23.54,2026-10-04T01:06:44.470Z
sensor.thread_bmp180_teplomer_teplota,23.53,2026-10-04T01:08:44.470Z
sensor.thread_bmp180_teplomer_teplota,23.54,2026-10-04T01:10:14.470Z
sensor.thread_bmp180_teplomer_teplota,23.55,2026-10-04T01:10:44.471Z
sensor.thread_bmp180_teplomer_teplota,23.57,2026-10-04T01:12:14.471Z
sensor.thread_bmp180_teplomer_teplota,23.56,2026-10-04T01:13:14.470Z
sensor.thread_bmp180_teplomer_teplota,23.57,2026-10-04T01:13:44.470Z
sensor.thread_bmp180_teplomer_teplota,23.55,2026-10-04T01:14:14.472Z
sensor.thread_bmp180_teplomer_teplota,23.54,2026-10-04T01:15:14.470Z
sensor.thread_bmp180_teplomer_teplota,23.55,2026-10-04T01:15:44.471Z
sensor.thread_bmp180_teplomer_teplota,23.57,2026-10-04T01:16:14.472Z
sensor.thread_bmp180_teplomer_teplota,23.59,2026-10-04T01:16:44.470Z
sensor.thread_bmp180_teplomer_teplota,23.57,2026-10-04T01:17:14.470Z
sensor.thread_bmp180_teplomer_teplota,23.58,2026-10-04T01:19:35.099Z
sensor.thread_bmp180_teplomer_teplota,23.57,2026-10-04T01:20:13.137Z
sensor.thread_bmp180_teplomer_teplota,23.56,2026-10-04T01:20:43.138Z
sensor.thread_bmp180_teplomer_teplota,23.57,2026-10-04T01:21:13.138Z
sensor.thread_bmp180_teplomer_teplota,23.56,2026-10-04T01:21:43.138Z
sensor.thread_bmp180_teplomer_teplota,23.57,2026-10-04T01:22:13.137Z
sensor.thread_bmp180_teplomer_teplota,23.55,2026-10-04T01:23:13.138Z
sensor.thread_bmp180_teplomer_teplota,23.57,2026-10-04T01:23:43.137Z
sensor.thread_bmp180_teplomer_teplota,23.59,2026-10-04T01:27:13.136Z
sensor.thread_bmp180_teplomer_teplota,23.57,2026-10-04T01:27:43.138Z
sensor.thread_bmp180_teplomer_teplota,23.58,2026-10-04T01:28:13.136Z
sensor.thread_bmp180_teplomer_teplota,23.59,2026-10-04T01:28:43.135Z
sensor.thread_bmp180_teplomer_teplota,23.57,2026-10-04T01:30:13.136Z
sensor.thread_bmp180_teplomer_teplota,23.55,2026-10-04T01:31:43.137Z
sensor.thread_bmp180_teplomer_teplota,23.57,2026-10-04T01:32:13.136Z
sensor.thread_bmp180_teplomer_teplota,unknown,2026-10-04T01:32:43.897Z
sensor.thread_bmp180_teplomer_teplota,23.55,2026-10-04T01:32:47.190Z
sensor.thread_bmp180_teplomer_teplota,23.56,2026-10-04T01:35:17.188Z
sensor.thread_bmp180_teplomer_teplota,23.57,2026-10-04T01:35:47.189Z
sensor.thread_bmp180_teplomer_teplota,23.55,2026-10-04T01:36:47.190Z
sensor.thread_bmp180_teplomer_teplota,23.57,2026-10-04T01:37:17.189Z
sensor.thread_bmp180_teplomer_teplota,23.58,2026-10-04T01:37:47.189Z
sensor.thread_bmp180_teplomer_teplota,23.57,2026-10-04T01:38:17.190Z
sensor.thread_bmp180_teplomer_teplota,23.56,2026-10-04T01:38:47.190Z
sensor.thread_bmp180_teplomer_teplota,23.57,2026-10-04T01:39:17.190Z
sensor.thread_bmp180_teplomer_teplota,23.54,2026-10-04T01:39:47.189Z
sensor.thread_bmp180_teplomer_teplota,23.55,2026-10-04T01:40:17.189Z
sensor.thread_bmp180_teplomer_teplota,23.57,2026-10-04T01:41:17.191Z
sensor.thread_bmp180_teplomer_teplota,23.55,2026-10-04T01:42:17.193Z
sensor.thread_bmp180_teplomer_teplota,23.54,2026-10-04T01:42:47.192Z
sensor.thread_bmp180_teplomer_teplota,23.55,2026-10-04T01:43:47.192Z
sensor.thread_bmp180_teplomer_teplota,23.53,2026-10-04T01:44:17.191Z
sensor.thread_bmp180_teplomer_teplota,23.54,2026-10-04T01:44:47.191Z
sensor.thread_bmp180_teplomer_teplota,23.53,2026-10-04T01:45:17.192Z
sensor.thread_bmp180_teplomer_teplota,23.52,2026-10-04T01:46:47.191Z
sensor.thread_bmp180_teplomer_teplota,23.54,2026-10-04T01:49:07.965Z
sensor.thread_bmp180_teplomer_teplota,23.53,2026-10-04T01:49:47.974Z
sensor.thread_bmp180_teplomer_teplota,23.54,2026-10-04T01:50:17.977Z
sensor.thread_bmp180_teplomer_teplota,23.52,2026-10-04T01:50:47.976Z
sensor.thread_bmp180_teplomer_teplota,23.54,2026-10-04T01:51:17.975Z
sensor.thread_bmp180_teplomer_teplota,23.53,2026-10-04T01:51:47.976Z
sensor.thread_bmp180_teplomer_teplota,23.54,2026-10-04T01:52:17.975Z
sensor.thread_bmp180_teplomer_teplota,23.55,2026-10-04T01:53:17.975Z
sensor.thread_bmp180_teplomer_teplota,23.54,2026-10-04T01:54:47.975Z
sensor.thread_bmp180_teplomer_teplota,23.55,2026-10-04T01:55:47.976Z
sensor.thread_bmp180_teplomer_teplota,23.56,2026-10-04T01:56:47.976Z
sensor.thread_bmp180_teplomer_teplota,23.54,2026-10-04T01:57:17.976Z
sensor.thread_bmp180_teplomer_teplota,23.53,2026-10-04T01:57:47.976Z
sensor.thread_bmp180_teplomer_teplota,23.54,2026-10-04T01:58:17.975Z
sensor.thread_bmp180_teplomer_teplota,23.53,2026-10-04T01:58:47.976Z
sensor.thread_bmp180_teplomer_teplota,23.54,2026-10-04T01:59:17.976Z
sensor.thread_bmp180_teplomer_teplota,23.55,2026-10-04T02:00:47.974Z
sensor.thread_bmp180_teplomer_teplota,23.54,2026-10-04T02:01:47.976Z
sensor.thread_bmp180_teplomer_teplota,23.55,2026-10-04T02:02:17.976Z
sensor.thread_bmp180_teplomer_teplota,23.56,2026-10-04T02:02:54.001Z
sensor.thread_bmp180_teplomer_teplota,23.54,2026-10-04T02:03:14.499Z
sensor.thread_bmp180_teplomer_teplota,23.55,2026-10-04T02:03:44.499Z
sensor.thread_bmp180_teplomer_teplota,23.53,2026-10-04T02:04:14.499Z
sensor.thread_bmp180_teplomer_teplota,23.54,2026-10-04T02:04:44.500Z
sensor.thread_bmp180_teplomer_teplota,23.55,2026-10-04T02:05:14.500Z
sensor.thread_bmp180_teplomer_teplota,23.54,2026-10-04T02:06:14.498Z
sensor.thread_bmp180_teplomer_teplota,23.55,2026-10-04T02:06:44.500Z
sensor.thread_bmp180_teplomer_teplota,23.53,2026-10-04T02:07:44.498Z
sensor.thread_bmp180_teplomer_teplota,23.55,2026-10-04T02:08:14.498Z
sensor.thread_bmp180_teplomer_teplota,23.57,2026-10-04T02:09:44.500Z
sensor.thread_bmp180_teplomer_teplota,23.55,2026-10-04T02:10:14.500Z
sensor.thread_bmp180_teplomer_teplota,23.57,2026-10-04T02:10:44.499Z
sensor.thread_bmp180_teplomer_teplota,23.55,2026-10-04T02:11:14.499Z
sensor.thread_bmp180_teplomer_teplota,23.57,2026-10-04T02:11:44.500Z
sensor.thread_bmp180_teplomer_teplota,23.54,2026-10-04T02:12:14.499Z
sensor.thread_bmp180_teplomer_teplota,23.55,2026-10-04T02:12:44.501Z
sensor.thread_bmp180_teplomer_teplota,23.54,2026-10-04T02:13:14.501Z
sensor.thread_bmp180_teplomer_teplota,23.55,2026-10-04T02:13:44.501Z
sensor.thread_bmp180_teplomer_teplota,23.56,2026-10-04T02:14:14.501Z
sensor.thread_bmp180_teplomer_teplota,23.55,2026-10-04T02:14:44.501Z
sensor.thread_bmp180_teplomer_teplota,23.57,2026-10-04T02:17:54.382Z
sensor.thread_bmp180_teplomer_teplota,23.55,2026-10-04T02:18:15.305Z
sensor.thread_bmp180_teplomer_teplota,23.57,2026-10-04T02:20:15.307Z
sensor.thread_bmp180_teplomer_teplota,23.58,2026-10-04T02:21:15.304Z
sensor.thread_bmp180_teplomer_teplota,23.57,2026-10-04T02:21:45.306Z
sensor.thread_bmp180_teplomer_teplota,23.55,2026-10-04T02:22:45.306Z
sensor.thread_bmp180_teplomer_teplota,23.57,2026-10-04T02:23:15.306Z
sensor.thread_bmp180_teplomer_teplota,23.56,2026-10-04T02:24:15.307Z
sensor.thread_bmp180_teplomer_teplota,23.58,2026-10-04T02:24:45.306Z
sensor.thread_bmp180_teplomer_teplota,23.57,2026-10-04T02:25:45.304Z
sensor.thread_bmp180_teplomer_teplota,23.59,2026-10-04T02:26:15.308Z
sensor.thread_bmp180_teplomer_teplota,23.57,2026-10-04T02:27:15.307Z
sensor.thread_bmp180_teplomer_teplota,23.58,2026-10-04T02:27:45.305Z
sensor.thread_bmp180_teplomer_teplota,23.57,2026-10-04T02:28:15.305Z
sensor.thread_bmp180_teplomer_teplota,23.55,2026-10-04T02:32:15.307Z
sensor.thread_bmp180_teplomer_teplota,23.54,2026-10-04T02:34:49.958Z
sensor.thread_bmp180_teplomer_teplota,23.56,2026-10-04T02:35:19.959Z
sensor.thread_bmp180_teplomer_teplota,23.57,2026-10-04T02:35:49.959Z
sensor.thread_bmp180_teplomer_teplota,23.55,2026-10-04T02:36:19.958Z
sensor.thread_bmp180_teplomer_teplota,23.57,2026-10-04T02:37:49.957Z
sensor.thread_bmp180_teplomer_teplota,23.55,2026-10-04T02:38:19.957Z
sensor.thread_bmp180_teplomer_teplota,23.57,2026-10-04T02:38:49.958Z
sensor.thread_bmp180_teplomer_teplota,23.55,2026-10-04T02:39:19.959Z
sensor.thread_bmp180_teplomer_teplota,23.56,2026-10-04T02:43:19.960Z
sensor.thread_bmp180_teplomer_teplota,23.55,2026-10-04T02:43:49.958Z
sensor.thread_bmp180_teplomer_teplota,23.57,2026-10-04T02:45:49.957Z
sensor.thread_bmp180_teplomer_teplota,23.54,2026-10-04T02:46:19.958Z
sensor.thread_bmp180_teplomer_teplota,23.55,2026-10-04T02:46:49.957Z
sensor.thread_bmp180_teplomer_teplota,23.54,2026-10-04T02:49:10.321Z
sensor.thread_bmp180_teplomer_teplota,23.57,2026-10-04T02:49:18.381Z
sensor.thread_bmp180_teplomer_teplota,23.55,2026-10-04T02:49:48.381Z
sensor.thread_bmp180_teplomer_teplota,23.57,2026-10-04T02:50:18.380Z
sensor.thread_bmp180_teplomer_teplota,23.55,2026-10-04T02:50:48.379Z
sensor.thread_bmp180_teplomer_teplota,23.57,2026-10-04T02:51:48.380Z
sensor.thread_bmp180_teplomer_teplota,23.55,2026-10-04T02:52:18.380Z
sensor.thread_bmp180_teplomer_teplota,23.57,2026-10-04T02:52:48.379Z
sensor.thread_bmp180_teplomer_teplota,23.56,2026-10-04T02:53:18.379Z
sensor.thread_bmp180_teplomer_teplota,23.55,2026-10-04T02:53:48.380Z
sensor.thread_bmp180_teplomer_teplota,23.57,2026-10-04T02:54:48.381Z
sensor.thread_bmp180_teplomer_teplota,23.56,2026-10-04T02:55:18.380Z
sensor.thread_bmp180_teplomer_teplota,23.57,2026-10-04T02:55:48.379Z
sensor.thread_bmp180_teplomer_teplota,23.56,2026-10-04T02:56:18.381Z
sensor.thread_bmp180_teplomer_teplota,23.55,2026-10-04T02:57:18.379Z
sensor.thread_bmp180_teplomer_teplota,23.57,2026-10-04T02:57:48.379Z
sensor.thread_bmp180_teplomer_teplota,23.55,2026-10-04T02:58:18.380Z
sensor.thread_bmp180_teplomer_teplota,23.54,2026-10-04T02:58:48.380Z
sensor.thread_bmp180_teplomer_teplota,23.55,2026-10-04T02:59:18.379Z
sensor.thread_bmp180_teplomer_teplota,23.57,2026-10-04T02:59:48.381Z
sensor.thread_bmp180_teplomer_teplota,23.56,2026-10-04T03:00:18.380Z
sensor.thread_bmp180_teplomer_teplota,23.55,2026-10-04T03:01:18.381Z
sensor.thread_bmp180_teplomer_teplota,23.54,2026-10-04T03:02:18.379Z
sensor.thread_bmp180_teplomer_teplota,23.56,2026-10-04T03:04:38.977Z
sensor.thread_bmp180_teplomer_teplota,23.55,2026-10-04T03:04:48.526Z
sensor.thread_bmp180_teplomer_teplota,23.57,2026-10-04T03:05:18.527Z
sensor.thread_bmp180_teplomer_teplota,23.56,2026-10-04T03:05:48.527Z
sensor.thread_bmp180_teplomer_teplota,23.55,2026-10-04T03:06:18.526Z
sensor.thread_bmp180_teplomer_teplota,23.57,2026-10-04T03:06:48.524Z
sensor.thread_bmp180_teplomer_teplota,23.55,2026-10-04T03:07:48.525Z
sensor.thread_bmp180_teplomer_teplota,23.53,2026-10-04T03:08:18.527Z
sensor.thread_bmp180_teplomer_teplota,23.55,2026-10-04T03:08:48.525Z
sensor.thread_bmp180_teplomer_teplota,23.57,2026-10-04T03:09:18.527Z
sensor.thread_bmp180_teplomer_teplota,23.55,2026-10-04T03:09:48.527Z
sensor.thread_bmp180_teplomer_teplota,23.54,2026-10-04T03:10:18.525Z
sensor.thread_bmp180_teplomer_teplota,23.56,2026-10-04T03:11:18.524Z
sensor.thread_bmp180_teplomer_teplota,23.54,2026-10-04T03:11:48.526Z
sensor.thread_bmp180_teplomer_teplota,23.55,2026-10-04T03:12:18.524Z
sensor.thread_bmp180_teplomer_teplota,23.57,2026-10-04T03:13:18.527Z
sensor.thread_bmp180_teplomer_teplota,23.53,2026-10-04T03:13:48.524Z
sensor.thread_bmp180_teplomer_teplota,23.54,2026-10-04T03:14:18.524Z
sensor.thread_bmp180_teplomer_teplota,23.55,2026-10-04T03:14:48.526Z
sensor.thread_bmp180_teplomer_teplota,23.54,2026-10-04T03:15:18.525Z
sensor.thread_bmp180_teplomer_teplota,23.53,2026-10-04T03:16:48.525Z
sensor.thread_bmp180_teplomer_teplota,23.54,2026-10-04T03:17:18.527Z
sensor.thread_bmp180_teplomer_teplota,23.53,2026-10-04T03:17:57.391Z
sensor.thread_bmp180_teplomer_teplota,23.54,2026-10-04T03:19:48.923Z
sensor.thread_bmp180_teplomer_teplota,23.53,2026-10-04T03:21:18.920Z
sensor.thread_bmp180_teplomer_teplota,23.55,2026-10-04T03:21:48.923Z
sensor.thread_bmp180_teplomer_teplota,23.53,2026-10-04T03:22:18.922Z
sensor.thread_bmp180_teplomer_teplota,23.54,2026-10-04T03:25:48.921Z
sensor.thread_bmp180_teplomer_teplota,23.55,2026-10-04T03:26:18.923Z
sensor.thread_bmp180_teplomer_teplota,23.54,2026-10-04T03:26:48.921Z
sensor.thread_bmp180_teplomer_teplota,23.52,2026-10-04T03:28:48.921Z
sensor.thread_bmp180_teplomer_teplota,23.54,2026-10-04T03:29:18.921Z
sensor.thread_bmp180_teplomer_teplota,23.53,2026-10-04T03:30:18.922Z
sensor.thread_bmp180_teplomer_teplota,23.52,2026-10-04T03:30:48.923Z
sensor.thread_bmp180_teplomer_teplota,23.54,2026-10-04T03:31:18.921Z
sensor.thread_bmp180_teplomer_teplota,23.53,2026-10-04T03:32:18.921Z
sensor.thread_bmp180_teplomer_teplota,23.5,2026-10-04T03:35:21.877Z
sensor.thread_bmp180_teplomer_teplota,23.51,2026-10-04T03:35:51.876Z
sensor.thread_bmp180_teplomer_teplota,23.52,2026-10-04T03:36:21.876Z
sensor.thread_bmp180_teplomer_teplota,23.51,2026-10-04T03:36:51.876Z
sensor.thread_bmp180_teplomer_teplota,23.53,2026-10-04T03:37:21.876Z
sensor.thread_bmp180_teplomer_teplota,23.51,2026-10-04T03:37:51.877Z
sensor.thread_bmp180_teplomer_teplota,23.5,2026-10-04T03:38:21.877Z
sensor.thread_bmp180_teplomer_teplota,23.52,2026-10-04T03:39:21.875Z
sensor.thread_bmp180_teplomer_teplota,23.53,2026-10-04T03:40:21.876Z
sensor.thread_bmp180_teplomer_teplota,23.52,2026-10-04T03:41:21.879Z
sensor.thread_bmp180_teplomer_teplota,23.5,2026-10-04T03:41:51.877Z
sensor.thread_bmp180_teplomer_teplota,23.51,2026-10-04T03:42:21.875Z
sensor.thread_bmp180_teplomer_teplota,23.53,2026-10-04T03:42:51.875Z
sensor.thread_bmp180_teplomer_teplota,23.52,2026-10-04T03:43:21.877Z
sensor.thread_bmp180_teplomer_teplota,23.5,2026-10-04T03:43:51.874Z
sensor.thread_bmp180_teplomer_teplota,23.51,2026-10-04T03:44:51.876Z
sensor.thread_bmp180_teplomer_teplota,23.52,2026-10-04T03:45:51.875Z
sensor.thread_bmp180_teplomer_teplota,23.53,2026-10-04T03:47:21.875Z
sensor.thread_bmp180_teplomer_teplota,23.52,2026-10-04T03:49:52.737Z
sensor.thread_bmp180_teplomer_teplota,23.5,2026-10-04T03:50:22.738Z
sensor.thread_bmp180_teplomer_teplota,23.54,2026-10-04T03:51:22.737Z
sensor.thread_bmp180_teplomer_teplota,23.55,2026-10-04T03:51:52.739Z
sensor.thread_bmp180_teplomer_teplota,23.53,2026-10-04T03:52:22.737Z
sensor.thread_bmp180_teplomer_teplota,23.51,2026-10-04T03:53:52.738Z
sensor.thread_bmp180_teplomer_teplota,23.53,2026-10-04T03:54:22.739Z
sensor.thread_bmp180_teplomer_teplota,23.51,2026-10-04T03:54:52.739Z
sensor.thread_bmp180_teplomer_teplota,23.52,2026-10-04T03:55:22.739Z
sensor.thread_bmp180_teplomer_teplota,23.51,2026-10-04T03:55:52.738Z
sensor.thread_bmp180_teplomer_teplota,23.52,2026-10-04T03:56:22.738Z
sensor.thread_bmp180_teplomer_teplota,23.5,2026-10-04T03:56:52.738Z
sensor.thread_bmp180_teplomer_teplota,23.51,2026-10-04T03:58:22.738Z
sensor.thread_bmp180_teplomer_teplota,23.52,2026-10-04T03:58:52.738Z
sensor.thread_bmp180_teplomer_teplota,23.5,2026-10-04T03:59:52.738Z
sensor.thread_bmp180_teplomer_teplota,23.52,2026-10-04T04:01:22.738Z
sensor.thread_bmp180_teplomer_teplota,23.51,2026-10-04T04:01:52.738Z
sensor.thread_bmp180_teplomer_teplota,23.5,2026-10-04T04:02:22.736Z
sensor.thread_bmp180_teplomer_teplota,23.49,2026-10-04T04:04:53.382Z
sensor.thread_bmp180_teplomer_teplota,23.5,2026-10-04T04:05:53.384Z
sensor.thread_bmp180_teplomer_teplota,23.51,2026-10-04T04:08:23.382Z
sensor.thread_bmp180_teplomer_teplota,23.5,2026-10-04T04:08:53.383Z
sensor.thread_bmp180_teplomer_teplota,23.52,2026-10-04T04:09:23.383Z
sensor.thread_bmp180_teplomer_teplota,23.51,2026-10-04T04:09:53.384Z
sensor.thread_bmp180_teplomer_teplota,23.53,2026-10-04T04:10:23.382Z
sensor.thread_bmp180_teplomer_teplota,23.54,2026-10-04T04:10:53.383Z
sensor.thread_bmp180_teplomer_teplota,23.52,2026-10-04T04:11:23.384Z
sensor.thread_bmp180_teplomer_teplota,23.53,2026-10-04T04:11:53.383Z
sensor.thread_bmp180_teplomer_teplota,23.5,2026-10-04T04:12:53.382Z
sensor.thread_bmp180_teplomer_teplota,23.52,2026-10-04T04:13:23.384Z
sensor.thread_bmp180_teplomer_teplota,23.51,2026-10-04T04:13:53.383Z
sensor.thread_bmp180_teplomer_teplota,23.52,2026-10-04T04:14:23.382Z
sensor.thread_bmp180_teplomer_teplota,23.54,2026-10-04T04:14:53.382Z
sensor.thread_bmp180_teplomer_teplota,23.52,2026-10-04T04:15:23.382Z
sensor.thread_bmp180_teplomer_teplota,23.53,2026-10-04T04:15:53.381Z
sensor.thread_bmp180_teplomer_teplota,23.54,2026-10-04T04:16:23.382Z
sensor.thread_bmp180_teplomer_teplota,23.55,2026-10-04T04:17:23.383Z
sensor.thread_bmp180_teplomer_teplota,23.52,2026-10-04T04:19:43.615Z
sensor.thread_bmp180_teplomer_teplota,23.51,2026-10-04T04:19:52.150Z
sensor.thread_bmp180_teplomer_teplota,23.5,2026-10-04T04:20:22.151Z
sensor.thread_bmp180_teplomer_teplota,23.51,2026-10-04T04:20:52.150Z
sensor.thread_bmp180_teplomer_teplota,23.52,2026-10-04T04:21:22.151Z
sensor.thread_bmp180_teplomer_teplota,23.53,2026-10-04T04:21:52.152Z
sensor.thread_bmp180_teplomer_teplota,23.51,2026-10-04T04:22:22.151Z
sensor.thread_bmp180_teplomer_teplota,23.52,2026-10-04T04:22:52.152Z
sensor.thread_bmp180_teplomer_teplota,23.53,2026-10-04T04:23:22.152Z
sensor.thread_bmp180_teplomer_teplota,23.54,2026-10-04T04:23:52.151Z
sensor.thread_bmp180_teplomer_teplota,23.53,2026-10-04T04:24:22.152Z
sensor.thread_bmp180_teplomer_teplota,23.52,2026-10-04T04:24:52.152Z
sensor.thread_bmp180_teplomer_teplota,23.53,2026-10-04T04:25:22.151Z
sensor.thread_bmp180_teplomer_teplota,23.52,2026-10-04T04:25:52.151Z
sensor.thread_bmp180_teplomer_teplota,23.5,2026-10-04T04:26:22.151Z
sensor.thread_bmp180_teplomer_teplota,23.52,2026-10-04T04:27:22.150Z
sensor.thread_bmp180_teplomer_teplota,23.53,2026-10-04T04:29:22.151Z
sensor.thread_bmp180_teplomer_teplota,23.52,2026-10-04T04:29:52.150Z
sensor.thread_bmp180_teplomer_teplota,23.53,2026-10-04T04:30:22.151Z
sensor.thread_bmp180_teplomer_teplota,23.52,2026-10-04T04:30:52.152Z
sensor.thread_bmp180_teplomer_teplota,23.54,2026-10-04T04:31:22.151Z
sensor.thread_bmp180_teplomer_teplota,23.52,2026-10-04T04:32:22.151Z
sensor.thread_bmp180_teplomer_teplota,23.54,2026-10-04T04:34:42.170Z
sensor.thread_bmp180_teplomer_teplota,23.53,2026-10-04T04:35:25.988Z
sensor.thread_bmp180_teplomer_teplota,23.54,2026-10-04T04:35:55.988Z
sensor.thread_bmp180_teplomer_teplota,23.52,2026-10-04T04:39:25.987Z
sensor.thread_bmp180_teplomer_teplota,23.55,2026-10-04T04:39:55.987Z
sensor.thread_bmp180_teplomer_teplota,23.54,2026-10-04T04:41:25.987Z
sensor.thread_bmp180_teplomer_teplota,23.56,2026-10-04T04:41:55.989Z
sensor.thread_bmp180_teplomer_teplota,23.54,2026-10-04T04:42:25.988Z
sensor.thread_bmp180_teplomer_teplota,23.55,2026-10-04T04:44:25.988Z
sensor.thread_bmp180_teplomer_teplota,23.57,2026-10-04T04:46:25.988Z
sensor.thread_bmp180_teplomer_teplota,23.56,2026-10-04T04:46:55.988Z
sensor.thread_bmp180_teplomer_teplota,23.55,2026-10-04T04:47:25.988Z
sensor.thread_bmp180_teplomer_teplota,23.56,2026-10-04T04:49:46.497Z
sensor.thread_bmp180_teplomer_teplota,23.54,2026-10-04T04:49:56.240Z
sensor.thread_bmp180_teplomer_teplota,23.57,2026-10-04T04:50:26.240Z
sensor.thread_bmp180_teplomer_teplota,23.55,2026-10-04T04:50:56.239Z
sensor.thread_bmp180_teplomer_teplota,23.56,2026-10-04T04:51:26.241Z
sensor.thread_bmp180_teplomer_teplota,23.55,2026-10-04T04:51:56.239Z
sensor.thread_bmp180_teplomer_teplota,23.54,2026-10-04T04:55:26.241Z
sensor.thread_bmp180_teplomer_teplota,23.53,2026-10-04T04:56:26.240Z
sensor.thread_bmp180_teplomer_teplota,23.52,2026-10-04T04:56:56.240Z
sensor.thread_bmp180_teplomer_teplota,23.53,2026-10-04T04:57:26.241Z
sensor.thread_bmp180_teplomer_teplota,23.52,2026-10-04T04:57:56.241Z
sensor.thread_bmp180_teplomer_teplota,23.53,2026-10-04T04:58:56.241Z
sensor.thread_bmp180_teplomer_teplota,23.52,2026-10-04T04:59:26.239Z
sensor.thread_bmp180_teplomer_teplota,23.5,2026-10-04T05:00:26.241Z
sensor.thread_bmp180_teplomer_teplota,23.53,2026-10-04T05:00:56.241Z
sensor.thread_bmp180_teplomer_teplota,23.52,2026-10-04T05:01:26.240Z
sensor.thread_bmp180_teplomer_teplota,23.51,2026-10-04T05:01:56.239Z
sensor.thread_bmp180_teplomer_teplota,23.53,2026-10-04T05:02:26.240Z
sensor.thread_bmp180_teplomer_teplota,23.54,2026-10-04T05:04:46.802Z
sensor.thread_bmp180_teplomer_teplota,23.53,2026-10-04T05:05:25.449Z
sensor.thread_bmp180_teplomer_teplota,23.54,2026-10-04T05:06:25.451Z
sensor.thread_bmp180_teplomer_teplota,23.53,2026-10-04T05:07:25.450Z
sensor.thread_bmp180_teplomer_teplota,23.54,2026-10-04T05:07:55.449Z
sensor.thread_bmp180_teplomer_teplota,23.52,2026-10-04T05:08:25.451Z
sensor.thread_bmp180_teplomer_teplota,23.54,2026-10-04T05:09:25.451Z
sensor.thread_bmp180_teplomer_teplota,23.52,2026-10-04T05:09:55.449Z
sensor.thread_bmp180_teplomer_teplota,23.54,2026-10-04T05:10:25.451Z
sensor.thread_bmp180_teplomer_teplota,23.52,2026-10-04T05:10:55.448Z
sensor.thread_bmp180_teplomer_teplota,23.53,2026-10-04T05:11:25.449Z
sensor.thread_bmp180_teplomer_teplota,23.52,2026-10-04T05:11:55.450Z
sensor.thread_bmp180_teplomer_teplota,23.53,2026-10-04T05:12:55.451Z
sensor.thread_bmp180_teplomer_teplota,23.52,2026-10-04T05:13:25.449Z
sensor.thread_bmp180_teplomer_teplota,23.53,2026-10-04T05:13:55.451Z
sensor.thread_bmp180_teplomer_teplota,23.51,2026-10-04T05:14:25.449Z
sensor.thread_bmp180_teplomer_teplota,23.53,2026-10-04T05:15:25.450Z
sensor.thread_bmp180_teplomer_teplota,23.5,2026-10-04T05:15:55.449Z
sensor.thread_bmp180_teplomer_teplota,23.51,2026-10-04T05:16:55.454Z
sensor.thread_bmp180_teplomer_teplota,23.52,2026-10-04T05:17:25.452Z
sensor.thread_bmp180_teplomer_teplota,23.5,2026-10-04T05:19:46.056Z
sensor.thread_bmp180_teplomer_teplota,23.52,2026-10-04T05:19:58.563Z
sensor.thread_bmp180_teplomer_teplota,23.53,2026-10-04T05:20:58.562Z
sensor.thread_bmp180_teplomer_teplota,23.52,2026-10-04T05:21:28.563Z
sensor.thread_bmp180_teplomer_teplota,23.5,2026-10-04T05:21:58.564Z
sensor.thread_bmp180_teplomer_teplota,23.54,2026-10-04T05:22:28.563Z
sensor.thread_bmp180_teplomer_teplota,23.53,2026-10-04T05:22:58.562Z
sensor.thread_bmp180_teplomer_teplota,23.52,2026-10-04T05:23:28.564Z
sensor.thread_bmp180_teplomer_teplota,23.54,2026-10-04T05:23:58.564Z
sensor.thread_bmp180_teplomer_teplota,23.53,2026-10-04T05:24:28.563Z
sensor.thread_bmp180_teplomer_teplota,23.54,2026-10-04T05:25:28.562Z
sensor.thread_bmp180_teplomer_teplota,23.55,2026-10-04T05:25:58.562Z
sensor.thread_bmp180_teplomer_teplota,23.54,2026-10-04T05:26:28.563Z
sensor.thread_bmp180_teplomer_teplota,23.53,2026-10-04T05:27:58.563Z
sensor.thread_bmp180_teplomer_teplota,23.54,2026-10-04T05:29:28.564Z
sensor.thread_bmp180_teplomer_teplota,23.55,2026-10-04T05:29:58.561Z
sensor.thread_bmp180_teplomer_teplota,23.53,2026-10-04T05:30:28.564Z
sensor.thread_bmp180_teplomer_teplota,23.54,2026-10-04T05:32:28.563Z
sensor.thread_bmp180_teplomer_teplota,23.55,2026-10-04T05:34:48.543Z
sensor.thread_bmp180_teplomer_teplota,23.54,2026-10-04T05:34:58.895Z
sensor.thread_bmp180_teplomer_teplota,23.55,2026-10-04T05:35:58.893Z
sensor.thread_bmp180_teplomer_teplota,23.57,2026-10-04T05:36:28.895Z
sensor.thread_bmp180_teplomer_teplota,23.55,2026-10-04T05:36:58.894Z
sensor.thread_bmp180_teplomer_teplota,23.54,2026-10-04T05:37:58.893Z
sensor.thread_bmp180_teplomer_teplota,23.55,2026-10-04T05:38:28.893Z
sensor.thread_bmp180_teplomer_teplota,23.54,2026-10-04T05:39:28.895Z
sensor.thread_bmp180_teplomer_teplota,23.57,2026-10-04T05:40:28.894Z
sensor.thread_bmp180_teplomer_teplota,23.55,2026-10-04T05:40:58.894Z
sensor.thread_bmp180_teplomer_teplota,23.56,2026-10-04T05:43:28.895Z
sensor.thread_bmp180_teplomer_teplota,23.57,2026-10-04T05:44:28.892Z
sensor.thread_bmp180_teplomer_teplota,23.55,2026-10-04T05:44:58.894Z
sensor.thread_bmp180_teplomer_teplota,23.57,2026-10-04T05:45:28.892Z
sensor.thread_bmp180_teplomer_teplota,23.56,2026-10-04T05:47:28.894Z
sensor.thread_bmp180_teplomer_teplota,23.55,2026-10-04T05:49:49.706Z
sensor.thread_bmp180_teplomer_teplota,23.54,2026-10-04T05:49:59.491Z
sensor.thread_bmp180_teplomer_teplota,23.55,2026-10-04T05:50:29.491Z
sensor.thread_bmp180_teplomer_teplota,23.54,2026-10-04T05:51:59.489Z
sensor.thread_bmp180_teplomer_teplota,23.53,2026-10-04T05:53:29.488Z
sensor.thread_bmp180_teplomer_teplota,23.54,2026-10-04T05:53:59.489Z
sensor.thread_bmp180_teplomer_teplota,23.52,2026-10-04T05:54:59.489Z
sensor.thread_bmp180_teplomer_teplota,23.53,2026-10-04T05:55:29.489Z
sensor.thread_bmp180_teplomer_teplota,23.52,2026-10-04T05:56:29.490Z
sensor.thread_bmp180_teplomer_teplota,23.55,2026-10-04T05:57:59.489Z
sensor.thread_bmp180_teplomer_teplota,23.54,2026-10-04T05:58:29.488Z
sensor.thread_bmp180_teplomer_teplota,23.52,2026-10-04T05:58:59.488Z
sensor.thread_bmp180_teplomer_teplota,23.53,2026-10-04T05:59:29.489Z
sensor.thread_bmp180_teplomer_teplota,23.52,2026-10-04T05:59:59.489Z
sensor.thread_bmp180_teplomer_teplota,23.53,2026-10-04T06:00:59.491Z
sensor.thread_bmp180_teplomer_teplota,23.54,2026-10-04T06:01:59.488Z
sensor.thread_bmp180_teplomer_teplota,23.53,2026-10-04T06:04:57.757Z
sensor.thread_bmp180_teplomer_teplota,23.54,2026-10-04T06:05:57.758Z
sensor.thread_bmp180_teplomer_teplota,23.55,2026-10-04T06:06:57.758Z
sensor.thread_bmp180_teplomer_teplota,23.54,2026-10-04T06:07:27.758Z
sensor.thread_bmp180_teplomer_teplota,23.55,2026-10-04T06:07:57.757Z
sensor.thread_bmp180_teplomer_teplota,23.53,2026-10-04T06:08:27.760Z
sensor.thread_bmp180_teplomer_teplota,23.52,2026-10-04T06:11:27.759Z
sensor.thread_bmp180_teplomer_teplota,23.53,2026-10-04T06:11:57.757Z
sensor.thread_bmp180_teplomer_teplota,23.52,2026-10-04T06:12:27.758Z
sensor.thread_bmp180_teplomer_teplota,23.53,2026-10-04T06:12:57.758Z
sensor.thread_bmp180_teplomer_teplota,23.54,2026-10-04T06:13:27.757Z
sensor.thread_bmp180_teplomer_teplota,23.53,2026-10-04T06:14:27.757Z
sensor.thread_bmp180_teplomer_teplota,23.54,2026-10-04T06:14:57.759Z
sensor.thread_bmp180_teplomer_teplota,23.53,2026-10-04T06:15:27.757Z
sensor.thread_bmp180_teplomer_teplota,23.52,2026-10-04T06:15:57.759Z
sensor.thread_bmp180_teplomer_teplota,23.53,2026-10-04T06:16:27.759Z
sensor.thread_bmp180_teplomer_teplota,23.52,2026-10-04T06:16:57.758Z
sensor.thread_bmp180_teplomer_teplota,23.54,2026-10-04T06:17:27.758Z
sensor.thread_bmp180_teplomer_teplota,23.53,2026-10-04T06:19:48.197Z
sensor.thread_bmp180_teplomer_teplota,23.55,2026-10-04T06:19:58.620Z
sensor.thread_bmp180_teplomer_teplota,23.54,2026-10-04T06:20:28.620Z
sensor.thread_bmp180_teplomer_teplota,23.53,2026-10-04T06:20:58.618Z
sensor.thread_bmp180_teplomer_teplota,23.52,2026-10-04T06:21:28.618Z
sensor.thread_bmp180_teplomer_teplota,23.53,2026-10-04T06:21:58.620Z
sensor.thread_bmp180_teplomer_teplota,23.54,2026-10-04T06:22:58.618Z
sensor.thread_bmp180_teplomer_teplota,23.52,2026-10-04T06:23:28.618Z
sensor.thread_bmp180_teplomer_teplota,23.53,2026-10-04T06:23:58.617Z
sensor.thread_bmp180_teplomer_teplota,23.54,2026-10-04T06:25:58.618Z
sensor.thread_bmp180_teplomer_teplota,23.53,2026-10-04T06:26:28.618Z
sensor.thread_bmp180_teplomer_teplota,23.54,2026-10-04T06:26:58.618Z
sensor.thread_bmp180_teplomer_teplota,23.52,2026-10-04T06:27:58.617Z
sensor.thread_bmp180_teplomer_teplota,23.51,2026-10-04T06:28:28.618Z
sensor.thread_bmp180_teplomer_teplota,23.52,2026-10-04T06:28:58.618Z
sensor.thread_bmp180_teplomer_teplota,23.53,2026-10-04T06:29:28.620Z
sensor.thread_bmp180_teplomer_teplota,23.51,2026-10-04T06:29:58.619Z
sensor.thread_bmp180_teplomer_teplota,23.5,2026-10-04T06:30:28.617Z
sensor.thread_bmp180_teplomer_teplota,23.52,2026-10-04T06:30:58.618Z
sensor.thread_bmp180_teplomer_teplota,23.5,2026-10-04T06:31:28.619Z
sensor.thread_bmp180_teplomer_teplota,23.51,2026-10-04T06:32:28.618Z
sensor.thread_bmp180_teplomer_teplota,23.53,2026-10-04T06:34:59.010Z
sensor.thread_bmp180_teplomer_teplota,23.52,2026-10-04T06:35:29.010Z
sensor.thread_bmp180_teplomer_teplota,23.54,2026-10-04T06:36:29.012Z
sensor.thread_bmp180_teplomer_teplota,23.53,2026-10-04T06:36:59.011Z
sensor.thread_bmp180_teplomer_teplota,23.54,2026-10-04T06:37:29.010Z
sensor.thread_bmp180_teplomer_teplota,23.55,2026-10-04T06:39:29.011Z
sensor.thread_bmp180_teplomer_teplota,23.54,2026-10-04T06:40:29.010Z
sensor.thread_bmp180_teplomer_teplota,23.55,2026-10-04T06:42:59.011Z
sensor.thread_bmp180_teplomer_teplota,23.53,2026-10-04T06:43:29.010Z
sensor.thread_bmp180_teplomer_teplota,23.57,2026-10-04T06:43:59.010Z
sensor.thread_bmp180_teplomer_teplota,23.56,2026-10-04T06:44:29.009Z
sensor.thread_bmp180_teplomer_teplota,23.57,2026-10-04T06:44:59.011Z
sensor.thread_bmp180_teplomer_teplota,23.56,2026-10-04T06:47:29.011Z
sensor.thread_bmp180_teplomer_teplota,23.58,2026-10-04T06:49:49.318Z
sensor.thread_bmp180_teplomer_teplota,23.57,2026-10-04T06:51:00.335Z
sensor.thread_bmp180_teplomer_teplota,23.58,2026-10-04T06:51:30.334Z
sensor.thread_bmp180_teplomer_teplota,23.59,2026-10-04T06:52:00.335Z
sensor.thread_bmp180_teplomer_teplota,23.62,2026-10-04T06:53:30.334Z
sensor.thread_bmp180_teplomer_teplota,23.61,2026-10-04T06:56:30.336Z
sensor.thread_bmp180_teplomer_teplota,23.59,2026-10-04T06:57:00.333Z
sensor.thread_bmp180_teplomer_teplota,23.63,2026-10-04T06:57:30.335Z
sensor.thread_bmp180_teplomer_teplota,23.6,2026-10-04T06:58:00.335Z
sensor.thread_bmp180_teplomer_teplota,23.59,2026-10-04T06:58:30.334Z
sensor.thread_bmp180_teplomer_teplota,23.58,2026-10-04T06:59:00.334Z
sensor.thread_bmp180_teplomer_teplota,23.6,2026-10-04T06:59:30.336Z
sensor.thread_bmp180_teplomer_teplota,23.59,2026-10-04T07:01:30.334Z
sensor.thread_bmp180_teplomer_teplota,23.58,2026-10-04T07:02:00.335Z
sensor.thread_bmp180_teplomer_teplota,23.59,2026-10-04T07:02:30.334Z
sensor.thread_bmp180_teplomer_teplota,23.6,2026-10-04T07:04:50.547Z
sensor.thread_bmp180_teplomer_teplota,23.61,2026-10-04T07:05:03.955Z
sensor.thread_bmp180_teplomer_teplota,23.6,2026-10-04T07:05:33.956Z
sensor.thread_bmp180_teplomer_teplota,23.62,2026-10-04T07:06:03.956Z
sensor.thread_bmp180_teplomer_teplota,23.63,2026-10-04T07:07:33.955Z
sensor.thread_bmp180_teplomer_teplota,23.62,2026-10-04T07:08:03.957Z
sensor.thread_bmp180_teplomer_teplota,23.64,2026-10-04T07:08:33.957Z
sensor.thread_bmp180_teplomer_teplota,23.62,2026-10-04T07:09:33.957Z
sensor.thread_bmp180_teplomer_teplota,23.63,2026-10-04T07:10:03.954Z
sensor.thread_bmp180_teplomer_teplota,23.65,2026-10-04T07:10:33.957Z
sensor.thread_bmp180_teplomer_teplota,23.67,2026-10-04T07:12:03.957Z
sensor.thread_bmp180_teplomer_teplota,23.66,2026-10-04T07:12:33.957Z
sensor.thread_bmp180_teplomer_teplota,23.68,2026-10-04T07:13:03.955Z
sensor.thread_bmp180_teplomer_teplota,23.66,2026-10-04T07:13:33.956Z
sensor.thread_bmp180_teplomer_teplota,23.69,2026-10-04T07:14:03.955Z
sensor.thread_bmp180_teplomer_teplota,23.67,2026-10-04T07:14:33.956Z
sensor.thread_bmp180_teplomer_teplota,23.65,2026-10-04T07:15:03.956Z
sensor.thread_bmp180_teplomer_teplota,23.66,2026-10-04T07:15:33.957Z
sensor.thread_bmp180_teplomer_teplota,23.67,2026-10-04T07:16:03.955Z
sensor.thread_bmp180_teplomer_teplota,23.69,2026-10-04T07:17:03.957Z
sensor.thread_bmp180_teplomer_teplota,23.67,2026-10-04T07:17:33.957Z
sensor.thread_bmp180_teplomer_teplota,23.7,2026-10-04T07:19:54.009Z
sensor.thread_bmp180_teplomer_teplota,23.72,2026-10-04T07:21:03.315Z
sensor.thread_bmp180_teplomer_teplota,23.71,2026-10-04T07:21:33.317Z
sensor.thread_bmp180_teplomer_teplota,23.72,2026-10-04T07:22:33.316Z
sensor.thread_bmp180_teplomer_teplota,23.73,2026-10-04T07:23:03.315Z
sensor.thread_bmp180_teplomer_teplota,23.74,2026-10-04T07:23:33.315Z
sensor.thread_bmp180_teplomer_teplota,23.72,2026-10-04T07:24:03.316Z
sensor.thread_bmp180_teplomer_teplota,23.71,2026-10-04T07:24:33.316Z
sensor.thread_bmp180_teplomer_teplota,23.76,2026-10-04T07:25:03.316Z
sensor.thread_bmp180_teplomer_teplota,23.75,2026-10-04T07:25:33.316Z
sensor.thread_bmp180_teplomer_teplota,23.74,2026-10-04T07:26:03.315Z
sensor.thread_bmp180_teplomer_teplota,23.73,2026-10-04T07:26:33.315Z
sensor.thread_bmp180_teplomer_teplota,23.72,2026-10-04T07:27:03.315Z
sensor.thread_bmp180_teplomer_teplota,23.74,2026-10-04T07:27:33.317Z
sensor.thread_bmp180_teplomer_teplota,23.78,2026-10-04T07:28:33.317Z
sensor.thread_bmp180_teplomer_teplota,23.76,2026-10-04T07:29:03.316Z
sensor.thread_bmp180_teplomer_teplota,23.74,2026-10-04T07:30:03.317Z
sensor.thread_bmp180_teplomer_teplota,23.73,2026-10-04T07:31:03.316Z
sensor.thread_bmp180_teplomer_teplota,23.74,2026-10-04T07:32:03.315Z
sensor.thread_bmp180_teplomer_teplota,23.75,2026-10-04T07:32:33.316Z
sensor.thread_bmp180_teplomer_teplota,23.73,2026-10-04T07:34:32.268Z
sensor.thread_bmp180_teplomer_teplota,23.74,2026-10-04T07:35:02.269Z
sensor.thread_bmp180_teplomer_teplota,23.73,2026-10-04T07:35:32.268Z
sensor.thread_bmp180_teplomer_teplota,23.74,2026-10-04T07:36:02.271Z
sensor.thread_bmp180_teplomer_teplota,23.78,2026-10-04T07:38:32.271Z
sensor.thread_bmp180_teplomer_teplota,23.77,2026-10-04T07:39:02.270Z
sensor.thread_bmp180_teplomer_teplota,23.79,2026-10-04T07:39:32.270Z
sensor.thread_bmp180_teplomer_teplota,23.74,2026-10-04T07:40:02.270Z
sensor.thread_bmp180_teplomer_teplota,23.64,2026-10-04T07:40:32.269Z
sensor.thread_bmp180_teplomer_teplota,23.55,2026-10-04T07:41:02.270Z
sensor.thread_bmp180_teplomer_teplota,23.52,2026-10-04T07:41:32.271Z
sensor.thread_bmp180_teplomer_teplota,23.54,2026-10-04T07:42:02.270Z
sensor.thread_bmp180_teplomer_teplota,23.53,2026-10-04T07:42:32.270Z
sensor.thread_bmp180_teplomer_teplota,23.52,2026-10-04T07:43:02.269Z
sensor.thread_bmp180_teplomer_teplota,23.55,2026-10-04T07:43:32.271Z
sensor.thread_bmp180_teplomer_teplota,23.53,2026-10-04T07:44:02.271Z
sensor.thread_bmp180_teplomer_teplota,23.54,2026-10-04T07:45:32.269Z
sensor.thread_bmp180_teplomer_teplota,23.52,2026-10-04T07:46:02.271Z
sensor.thread_bmp180_teplomer_teplota,23.53,2026-10-04T07:46:32.271Z
sensor.thread_bmp180_teplomer_teplota,23.5,2026-10-04T07:47:02.271Z
sensor.thread_bmp180_teplomer_teplota,23.52,2026-10-04T07:47:32.270Z
sensor.thread_bmp180_teplomer_teplota,23.51,2026-10-04T07:49:52.672Z
sensor.thread_bmp180_teplomer_teplota,23.44,2026-10-04T07:50:05.640Z
sensor.thread_bmp180_teplomer_teplota,23.37,2026-10-04T07:50:35.642Z
sensor.thread_bmp180_teplomer_teplota,23.25,2026-10-04T07:51:05.640Z
sensor.thread_bmp180_teplomer_teplota,23.12,2026-10-04T07:51:35.639Z
sensor.thread_bmp180_teplomer_teplota,23.08,2026-10-04T07:52:05.639Z
sensor.thread_bmp180_teplomer_teplota,23.1,2026-10-04T07:53:05.640Z
sensor.thread_bmp180_teplomer_teplota,23.11,2026-10-04T07:53:35.639Z
sensor.thread_bmp180_teplomer_teplota,23.15,2026-10-04T07:54:05.639Z
sensor.thread_bmp180_teplomer_teplota,23.13,2026-10-04T07:54:35.640Z
sensor.thread_bmp180_teplomer_teplota,23.16,2026-10-04T07:55:05.640Z
sensor.thread_bmp180_teplomer_teplota,23.18,2026-10-04T07:56:05.641Z
sensor.thread_bmp180_teplomer_teplota,23.2,2026-10-04T07:57:05.640Z
sensor.thread_bmp180_teplomer_teplota,23.21,2026-10-04T07:59:05.639Z
sensor.thread_bmp180_teplomer_teplota,23.22,2026-10-04T07:59:35.639Z
sensor.thread_bmp180_teplomer_teplota,23.23,2026-10-04T08:00:35.640Z
sensor.thread_bmp180_teplomer_teplota,23.25,2026-10-04T08:01:05.641Z
sensor.thread_bmp180_teplomer_teplota,23.27,2026-10-04T08:04:27.971Z
sensor.thread_bmp180_teplomer_teplota,23.25,2026-10-04T08:04:37.563Z
sensor.thread_bmp180_teplomer_teplota,23.3,2026-10-04T08:05:07.563Z
sensor.thread_bmp180_teplomer_teplota,23.28,2026-10-04T08:06:37.563Z
sensor.thread_bmp180_teplomer_teplota,23.26,2026-10-04T08:07:07.563Z
sensor.thread_bmp180_teplomer_teplota,23.25,2026-10-04T08:07:37.564Z
sensor.thread_bmp180_teplomer_teplota,23.23,2026-10-04T08:09:37.563Z
sensor.thread_bmp180_teplomer_teplota,23.21,2026-10-04T08:10:07.561Z
sensor.thread_bmp180_teplomer_teplota,23.22,2026-10-04T08:11:07.562Z
sensor.thread_bmp180_teplomer_teplota,23.23,2026-10-04T08:11:37.562Z
sensor.thread_bmp180_teplomer_teplota,23.22,2026-10-04T08:12:07.563Z
sensor.thread_bmp180_teplomer_teplota,23.25,2026-10-04T08:12:37.563Z
sensor.thread_bmp180_teplomer_teplota,23.28,2026-10-04T08:13:07.563Z
sensor.thread_bmp180_teplomer_teplota,23.29,2026-10-04T08:13:37.562Z
sensor.thread_bmp180_teplomer_teplota,23.25,2026-10-04T08:14:07.564Z
sensor.thread_bmp180_teplomer_teplota,23.24,2026-10-04T08:15:07.563Z
sensor.thread_bmp180_teplomer_teplota,23.23,2026-10-04T08:16:37.563Z
sensor.thread_bmp180_teplomer_teplota,23.21,2026-10-04T08:17:07.563Z
sensor.thread_bmp180_teplomer_teplota,23.23,2026-10-04T08:17:37.562Z
sensor.thread_bmp180_teplomer_teplota,unknown,2026-10-04T08:18:05.767Z
sensor.thread_bmp180_teplomer_teplota,23.23,2026-10-04T08:18:07.551Z
sensor.thread_bmp180_teplomer_teplota,23.21,2026-10-04T08:18:37.552Z
sensor.thread_bmp180_teplomer_teplota,23.2,2026-10-04T08:19:37.552Z
sensor.thread_bmp180_teplomer_teplota,23.21,2026-10-04T08:20:37.552Z
sensor.thread_bmp180_teplomer_teplota,23.2,2026-10-04T08:21:07.551Z
sensor.thread_bmp180_teplomer_teplota,23.21,2026-10-04T08:21:37.551Z
sensor.thread_bmp180_teplomer_teplota,23.2,2026-10-04T08:22:07.552Z
sensor.thread_bmp180_teplomer_teplota,23.21,2026-10-04T08:24:07.551Z
sensor.thread_bmp180_teplomer_teplota,23.2,2026-10-04T08:25:07.550Z
sensor.thread_bmp180_teplomer_teplota,23.18,2026-10-04T08:26:07.551Z
sensor.thread_bmp180_teplomer_teplota,23.19,2026-10-04T08:26:37.552Z
sensor.thread_bmp180_teplomer_teplota,23.17,2026-10-04T08:27:07.552Z
sensor.thread_bmp180_teplomer_teplota,23.18,2026-10-04T08:27:37.552Z
sensor.thread_bmp180_teplomer_teplota,23.19,2026-10-04T08:28:07.552Z
sensor.thread_bmp180_teplomer_teplota,23.2,2026-10-04T08:29:07.550Z
sensor.thread_bmp180_teplomer_teplota,23.18,2026-10-04T08:29:37.552Z
sensor.thread_bmp180_teplomer_teplota,23.19,2026-10-04T08:30:07.553Z
sensor.thread_bmp180_teplomer_teplota,23.18,2026-10-04T08:31:07.551Z
sensor.thread_bmp180_teplomer_teplota,23.2,2026-10-04T08:31:37.550Z
sensor.thread_bmp180_teplomer_teplota,23.19,2026-10-04T08:32:07.550Z
sensor.thread_bmp180_teplomer_teplota,unknown,2026-10-04T08:33:06.588Z
sensor.thread_bmp180_teplomer_teplota,23.18,2026-10-04T08:33:07.701Z
sensor.thread_bmp180_teplomer_teplota,23.17,2026-10-04T08:34:06.676Z
sensor.thread_bmp180_teplomer_teplota,23.18,2026-10-04T08:34:36.675Z
sensor.thread_bmp180_teplomer_teplota,23.19,2026-10-04T08:35:06.674Z
sensor.thread_bmp180_teplomer_teplota,23.18,2026-10-04T08:35:36.675Z
sensor.thread_bmp180_teplomer_teplota,23.17,2026-10-04T08:36:06.674Z
sensor.thread_bmp180_teplomer_teplota,23.18,2026-10-04T08:36:36.675Z
sensor.thread_bmp180_teplomer_teplota,23.15,2026-10-04T08:41:06.677Z
sensor.thread_bmp180_teplomer_teplota,23.18,2026-10-04T08:41:36.675Z
sensor.thread_bmp180_teplomer_teplota,23.17,2026-10-04T08:42:06.675Z
sensor.thread_bmp180_teplomer_teplota,23.16,2026-10-04T08:42:36.674Z
sensor.thread_bmp180_teplomer_teplota,23.18,2026-10-04T08:43:06.674Z
sensor.thread_bmp180_teplomer_teplota,23.16,2026-10-04T08:43:36.675Z
sensor.thread_bmp180_teplomer_teplota,23.15,2026-10-04T08:44:06.676Z
sensor.thread_bmp180_teplomer_teplota,23.16,2026-10-04T08:44:36.675Z
sensor.thread_bmp180_teplomer_teplota,23.15,2026-10-04T08:46:36.675Z
sensor.thread_bmp180_teplomer_teplota,23.16,2026-10-04T08:47:06.674Z
sensor.thread_bmp180_teplomer_teplota,23.15,2026-10-04T08:49:26.723Z
sensor.thread_bmp180_teplomer_teplota,23.16,2026-10-04T08:49:40.469Z
sensor.thread_bmp180_teplomer_teplota,23.15,2026-10-04T08:50:10.471Z
sensor.thread_bmp180_teplomer_teplota,23.16,2026-10-04T08:50:40.469Z
sensor.thread_bmp180_teplomer_teplota,23.15,2026-10-04T08:51:10.468Z
sensor.thread_bmp180_teplomer_teplota,23.14,2026-10-04T08:52:10.467Z
sensor.thread_bmp180_teplomer_teplota,23.15,2026-10-04T08:52:40.469Z
sensor.thread_bmp180_teplomer_teplota,23.16,2026-10-04T08:53:10.469Z
sensor.thread_bmp180_teplomer_teplota,23.15,2026-10-04T08:53:40.469Z
sensor.thread_bmp180_teplomer_teplota,23.14,2026-10-04T08:55:40.468Z
sensor.thread_bmp180_teplomer_teplota,23.15,2026-10-04T08:56:40.468Z
sensor.thread_bmp180_teplomer_teplota,23.16,2026-10-04T08:57:10.470Z
sensor.thread_bmp180_teplomer_teplota,23.15,2026-10-04T08:57:40.469Z
sensor.thread_bmp180_teplomer_teplota,23.14,2026-10-04T08:58:10.468Z
sensor.thread_bmp180_teplomer_teplota,23.15,2026-10-04T08:58:40.468Z
sensor.thread_bmp180_teplomer_teplota,23.14,2026-10-04T08:59:40.468Z
sensor.thread_bmp180_teplomer_teplota,23.13,2026-10-04T09:00:10.472Z
sensor.thread_bmp180_teplomer_teplota,23.15,2026-10-04T09:00:40.467Z
sensor.thread_bmp180_teplomer_teplota,23.16,2026-10-04T09:01:40.469Z
sensor.thread_bmp180_teplomer_teplota,23.15,2026-10-04T09:02:10.469Z
sensor.thread_bmp180_teplomer_teplota,23.13,2026-10-04T09:04:30.593Z
sensor.thread_bmp180_teplomer_teplota,23.14,2026-10-04T09:05:07.084Z
sensor.thread_bmp180_teplomer_teplota,23.13,2026-10-04T09:05:37.083Z
sensor.thread_bmp180_teplomer_teplota,23.15,2026-10-04T09:06:37.083Z
sensor.thread_bmp180_teplomer_teplota,23.14,2026-10-04T09:07:07.082Z
sensor.thread_bmp180_teplomer_teplota,23.13,2026-10-04T09:07:37.081Z
sensor.thread_bmp180_teplomer_teplota,23.11,2026-10-04T09:08:07.083Z
sensor.thread_bmp180_teplomer_teplota,23.15,2026-10-04T09:08:37.083Z
sensor.thread_bmp180_teplomer_teplota,23.13,2026-10-04T09:09:07.082Z
sensor.thread_bmp180_teplomer_teplota,23.11,2026-10-04T09:09:37.082Z
sensor.thread_bmp180_teplomer_teplota,23.13,2026-10-04T09:10:37.081Z
sensor.thread_bmp180_teplomer_teplota,23.14,2026-10-04T09:14:37.081Z
sensor.thread_bmp180_teplomer_teplota,23.11,2026-10-04T09:15:07.081Z
sensor.thread_bmp180_teplomer_teplota,23.12,2026-10-04T09:15:37.081Z
sensor.thread_bmp180_teplomer_teplota,23.1,2026-10-04T09:16:07.084Z
sensor.thread_bmp180_teplomer_teplota,23.11,2026-10-04T09:17:07.083Z
sensor.thread_bmp180_teplomer_teplota,23.15,2026-10-04T09:18:15.760Z
sensor.thread_bmp180_teplomer_teplota,23.12,2026-10-04T09:18:39.620Z
sensor.thread_bmp180_teplomer_teplota,23.09,2026-10-04T09:19:09.621Z
sensor.thread_bmp180_teplomer_teplota,23.08,2026-10-04T09:19:39.620Z
sensor.thread_bmp180_teplomer_teplota,23.11,2026-10-04T09:20:09.619Z
sensor.thread_bmp180_teplomer_teplota,23.1,2026-10-04T09:20:39.621Z
sensor.thread_bmp180_teplomer_teplota,23.11,2026-10-04T09:21:09.621Z
sensor.thread_bmp180_teplomer_teplota,23.09,2026-10-04T09:21:39.620Z
sensor.thread_bmp180_teplomer_teplota,23.1,2026-10-04T09:22:09.620Z
sensor.thread_bmp180_teplomer_teplota,23.09,2026-10-04T09:22:39.620Z
sensor.thread_bmp180_teplomer_teplota,23.08,2026-10-04T09:23:39.620Z
sensor.thread_bmp180_teplomer_teplota,23.06,2026-10-04T09:25:09.619Z
sensor.thread_bmp180_teplomer_teplota,23.07,2026-10-04T09:26:09.620Z
sensor.thread_bmp180_teplomer_teplota,23.06,2026-10-04T09:26:39.621Z
sensor.thread_bmp180_teplomer_teplota,23.08,2026-10-04T09:27:09.620Z
sensor.thread_bmp180_teplomer_teplota,23.07,2026-10-04T09:29:39.620Z
sensor.thread_bmp180_teplomer_teplota,23.06,2026-10-04T09:30:09.620Z
sensor.thread_bmp180_teplomer_teplota,23.08,2026-10-04T09:30:39.619Z
sensor.thread_bmp180_teplomer_teplota,23.06,2026-10-04T09:31:39.619Z
sensor.thread_bmp180_teplomer_teplota,23.07,2026-10-04T09:35:01.561Z
sensor.thread_bmp180_teplomer_teplota,23.05,2026-10-04T09:35:08.853Z
sensor.thread_bmp180_teplomer_teplota,23.08,2026-10-04T09:35:38.854Z
sensor.thread_bmp180_teplomer_teplota,23.09,2026-10-04T09:36:38.854Z
sensor.thread_bmp180_teplomer_teplota,23.07,2026-10-04T09:37:08.855Z
sensor.thread_bmp180_teplomer_teplota,23.08,2026-10-04T09:37:38.855Z
sensor.thread_bmp180_teplomer_teplota,23.06,2026-10-04T09:38:38.854Z
sensor.thread_bmp180_teplomer_teplota,23.08,2026-10-04T09:39:38.855Z
sensor.thread_bmp180_teplomer_teplota,23.06,2026-10-04T09:40:38.855Z
sensor.thread_bmp180_teplomer_teplota,23.08,2026-10-04T09:41:38.854Z
sensor.thread_bmp180_teplomer_teplota,23.06,2026-10-04T09:42:08.854Z
sensor.thread_bmp180_teplomer_teplota,23.05,2026-10-04T09:42:38.854Z
sensor.thread_bmp180_teplomer_teplota,23.06,2026-10-04T09:43:08.854Z
sensor.thread_bmp180_teplomer_teplota,23.07,2026-10-04T09:44:38.853Z
sensor.thread_bmp180_teplomer_teplota,23.05,2026-10-04T09:45:08.854Z
sensor.thread_bmp180_teplomer_teplota,23.08,2026-10-04T09:45:38.855Z
sensor.thread_bmp180_teplomer_teplota,23.07,2026-10-04T09:46:38.853Z
sensor.thread_bmp180_teplomer_teplota,23.06,2026-10-04T09:47:08.854Z
sensor.thread_bmp180_teplomer_teplota,23.07,2026-10-04T09:47:38.853Z
sensor.thread_bmp180_teplomer_teplota,23.06,2026-10-04T09:48:17.525Z
sensor.thread_bmp180_teplomer_teplota,23.05,2026-10-04T09:48:44.068Z
sensor.thread_bmp180_teplomer_teplota,23.06,2026-10-04T09:49:14.068Z
sensor.thread_bmp180_teplomer_teplota,23.05,2026-10-04T09:49:44.067Z
sensor.thread_bmp180_teplomer_teplota,23.07,2026-10-04T09:50:14.068Z
sensor.thread_bmp180_teplomer_teplota,23.08,2026-10-04T09:50:44.068Z
sensor.thread_bmp180_teplomer_teplota,23.09,2026-10-04T09:53:14.066Z
sensor.thread_bmp180_teplomer_teplota,23.08,2026-10-04T09:53:44.066Z
sensor.thread_bmp180_teplomer_teplota,23.09,2026-10-04T09:54:44.066Z
sensor.thread_bmp180_teplomer_teplota,23.08,2026-10-04T09:55:14.068Z
sensor.thread_bmp180_teplomer_teplota,23.09,2026-10-04T09:55:44.067Z
sensor.thread_bmp180_teplomer_teplota,23.08,2026-10-04T09:56:44.068Z
sensor.thread_bmp180_teplomer_teplota,23.07,2026-10-04T09:57:14.065Z
sensor.thread_bmp180_teplomer_teplota,23.06,2026-10-04T09:57:44.067Z
sensor.thread_bmp180_teplomer_teplota,23.08,2026-10-04T09:58:44.068Z
sensor.thread_bmp180_teplomer_teplota,23.06,2026-10-04T09:59:14.066Z
sensor.thread_bmp180_teplomer_teplota,23.08,2026-10-04T09:59:44.067Z
sensor.thread_bmp180_teplomer_teplota,23.07,2026-10-04T10:01:14.065Z
sensor.thread_bmp180_teplomer_teplota,23.08,2026-10-04T10:01:44.065Z
sensor.thread_bmp180_teplomer_teplota,23.1,2026-10-04T10:06:11.482Z
sensor.thread_bmp180_teplomer_teplota,23.09,2026-10-04T10:08:41.482Z
sensor.thread_bmp180_teplomer_teplota,23.1,2026-10-04T10:09:11.480Z
sensor.thread_bmp180_teplomer_teplota,23.09,2026-10-04T10:10:11.482Z
sensor.thread_bmp180_teplomer_teplota,23.1,2026-10-04T10:10:41.481Z
sensor.thread_bmp180_teplomer_teplota,23.09,2026-10-04T10:11:41.483Z
sensor.thread_bmp180_teplomer_teplota,23.1,2026-10-04T10:12:11.481Z
sensor.thread_bmp180_teplomer_teplota,23.08,2026-10-04T10:12:41.483Z
sensor.thread_bmp180_teplomer_teplota,23.1,2026-10-04T10:13:41.481Z
sensor.thread_bmp180_teplomer_teplota,23.09,2026-10-04T10:14:11.482Z
sensor.thread_bmp180_teplomer_teplota,23.1,2026-10-04T10:15:41.482Z
sensor.thread_bmp180_teplomer_teplota,23.11,2026-10-04T10:17:11.480Z
sensor.thread_bmp180_teplomer_teplota,23.1,2026-10-04T10:17:41.481Z
sensor.thread_bmp180_teplomer_teplota,23.11,2026-10-04T10:20:01.639Z
sensor.thread_bmp180_teplomer_teplota,23.13,2026-10-04T10:20:15.144Z
sensor.thread_bmp180_teplomer_teplota,23.11,2026-10-04T10:21:15.144Z
sensor.thread_bmp180_teplomer_teplota,23.12,2026-10-04T10:22:15.143Z
sensor.thread_bmp180_teplomer_teplota,23.13,2026-10-04T10:22:45.144Z
sensor.thread_bmp180_teplomer_teplota,23.15,2026-10-04T10:23:45.143Z
sensor.thread_bmp180_teplomer_teplota,23.13,2026-10-04T10:24:15.144Z
sensor.thread_bmp180_teplomer_teplota,23.15,2026-10-04T10:25:45.144Z
sensor.thread_bmp180_teplomer_teplota,23.13,2026-10-04T10:26:15.143Z
sensor.thread_bmp180_teplomer_teplota,23.12,2026-10-04T10:26:45.143Z
sensor.thread_bmp180_teplomer_teplota,23.13,2026-10-04T10:27:45.142Z
sensor.thread_bmp180_teplomer_teplota,23.1,2026-10-04T10:28:45.144Z
sensor.thread_bmp180_teplomer_teplota,23.11,2026-10-04T10:29:45.143Z
sensor.thread_bmp180_teplomer_teplota,23.13,2026-10-04T10:30:15.142Z
sensor.thread_bmp180_teplomer_teplota,23.12,2026-10-04T10:30:45.144Z
sensor.thread_bmp180_teplomer_teplota,23.14,2026-10-04T10:31:45.145Z
sensor.thread_bmp180_teplomer_teplota,23.13,2026-10-04T10:32:15.143Z
sensor.thread_bmp180_teplomer_teplota,23.15,2026-10-04T10:34:43.830Z
sensor.thread_bmp180_teplomer_teplota,23.13,2026-10-04T10:35:13.830Z
sensor.thread_bmp180_teplomer_teplota,23.15,2026-10-04T10:35:43.831Z
sensor.thread_bmp180_teplomer_teplota,23.14,2026-10-04T10:36:13.828Z
sensor.thread_bmp180_teplomer_teplota,23.15,2026-10-04T10:36:43.830Z
sensor.thread_bmp180_teplomer_teplota,23.16,2026-10-04T10:38:43.829Z
sensor.thread_bmp180_teplomer_teplota,23.17,2026-10-04T10:39:13.829Z
sensor.thread_bmp180_teplomer_teplota,23.15,2026-10-04T10:39:43.829Z
sensor.thread_bmp180_teplomer_teplota,23.14,2026-10-04T10:41:13.829Z
sensor.thread_bmp180_teplomer_teplota,23.15,2026-10-04T10:41:43.829Z
sensor.thread_bmp180_teplomer_teplota,23.14,2026-10-04T10:42:43.831Z
sensor.thread_bmp180_teplomer_teplota,23.13,2026-10-04T10:43:13.829Z
sensor.thread_bmp180_teplomer_teplota,23.15,2026-10-04T10:43:43.830Z
sensor.thread_bmp180_teplomer_teplota,23.14,2026-10-04T10:44:43.830Z
sensor.thread_bmp180_teplomer_teplota,23.16,2026-10-04T10:45:13.830Z
sensor.thread_bmp180_teplomer_teplota,23.15,2026-10-04T10:45:43.830Z
sensor.thread_bmp180_teplomer_teplota,23.16,2026-10-04T10:46:43.830Z
sensor.thread_bmp180_teplomer_teplota,23.2,2026-10-04T10:50:06.176Z
sensor.thread_bmp180_teplomer_teplota,23.19,2026-10-04T10:50:17.290Z
sensor.thread_bmp180_teplomer_teplota,23.18,2026-10-04T10:51:47.290Z
sensor.thread_bmp180_teplomer_teplota,23.2,2026-10-04T10:52:17.290Z
sensor.thread_bmp180_teplomer_teplota,23.19,2026-10-04T10:52:47.291Z
sensor.thread_bmp180_teplomer_teplota,23.18,2026-10-04T10:53:17.290Z
sensor.thread_bmp180_teplomer_teplota,23.17,2026-10-04T10:54:47.290Z
sensor.thread_bmp180_teplomer_teplota,23.16,2026-10-04T10:56:17.290Z
sensor.thread_bmp180_teplomer_teplota,23.17,2026-10-04T10:57:17.290Z
sensor.thread_bmp180_teplomer_teplota,23.16,2026-10-04T10:57:47.288Z
sensor.thread_bmp180_teplomer_teplota,23.18,2026-10-04T10:58:47.289Z
sensor.thread_bmp180_teplomer_teplota,23.16,2026-10-04T10:59:47.290Z
sensor.thread_bmp180_teplomer_teplota,23.17,2026-10-04T11:00:17.291Z
sensor.thread_bmp180_teplomer_teplota,23.16,2026-10-04T11:00:47.290Z
sensor.thread_bmp180_teplomer_teplota,23.17,2026-10-04T11:01:17.290Z
sensor.thread_bmp180_teplomer_teplota,23.18,2026-10-04T11:01:47.288Z
sensor.thread_bmp180_teplomer_teplota,23.19,2026-10-04T11:04:43.843Z
sensor.thread_bmp180_teplomer_teplota,23.2,2026-10-04T11:05:13.843Z
sensor.thread_bmp180_teplomer_teplota,23.19,2026-10-04T11:05:43.844Z
sensor.thread_bmp180_teplomer_teplota,23.18,2026-10-04T11:06:13.843Z
sensor.thread_bmp180_teplomer_teplota,23.2,2026-10-04T11:06:43.844Z
sensor.thread_bmp180_teplomer_teplota,23.19,2026-10-04T11:07:43.845Z
sensor.thread_bmp180_teplomer_teplota,23.2,2026-10-04T11:08:13.844Z
sensor.thread_bmp180_teplomer_teplota,23.19,2026-10-04T11:08:43.845Z
sensor.thread_bmp180_teplomer_teplota,23.21,2026-10-04T11:09:13.844Z
sensor.thread_bmp180_teplomer_teplota,23.2,2026-10-04T11:09:43.843Z
sensor.thread_bmp180_teplomer_teplota,23.22,2026-10-04T11:10:43.844Z
sensor.thread_bmp180_teplomer_teplota,23.21,2026-10-04T11:11:13.844Z
sensor.thread_bmp180_teplomer_teplota,23.2,2026-10-04T11:11:43.845Z
sensor.thread_bmp180_teplomer_teplota,23.21,2026-10-04T11:12:43.842Z
sensor.thread_bmp180_teplomer_teplota,23.2,2026-10-04T11:13:13.843Z
sensor.thread_bmp180_teplomer_teplota,23.21,2026-10-04T11:13:43.843Z
sensor.thread_bmp180_teplomer_teplota,23.22,2026-10-04T11:14:13.842Z
sensor.thread_bmp180_teplomer_teplota,23.23,2026-10-04T11:15:13.844Z
sensor.thread_bmp180_teplomer_teplota,23.21,2026-10-04T11:16:13.844Z
sensor.thread_bmp180_teplomer_teplota,23.2,2026-10-04T11:17:43.842Z
sensor.thread_bmp180_teplomer_teplota,23.23,2026-10-04T11:20:04.327Z
sensor.thread_bmp180_teplomer_teplota,23.21,2026-10-04T11:20:18.587Z
sensor.thread_bmp180_teplomer_teplota,23.24,2026-10-04T11:20:48.586Z
sensor.thread_bmp180_teplomer_teplota,23.21,2026-10-04T11:21:18.585Z
sensor.thread_bmp180_teplomer_teplota,23.23,2026-10-04T11:21:48.587Z
sensor.thread_bmp180_teplomer_teplota,23.21,2026-10-04T11:22:18.588Z
sensor.thread_bmp180_teplomer_teplota,23.22,2026-10-04T11:22:48.584Z
sensor.thread_bmp180_teplomer_teplota,23.23,2026-10-04T11:23:18.587Z
sensor.thread_bmp180_teplomer_teplota,23.21,2026-10-04T11:23:48.585Z
sensor.thread_bmp180_teplomer_teplota,23.23,2026-10-04T11:24:18.586Z
sensor.thread_bmp180_teplomer_teplota,23.21,2026-10-04T11:24:48.587Z
sensor.thread_bmp180_teplomer_teplota,23.23,2026-10-04T11:25:48.587Z
sensor.thread_bmp180_teplomer_teplota,23.24,2026-10-04T11:26:48.584Z
sensor.thread_bmp180_teplomer_teplota,23.23,2026-10-04T11:27:48.584Z
sensor.thread_bmp180_teplomer_teplota,23.25,2026-10-04T11:28:18.585Z
sensor.thread_bmp180_teplomer_teplota,23.23,2026-10-04T11:28:48.586Z
sensor.thread_bmp180_teplomer_teplota,23.24,2026-10-04T11:29:18.584Z
sensor.thread_bmp180_teplomer_teplota,23.25,2026-10-04T11:30:48.585Z
sensor.thread_bmp180_teplomer_teplota,23.27,2026-10-04T11:31:48.585Z
sensor.thread_bmp180_teplomer_teplota,23.25,2026-10-04T11:32:18.586Z
sensor.thread_bmp180_teplomer_teplota,23.26,2026-10-04T11:32:48.585Z
sensor.thread_bmp180_teplomer_teplota,23.28,2026-10-04T11:35:09.189Z
sensor.thread_bmp180_teplomer_teplota,23.27,2026-10-04T11:35:15.111Z
sensor.thread_bmp180_teplomer_teplota,23.28,2026-10-04T11:36:45.113Z
sensor.thread_bmp180_teplomer_teplota,23.27,2026-10-04T11:37:15.111Z
sensor.thread_bmp180_teplomer_teplota,23.28,2026-10-04T11:37:45.113Z
sensor.thread_bmp180_teplomer_teplota,23.29,2026-10-04T11:42:45.112Z
sensor.thread_bmp180_teplomer_teplota,23.3,2026-10-04T11:43:45.113Z
sensor.thread_bmp180_teplomer_teplota,23.29,2026-10-04T11:44:45.113Z
sensor.thread_bmp180_teplomer_teplota,23.3,2026-10-04T11:45:15.113Z
sensor.thread_bmp180_teplomer_teplota,23.29,2026-10-04T11:46:15.113Z
sensor.thread_bmp180_teplomer_teplota,23.3,2026-10-04T11:46:45.112Z
sensor.thread_bmp180_teplomer_teplota,23.32,2026-10-04T11:47:45.113Z
sensor.thread_bmp180_teplomer_teplota,23.3,2026-10-04T11:48:23.802Z
sensor.thread_bmp180_teplomer_teplota,23.31,2026-10-04T11:49:16.208Z
sensor.thread_bmp180_teplomer_teplota,23.32,2026-10-04T11:49:46.208Z
sensor.thread_bmp180_teplomer_teplota,23.3,2026-10-04T11:50:16.209Z
sensor.thread_bmp180_teplomer_teplota,23.31,2026-10-04T11:50:46.208Z
sensor.thread_bmp180_teplomer_teplota,23.3,2026-10-04T11:51:16.210Z
sensor.thread_bmp180_teplomer_teplota,23.32,2026-10-04T11:51:46.210Z
sensor.thread_bmp180_teplomer_teplota,23.33,2026-10-04T11:52:46.209Z
sensor.thread_bmp180_teplomer_teplota,23.34,2026-10-04T11:53:16.208Z
sensor.thread_bmp180_teplomer_teplota,23.33,2026-10-04T11:53:46.207Z
sensor.thread_bmp180_teplomer_teplota,23.32,2026-10-04T11:54:46.206Z
sensor.thread_bmp180_teplomer_teplota,23.33,2026-10-04T11:55:16.206Z
sensor.thread_bmp180_teplomer_teplota,23.34,2026-10-04T11:56:16.216Z
sensor.thread_bmp180_teplomer_teplota,23.33,2026-10-04T11:56:46.209Z
sensor.thread_bmp180_teplomer_teplota,23.35,2026-10-04T11:57:16.211Z
sensor.thread_bmp180_teplomer_teplota,23.34,2026-10-04T11:57:46.209Z
sensor.thread_bmp180_teplomer_teplota,23.35,2026-10-04T11:59:46.208Z
sensor.thread_bmp180_teplomer_teplota,23.37,2026-10-04T12:02:46.210Z
sensor.thread_bmp180_teplomer_teplota,23.36,2026-10-04T12:05:16.792Z
sensor.thread_bmp180_teplomer_teplota,23.37,2026-10-04T12:05:46.792Z
sensor.thread_bmp180_teplomer_teplota,23.35,2026-10-04T12:06:16.794Z
sensor.thread_bmp180_teplomer_teplota,23.38,2026-10-04T12:06:46.793Z
sensor.thread_bmp180_teplomer_teplota,23.37,2026-10-04T12:08:46.792Z
sensor.thread_bmp180_teplomer_teplota,23.38,2026-10-04T12:09:16.794Z
sensor.thread_bmp180_teplomer_teplota,23.4,2026-10-04T12:11:46.792Z
sensor.thread_bmp180_teplomer_teplota,23.38,2026-10-04T12:12:16.793Z
sensor.thread_bmp180_teplomer_teplota,23.39,2026-10-04T12:12:46.793Z
sensor.thread_bmp180_teplomer_teplota,23.4,2026-10-04T12:13:46.791Z
sensor.thread_bmp180_teplomer_teplota,23.41,2026-10-04T12:16:16.792Z
sensor.thread_bmp180_teplomer_teplota,23.4,2026-10-04T12:16:46.793Z
sensor.thread_bmp180_teplomer_teplota,23.41,2026-10-04T12:17:16.793Z
sensor.thread_bmp180_teplomer_teplota,23.42,2026-10-04T12:17:46.792Z
sensor.thread_bmp180_teplomer_teplota,23.43,2026-10-04T12:20:21.896Z
sensor.thread_bmp180_teplomer_teplota,23.42,2026-10-04T12:20:51.895Z
sensor.thread_bmp180_teplomer_teplota,23.44,2026-10-04T12:22:21.894Z
sensor.thread_bmp180_teplomer_teplota,23.42,2026-10-04T12:22:51.895Z
sensor.thread_bmp180_teplomer_teplota,23.43,2026-10-04T12:23:21.895Z
sensor.thread_bmp180_teplomer_teplota,23.45,2026-10-04T12:24:51.896Z
sensor.thread_bmp180_teplomer_teplota,23.43,2026-10-04T12:25:51.895Z
sensor.thread_bmp180_teplomer_teplota,23.45,2026-10-04T12:26:21.893Z
sensor.thread_bmp180_teplomer_teplota,23.47,2026-10-04T12:28:21.896Z
sensor.thread_bmp180_teplomer_teplota,23.45,2026-10-04T12:29:21.894Z
sensor.thread_bmp180_teplomer_teplota,23.47,2026-10-04T12:30:21.894Z
sensor.thread_bmp180_teplomer_teplota,23.46,2026-10-04T12:30:51.893Z
sensor.thread_bmp180_teplomer_teplota,23.47,2026-10-04T12:31:21.894Z
sensor.thread_bmp180_teplomer_teplota,23.48,2026-10-04T12:32:21.896Z
sensor.thread_bmp180_teplomer_teplota,23.47,2026-10-04T12:32:51.896Z
sensor.thread_bmp180_teplomer_teplota,23.48,2026-10-04T12:35:12.200Z
sensor.thread_bmp180_teplomer_teplota,23.49,2026-10-04T12:35:48.792Z
sensor.thread_bmp180_teplomer_teplota,23.5,2026-10-04T12:36:48.790Z
sensor.thread_bmp180_teplomer_teplota,23.49,2026-10-04T12:37:18.793Z
sensor.thread_bmp180_teplomer_teplota,23.5,2026-10-04T12:37:48.791Z
sensor.thread_bmp180_teplomer_teplota,23.53,2026-10-04T12:40:18.790Z
sensor.thread_bmp180_teplomer_teplota,23.52,2026-10-04T12:40:48.790Z
sensor.thread_bmp180_teplomer_teplota,23.55,2026-10-04T12:41:18.792Z
sensor.thread_bmp180_teplomer_teplota,23.53,2026-10-04T12:41:48.792Z
sensor.thread_bmp180_teplomer_teplota,23.54,2026-10-04T12:42:18.792Z
sensor.thread_bmp180_teplomer_teplota,23.55,2026-10-04T12:43:18.792Z
sensor.thread_bmp180_teplomer_teplota,23.57,2026-10-04T12:43:48.792Z
sensor.thread_bmp180_teplomer_teplota,23.58,2026-10-04T12:44:18.792Z
sensor.thread_bmp180_teplomer_teplota,23.6,2026-10-04T12:44:48.790Z
sensor.thread_bmp180_teplomer_teplota,23.61,2026-10-04T12:45:18.791Z
sensor.thread_bmp180_teplomer_teplota,23.62,2026-10-04T12:45:48.790Z
sensor.thread_bmp180_teplomer_teplota,23.65,2026-10-04T12:46:18.792Z
sensor.thread_bmp180_teplomer_teplota,23.67,2026-10-04T12:46:48.792Z
sensor.thread_bmp180_teplomer_teplota,23.68,2026-10-04T12:47:48.791Z
sensor.thread_bmp180_teplomer_teplota,23.72,2026-10-04T12:50:08.817Z
sensor.thread_bmp180_teplomer_teplota,23.76,2026-10-04T12:50:19.151Z
sensor.thread_bmp180_teplomer_teplota,23.79,2026-10-04T12:50:49.151Z
sensor.thread_bmp180_teplomer_teplota,23.81,2026-10-04T12:51:19.154Z
sensor.thread_bmp180_teplomer_teplota,23.82,2026-10-04T12:51:49.152Z
sensor.thread_bmp180_teplomer_teplota,23.84,2026-10-04T12:52:19.154Z
sensor.thread_bmp180_teplomer_teplota,23.86,2026-10-04T12:52:49.154Z
sensor.thread_bmp180_teplomer_teplota,23.87,2026-10-04T12:53:19.162Z
sensor.thread_bmp180_teplomer_teplota,23.89,2026-10-04T12:53:49.152Z
sensor.thread_bmp180_teplomer_teplota,23.91,2026-10-04T12:54:19.152Z
sensor.thread_bmp180_teplomer_teplota,23.92,2026-10-04T12:54:49.152Z
sensor.thread_bmp180_teplomer_teplota,23.93,2026-10-04T12:55:19.153Z
sensor.thread_bmp180_teplomer_teplota,23.96,2026-10-04T12:55:49.151Z
sensor.thread_bmp180_teplomer_teplota,23.97,2026-10-04T12:56:19.151Z
sensor.thread_bmp180_teplomer_teplota,23.98,2026-10-04T12:56:49.154Z
sensor.thread_bmp180_teplomer_teplota,23.99,2026-10-04T12:57:49.153Z
sensor.thread_bmp180_teplomer_teplota,24.02,2026-10-04T12:58:19.153Z
sensor.thread_bmp180_teplomer_teplota,24.04,2026-10-04T12:58:49.151Z
sensor.thread_bmp180_teplomer_teplota,24.06,2026-10-04T12:59:49.159Z
sensor.thread_bmp180_teplomer_teplota,24.07,2026-10-04T13:00:19.152Z
sensor.thread_bmp180_teplomer_teplota,24.11,2026-10-04T13:00:49.151Z
sensor.thread_bmp180_teplomer_teplota,24.12,2026-10-04T13:01:49.152Z
sensor.thread_bmp180_teplomer_teplota,24.13,2026-10-04T13:02:19.162Z
sensor.thread_bmp180_teplomer_teplota,24.19,2026-10-04T13:04:39.249Z
sensor.thread_bmp180_teplomer_teplota,24.22,2026-10-04T13:04:52.898Z
sensor.thread_bmp180_teplomer_teplota,24.24,2026-10-04T13:05:22.898Z
sensor.thread_bmp180_teplomer_teplota,24.23,2026-10-04T13:05:52.895Z
sensor.thread_bmp180_teplomer_teplota,24.25,2026-10-04T13:06:22.898Z
sensor.thread_bmp180_teplomer_teplota,24.26,2026-10-04T13:07:22.906Z
sensor.thread_bmp180_teplomer_teplota,24.28,2026-10-04T13:07:52.895Z
sensor.thread_bmp180_teplomer_teplota,24.29,2026-10-04T13:08:22.895Z
sensor.thread_bmp180_teplomer_teplota,24.31,2026-10-04T13:09:22.897Z
sensor.thread_bmp180_teplomer_teplota,24.3,2026-10-04T13:10:52.897Z
sensor.thread_bmp180_teplomer_teplota,24.31,2026-10-04T13:11:22.896Z
sensor.thread_bmp180_teplomer_teplota,24.33,2026-10-04T13:11:52.898Z
sensor.thread_bmp180_teplomer_teplota,24.32,2026-10-04T13:12:22.896Z
sensor.thread_bmp180_teplomer_teplota,24.33,2026-10-04T13:12:52.898Z
sensor.thread_bmp180_teplomer_teplota,24.35,2026-10-04T13:13:52.904Z
sensor.thread_bmp180_teplomer_teplota,24.34,2026-10-04T13:14:22.896Z
sensor.thread_bmp180_teplomer_teplota,24.35,2026-10-04T13:14:52.897Z
sensor.thread_bmp180_teplomer_teplota,24.36,2026-10-04T13:15:22.896Z
sensor.thread_bmp180_teplomer_teplota,24.38,2026-10-04T13:16:22.914Z
sensor.thread_bmp180_teplomer_teplota,24.35,2026-10-04T13:16:52.895Z
sensor.thread_bmp180_teplomer_teplota,24.36,2026-10-04T13:17:22.903Z
sensor.thread_bmp180_teplomer_teplota,24.37,2026-10-04T13:19:43.760Z
sensor.thread_bmp180_teplomer_teplota,24.36,2026-10-04T13:19:53.516Z
sensor.thread_bmp180_teplomer_teplota,24.35,2026-10-04T13:22:23.524Z
sensor.thread_bmp180_teplomer_teplota,24.38,2026-10-04T13:22:53.515Z
sensor.thread_bmp180_teplomer_teplota,24.37,2026-10-04T13:23:23.513Z
sensor.thread_bmp180_teplomer_teplota,24.38,2026-10-04T13:23:53.515Z
sensor.thread_bmp180_teplomer_teplota,24.37,2026-10-04T13:24:23.515Z
sensor.thread_bmp180_teplomer_teplota,24.38,2026-10-04T13:24:53.515Z
sensor.thread_bmp180_teplomer_teplota,24.39,2026-10-04T13:25:53.515Z
sensor.thread_bmp180_teplomer_teplota,24.38,2026-10-04T13:26:23.514Z
sensor.thread_bmp180_teplomer_teplota,24.39,2026-10-04T13:27:23.515Z
sensor.thread_bmp180_teplomer_teplota,24.38,2026-10-04T13:27:53.513Z
sensor.thread_bmp180_teplomer_teplota,24.37,2026-10-04T13:28:53.515Z
sensor.thread_bmp180_teplomer_teplota,24.38,2026-10-04T13:29:23.515Z
sensor.thread_bmp180_teplomer_teplota,24.37,2026-10-04T13:29:53.515Z
sensor.thread_bmp180_teplomer_teplota,24.36,2026-10-04T13:30:23.523Z
sensor.thread_bmp180_teplomer_teplota,24.37,2026-10-04T13:30:53.514Z
sensor.thread_bmp180_teplomer_teplota,24.38,2026-10-04T13:31:23.513Z
sensor.thread_bmp180_teplomer_teplota,24.36,2026-10-04T13:32:23.513Z
sensor.thread_bmp180_teplomer_teplota,24.38,2026-10-04T13:32:53.513Z
sensor.thread_bmp180_teplomer_teplota,24.39,2026-10-04T13:35:23.465Z
sensor.thread_bmp180_teplomer_teplota,24.41,2026-10-04T13:36:53.465Z
sensor.thread_bmp180_teplomer_teplota,24.39,2026-10-04T13:37:23.465Z
sensor.thread_bmp180_teplomer_teplota,24.4,2026-10-04T13:37:53.465Z
sensor.thread_bmp180_teplomer_teplota,24.41,2026-10-04T13:38:53.462Z
sensor.thread_bmp180_teplomer_teplota,24.4,2026-10-04T13:39:23.464Z
sensor.thread_bmp180_teplomer_teplota,24.39,2026-10-04T13:39:53.463Z
sensor.thread_bmp180_teplomer_teplota,24.4,2026-10-04T13:40:23.464Z
sensor.thread_bmp180_teplomer_teplota,24.39,2026-10-04T13:41:23.463Z
sensor.thread_bmp180_teplomer_teplota,24.4,2026-10-04T13:41:53.465Z
sensor.thread_bmp180_teplomer_teplota,24.39,2026-10-04T13:42:23.463Z
sensor.thread_bmp180_teplomer_teplota,24.42,2026-10-04T13:42:53.463Z
sensor.thread_bmp180_teplomer_teplota,24.41,2026-10-04T13:43:23.463Z
sensor.thread_bmp180_teplomer_teplota,24.39,2026-10-04T13:44:53.463Z
sensor.thread_bmp180_teplomer_teplota,24.41,2026-10-04T13:45:23.465Z
sensor.thread_bmp180_teplomer_teplota,24.42,2026-10-04T13:46:53.464Z
sensor.thread_bmp180_teplomer_teplota,24.41,2026-10-04T13:47:53.463Z
sensor.thread_bmp180_teplomer_teplota,24.4,2026-10-04T13:50:14.198Z
sensor.thread_bmp180_teplomer_teplota,24.41,2026-10-04T13:50:28.233Z
sensor.thread_bmp180_teplomer_teplota,24.42,2026-10-04T13:50:58.235Z
sensor.thread_bmp180_teplomer_teplota,24.43,2026-10-04T13:51:28.235Z
sensor.thread_bmp180_teplomer_teplota,24.44,2026-10-04T13:53:28.235Z
sensor.thread_bmp180_teplomer_teplota,24.43,2026-10-04T13:54:28.234Z
sensor.thread_bmp180_teplomer_teplota,24.45,2026-10-04T13:55:28.234Z
sensor.thread_bmp180_teplomer_teplota,24.46,2026-10-04T13:55:58.236Z
sensor.thread_bmp180_teplomer_teplota,24.47,2026-10-04T13:56:58.234Z
sensor.thread_bmp180_teplomer_teplota,24.45,2026-10-04T13:57:28.233Z
sensor.thread_bmp180_teplomer_teplota,24.46,2026-10-04T13:57:58.236Z
sensor.thread_bmp180_teplomer_teplota,24.47,2026-10-04T13:58:28.235Z
sensor.thread_bmp180_teplomer_teplota,24.48,2026-10-04T13:59:28.236Z
sensor.thread_bmp180_teplomer_teplota,24.49,2026-10-04T13:59:58.234Z
sensor.thread_bmp180_teplomer_teplota,24.51,2026-10-04T14:00:28.235Z
sensor.thread_bmp180_teplomer_teplota,24.5,2026-10-04T14:00:58.244Z
sensor.thread_bmp180_teplomer_teplota,24.51,2026-10-04T14:01:28.236Z
sensor.thread_bmp180_teplomer_teplota,24.57,2026-10-04T14:01:58.243Z
sensor.thread_bmp180_teplomer_teplota,24.64,2026-10-04T14:02:28.243Z
sensor.thread_bmp180_teplomer_teplota,24.72,2026-10-04T14:02:58.243Z
sensor.thread_bmp180_teplomer_teplota,25.12,2026-10-04T14:05:18.986Z
sensor.thread_bmp180_teplomer_teplota,25.17,2026-10-04T14:05:26.804Z
sensor.thread_bmp180_teplomer_teplota,25.25,2026-10-04T14:05:56.803Z
sensor.thread_bmp180_teplomer_teplota,25.29,2026-10-04T14:06:26.802Z
sensor.thread_bmp180_teplomer_teplota,25.34,2026-10-04T14:06:56.812Z
sensor.thread_bmp180_teplomer_teplota,25.33,2026-10-04T14:07:26.803Z
sensor.thread_bmp180_teplomer_teplota,25.39,2026-10-04T14:07:56.803Z
sensor.thread_bmp180_teplomer_teplota,25.42,2026-10-04T14:08:26.813Z
sensor.thread_bmp180_teplomer_teplota,25.43,2026-10-04T14:08:56.811Z
sensor.thread_bmp180_teplomer_teplota,25.41,2026-10-04T14:09:56.813Z
sensor.thread_bmp180_teplomer_teplota,25.44,2026-10-04T14:10:26.803Z
sensor.thread_bmp180_teplomer_teplota,25.46,2026-10-04T14:10:56.802Z
sensor.thread_bmp180_teplomer_teplota,25.48,2026-10-04T14:11:26.804Z
sensor.thread_bmp180_teplomer_teplota,25.51,2026-10-04T14:11:56.804Z
sensor.thread_bmp180_teplomer_teplota,25.57,2026-10-04T14:12:26.804Z
sensor.thread_bmp180_teplomer_teplota,25.61,2026-10-04T14:12:56.810Z
sensor.thread_bmp180_teplomer_teplota,25.64,2026-10-04T14:13:26.802Z
sensor.thread_bmp180_teplomer_teplota,25.66,2026-10-04T14:13:56.804Z
sensor.thread_bmp180_teplomer_teplota,25.68,2026-10-04T14:14:26.804Z
sensor.thread_bmp180_teplomer_teplota,25.7,2026-10-04T14:14:56.803Z
sensor.thread_bmp180_teplomer_teplota,25.74,2026-10-04T14:15:26.803Z
sensor.thread_bmp180_teplomer_teplota,25.77,2026-10-04T14:15:56.804Z
sensor.thread_bmp180_teplomer_teplota,25.8,2026-10-04T14:16:26.810Z
sensor.thread_bmp180_teplomer_teplota,25.81,2026-10-04T14:16:56.802Z
sensor.thread_bmp180_teplomer_teplota,25.77,2026-10-04T14:17:26.803Z
sensor.thread_bmp180_teplomer_teplota,25.79,2026-10-04T14:17:56.810Z
sensor.thread_bmp180_teplomer_teplota,25.49,2026-10-04T14:20:16.897Z
sensor.thread_bmp180_teplomer_teplota,25.38,2026-10-04T14:20:27.600Z
sensor.thread_bmp180_teplomer_teplota,25.3,2026-10-04T14:20:57.592Z
sensor.thread_bmp180_teplomer_teplota,25.22,2026-10-04T14:21:27.591Z
sensor.thread_bmp180_teplomer_teplota,25.18,2026-10-04T14:21:57.592Z
sensor.thread_bmp180_teplomer_teplota,25.11,2026-10-04T14:22:27.591Z
sensor.thread_bmp180_teplomer_teplota,25.07,2026-10-04T14:22:57.592Z
sensor.thread_bmp180_teplomer_teplota,25.02,2026-10-04T14:23:27.590Z
sensor.thread_bmp180_teplomer_teplota,24.99,2026-10-04T14:23:57.593Z
sensor.thread_bmp180_teplomer_teplota,24.97,2026-10-04T14:24:27.591Z
sensor.thread_bmp180_teplomer_teplota,24.95,2026-10-04T14:24:57.592Z
sensor.thread_bmp180_teplomer_teplota,24.92,2026-10-04T14:25:27.592Z
sensor.thread_bmp180_teplomer_teplota,24.9,2026-10-04T14:25:57.592Z
sensor.thread_bmp180_teplomer_teplota,24.88,2026-10-04T14:26:27.599Z
sensor.thread_bmp180_teplomer_teplota,24.89,2026-10-04T14:27:27.592Z
sensor.thread_bmp180_teplomer_teplota,24.86,2026-10-04T14:27:57.591Z
sensor.thread_bmp180_teplomer_teplota,24.84,2026-10-04T14:28:57.593Z
sensor.thread_bmp180_teplomer_teplota,24.83,2026-10-04T14:29:27.599Z
sensor.thread_bmp180_teplomer_teplota,24.82,2026-10-04T14:29:57.591Z
sensor.thread_bmp180_teplomer_teplota,24.81,2026-10-04T14:30:57.593Z
sensor.thread_bmp180_teplomer_teplota,24.79,2026-10-04T14:31:27.591Z
sensor.thread_bmp180_teplomer_teplota,24.78,2026-10-04T14:32:57.593Z
sensor.thread_bmp180_teplomer_teplota,24.75,2026-10-04T14:35:18.255Z
sensor.thread_bmp180_teplomer_teplota,24.74,2026-10-04T14:36:30.190Z
sensor.thread_bmp180_teplomer_teplota,24.73,2026-10-04T14:37:00.191Z
sensor.thread_bmp180_teplomer_teplota,24.72,2026-10-04T14:37:30.191Z
sensor.thread_bmp180_teplomer_teplota,24.7,2026-10-04T14:38:30.190Z
sensor.thread_bmp180_teplomer_teplota,24.68,2026-10-04T14:39:00.191Z
sensor.thread_bmp180_teplomer_teplota,24.67,2026-10-04T14:41:00.199Z
sensor.thread_bmp180_teplomer_teplota,24.66,2026-10-04T14:43:00.190Z
sensor.thread_bmp180_teplomer_teplota,24.67,2026-10-04T14:43:30.189Z
sensor.thread_bmp180_teplomer_teplota,24.66,2026-10-04T14:44:00.190Z
sensor.thread_bmp180_teplomer_teplota,24.63,2026-10-04T14:45:30.189Z
sensor.thread_bmp180_teplomer_teplota,24.64,2026-10-04T14:46:30.190Z
sensor.thread_bmp180_teplomer_teplota,24.63,2026-10-04T14:47:00.191Z
sensor.thread_bmp180_teplomer_teplota,24.6,2026-10-04T14:50:22.584Z
sensor.thread_bmp180_teplomer_teplota,24.59,2026-10-04T14:50:28.913Z
sensor.thread_bmp180_teplomer_teplota,24.57,2026-10-04T14:50:58.911Z
sensor.thread_bmp180_teplomer_teplota,24.58,2026-10-04T14:51:28.911Z
sensor.thread_bmp180_teplomer_teplota,24.57,2026-10-04T14:51:58.921Z
sensor.thread_bmp180_teplomer_teplota,24.56,2026-10-04T14:52:58.914Z
sensor.thread_bmp180_teplomer_teplota,24.55,2026-10-04T14:53:28.912Z
sensor.thread_bmp180_teplomer_teplota,24.54,2026-10-04T14:53:58.911Z
sensor.thread_bmp180_teplomer_teplota,24.53,2026-10-04T14:55:28.912Z
sensor.thread_bmp180_teplomer_teplota,24.52,2026-10-04T14:56:28.914Z
sensor.thread_bmp180_teplomer_teplota,24.53,2026-10-04T14:56:58.923Z
sensor.thread_bmp180_teplomer_teplota,24.51,2026-10-04T14:57:28.913Z
sensor.thread_bmp180_teplomer_teplota,24.52,2026-10-04T14:57:58.911Z
sensor.thread_bmp180_teplomer_teplota,24.49,2026-10-04T14:58:28.911Z
sensor.thread_bmp180_teplomer_teplota,24.48,2026-10-04T14:59:28.912Z
sensor.thread_bmp180_teplomer_teplota,24.47,2026-10-04T14:59:58.913Z
sensor.thread_bmp180_teplomer_teplota,24.46,2026-10-04T15:00:58.913Z
sensor.thread_bmp180_teplomer_teplota,24.45,2026-10-04T15:01:28.922Z
sensor.thread_bmp180_teplomer_teplota,24.46,2026-10-04T15:02:28.912Z
sensor.thread_bmp180_teplomer_teplota,24.44,2026-10-04T15:02:58.939Z
sensor.thread_bmp180_teplomer_teplota,24.42,2026-10-04T15:05:19.603Z
sensor.thread_bmp180_teplomer_teplota,24.43,2026-10-04T15:05:27.958Z
sensor.thread_bmp180_teplomer_teplota,24.41,2026-10-04T15:05:57.957Z
sensor.thread_bmp180_teplomer_teplota,24.42,2026-10-04T15:06:57.960Z
sensor.thread_bmp180_teplomer_teplota,24.41,2026-10-04T15:07:27.958Z
sensor.thread_bmp180_teplomer_teplota,24.39,2026-10-04T15:07:57.967Z
sensor.thread_bmp180_teplomer_teplota,24.38,2026-10-04T15:09:57.958Z
sensor.thread_bmp180_teplomer_teplota,24.37,2026-10-04T15:11:27.958Z
sensor.thread_bmp180_teplomer_teplota,24.38,2026-10-04T15:11:57.957Z
sensor.thread_bmp180_teplomer_teplota,24.36,2026-10-04T15:15:27.959Z
sensor.thread_bmp180_teplomer_teplota,24.37,2026-10-04T15:15:57.958Z
sensor.thread_bmp180_teplomer_teplota,24.38,2026-10-04T15:16:57.960Z
sensor.thread_bmp180_teplomer_teplota,24.36,2026-10-04T15:17:27.958Z
sensor.thread_bmp180_teplomer_teplota,24.33,2026-10-04T15:18:36.641Z
sensor.thread_bmp180_teplomer_teplota,24.34,2026-10-04T15:19:03.219Z
sensor.thread_bmp180_teplomer_teplota,24.33,2026-10-04T15:21:03.212Z
sensor.thread_bmp180_teplomer_teplota,24.31,2026-10-04T15:22:03.214Z
sensor.thread_bmp180_teplomer_teplota,24.33,2026-10-04T15:22:33.220Z
sensor.thread_bmp180_teplomer_teplota,24.32,2026-10-04T15:23:33.212Z
sensor.thread_bmp180_teplomer_teplota,24.31,2026-10-04T15:24:03.219Z
sensor.thread_bmp180_teplomer_teplota,24.32,2026-10-04T15:24:33.211Z
sensor.thread_bmp180_teplomer_teplota,24.31,2026-10-04T15:25:03.211Z
sensor.thread_bmp180_teplomer_teplota,24.29,2026-10-04T15:25:33.213Z
sensor.thread_bmp180_teplomer_teplota,24.28,2026-10-04T15:26:03.211Z
sensor.thread_bmp180_teplomer_teplota,24.27,2026-10-04T15:27:33.213Z
sensor.thread_bmp180_teplomer_teplota,24.29,2026-10-04T15:28:03.212Z
sensor.thread_bmp180_teplomer_teplota,24.27,2026-10-04T15:28:33.219Z
sensor.thread_bmp180_teplomer_teplota,24.28,2026-10-04T15:29:03.212Z
sensor.thread_bmp180_teplomer_teplota,24.27,2026-10-04T15:29:33.211Z
sensor.thread_bmp180_teplomer_teplota,24.26,2026-10-04T15:31:03.213Z
sensor.thread_bmp180_teplomer_teplota,24.27,2026-10-04T15:31:33.219Z
sensor.thread_bmp180_teplomer_teplota,24.26,2026-10-04T15:32:33.211Z
sensor.thread_bmp180_teplomer_teplota,24.25,2026-10-04T15:33:03.211Z
sensor.thread_bmp180_teplomer_teplota,24.23,2026-10-04T15:35:23.785Z
sensor.thread_bmp180_teplomer_teplota,24.24,2026-10-04T15:35:29.466Z
sensor.thread_bmp180_teplomer_teplota,24.22,2026-10-04T15:36:59.467Z
sensor.thread_bmp180_teplomer_teplota,24.23,2026-10-04T15:37:59.469Z
sensor.thread_bmp180_teplomer_teplota,24.21,2026-10-04T15:38:29.487Z
sensor.thread_bmp180_teplomer_teplota,24.23,2026-10-04T15:39:29.466Z
sensor.thread_bmp180_teplomer_teplota,24.22,2026-10-04T15:40:29.468Z
sensor.thread_bmp180_teplomer_teplota,24.21,2026-10-04T15:40:59.469Z
sensor.thread_bmp180_teplomer_teplota,24.22,2026-10-04T15:41:59.469Z
sensor.thread_bmp180_teplomer_teplota,24.21,2026-10-04T15:42:29.478Z
sensor.thread_bmp180_teplomer_teplota,24.2,2026-10-04T15:43:29.468Z
sensor.thread_bmp180_teplomer_teplota,24.22,2026-10-04T15:43:59.475Z
sensor.thread_bmp180_teplomer_teplota,24.21,2026-10-04T15:44:29.468Z
sensor.thread_bmp180_teplomer_teplota,24.19,2026-10-04T15:45:29.469Z
sensor.thread_bmp180_teplomer_teplota,24.18,2026-10-04T15:46:29.468Z
sensor.thread_bmp180_teplomer_teplota,24.21,2026-10-04T15:46:59.466Z
sensor.thread_bmp180_teplomer_teplota,24.2,2026-10-04T15:47:29.467Z
sensor.thread_bmp180_teplomer_teplota,24.21,2026-10-04T15:47:59.468Z
sensor.thread_bmp180_teplomer_teplota,24.17,2026-10-04T15:50:19.494Z
sensor.thread_bmp180_teplomer_teplota,24.19,2026-10-04T15:52:34.082Z
sensor.thread_bmp180_teplomer_teplota,24.18,2026-10-04T15:53:04.075Z
sensor.thread_bmp180_teplomer_teplota,24.16,2026-10-04T15:53:34.075Z
sensor.thread_bmp180_teplomer_teplota,24.17,2026-10-04T15:54:04.074Z
sensor.thread_bmp180_teplomer_teplota,24.18,2026-10-04T15:54:34.073Z
sensor.thread_bmp180_teplomer_teplota,24.16,2026-10-04T15:55:04.075Z
sensor.thread_bmp180_teplomer_teplota,24.17,2026-10-04T15:56:04.075Z
sensor.thread_bmp180_teplomer_teplota,24.16,2026-10-04T15:57:34.075Z
sensor.thread_bmp180_teplomer_teplota,24.14,2026-10-04T15:58:34.074Z
sensor.thread_bmp180_teplomer_teplota,24.16,2026-10-04T15:59:04.075Z
sensor.thread_bmp180_teplomer_teplota,24.14,2026-10-04T16:00:34.075Z
sensor.thread_bmp180_teplomer_teplota,24.15,2026-10-04T16:02:04.076Z
sensor.thread_bmp180_teplomer_teplota,24.14,2026-10-04T16:02:34.074Z
sensor.thread_bmp180_teplomer_teplota,24.12,2026-10-04T16:04:54.135Z
sensor.thread_bmp180_teplomer_teplota,24.14,2026-10-04T16:05:04.009Z
sensor.thread_bmp180_teplomer_teplota,24.12,2026-10-04T16:05:34.019Z
sensor.thread_bmp180_teplomer_teplota,24.13,2026-10-04T16:06:34.011Z
sensor.thread_bmp180_teplomer_teplota,24.12,2026-10-04T16:07:04.012Z
sensor.thread_bmp180_teplomer_teplota,24.11,2026-10-04T16:07:34.009Z
sensor.thread_bmp180_teplomer_teplota,24.13,2026-10-04T16:08:04.011Z
sensor.thread_bmp180_teplomer_teplota,24.12,2026-10-04T16:09:04.011Z
sensor.thread_bmp180_teplomer_teplota,24.13,2026-10-04T16:10:04.021Z
sensor.thread_bmp180_teplomer_teplota,24.11,2026-10-04T16:11:04.010Z
sensor.thread_bmp180_teplomer_teplota,24.12,2026-10-04T16:12:34.011Z
sensor.thread_bmp180_teplomer_teplota,24.11,2026-10-04T16:13:04.020Z
sensor.thread_bmp180_teplomer_teplota,24.1,2026-10-04T16:15:34.011Z
sensor.thread_bmp180_teplomer_teplota,24.11,2026-10-04T16:16:04.010Z
sensor.thread_bmp180_teplomer_teplota,24.1,2026-10-04T16:16:34.020Z
sensor.thread_bmp180_teplomer_teplota,24.09,2026-10-04T16:17:04.013Z
sensor.thread_bmp180_teplomer_teplota,24.11,2026-10-04T16:18:04.012Z
sensor.thread_bmp180_teplomer_teplota,24.06,2026-10-04T16:20:24.851Z
sensor.thread_bmp180_teplomer_teplota,24.07,2026-10-04T16:20:34.040Z
sensor.thread_bmp180_teplomer_teplota,24.06,2026-10-04T16:22:34.030Z
sensor.thread_bmp180_teplomer_teplota,24.05,2026-10-04T16:23:04.037Z
sensor.thread_bmp180_teplomer_teplota,24.04,2026-10-04T16:24:04.029Z
sensor.thread_bmp180_teplomer_teplota,24.05,2026-10-04T16:24:34.030Z
sensor.thread_bmp180_teplomer_teplota,24.04,2026-10-04T16:25:04.030Z
sensor.thread_bmp180_teplomer_teplota,24.02,2026-10-04T16:26:04.029Z
sensor.thread_bmp180_teplomer_teplota,24.04,2026-10-04T16:26:34.031Z
sensor.thread_bmp180_teplomer_teplota,24.03,2026-10-04T16:27:34.030Z
sensor.thread_bmp180_teplomer_teplota,24.04,2026-10-04T16:28:34.030Z
sensor.thread_bmp180_teplomer_teplota,24.02,2026-10-04T16:29:04.030Z
sensor.thread_bmp180_teplomer_teplota,23.99,2026-10-04T16:31:34.030Z
sensor.thread_bmp180_teplomer_teplota,24.01,2026-10-04T16:32:04.036Z
sensor.thread_bmp180_teplomer_teplota,24.02,2026-10-04T16:33:04.030Z
sensor.thread_bmp180_teplomer_teplota,24.04,2026-10-04T16:35:36.176Z
sensor.thread_bmp180_teplomer_teplota,24.07,2026-10-04T16:36:36.183Z
sensor.thread_bmp180_teplomer_teplota,24.09,2026-10-04T16:37:36.177Z
sensor.thread_bmp180_teplomer_teplota,24.11,2026-10-04T16:38:06.178Z
sensor.thread_bmp180_teplomer_teplota,24.09,2026-10-04T16:38:36.177Z
sensor.thread_bmp180_teplomer_teplota,24.11,2026-10-04T16:39:06.207Z
sensor.thread_bmp180_teplomer_teplota,24.1,2026-10-04T16:39:36.178Z
sensor.thread_bmp180_teplomer_teplota,24.13,2026-10-04T16:40:06.184Z
sensor.thread_bmp180_teplomer_teplota,24.12,2026-10-04T16:40:36.177Z
sensor.thread_bmp180_teplomer_teplota,24.14,2026-10-04T16:41:08.340Z
sensor.thread_bmp180_teplomer_teplota,24.15,2026-10-04T16:41:36.176Z
sensor.thread_bmp180_teplomer_teplota,24.16,2026-10-04T16:42:06.177Z
sensor.thread_bmp180_teplomer_teplota,24.14,2026-10-04T16:42:36.185Z
sensor.thread_bmp180_teplomer_teplota,24.16,2026-10-04T16:43:06.177Z
sensor.thread_bmp180_teplomer_teplota,24.17,2026-10-04T16:43:36.176Z
sensor.thread_bmp180_teplomer_teplota,24.18,2026-10-04T16:44:06.177Z
sensor.thread_bmp180_teplomer_teplota,24.2,2026-10-04T16:44:36.178Z
sensor.thread_bmp180_teplomer_teplota,24.21,2026-10-04T16:45:06.176Z
sensor.thread_bmp180_teplomer_teplota,24.23,2026-10-04T16:45:36.175Z
sensor.thread_bmp180_teplomer_teplota,24.24,2026-10-04T16:46:06.185Z
sensor.thread_bmp180_teplomer_teplota,24.26,2026-10-04T16:46:36.176Z
sensor.thread_bmp180_teplomer_teplota,24.31,2026-10-04T16:48:06.178Z
sensor.thread_bmp180_teplomer_teplota,24.34,2026-10-04T16:50:26.428Z
sensor.thread_bmp180_teplomer_teplota,24.32,2026-10-04T16:50:36.917Z
sensor.thread_bmp180_teplomer_teplota,24.29,2026-10-04T16:51:06.901Z
sensor.thread_bmp180_teplomer_teplota,24.28,2026-10-04T16:51:36.901Z
sensor.thread_bmp180_teplomer_teplota,24.3,2026-10-04T16:52:06.923Z
sensor.thread_bmp180_teplomer_teplota,24.31,2026-10-04T16:53:06.917Z
sensor.thread_bmp180_teplomer_teplota,24.36,2026-10-04T16:53:36.908Z
sensor.thread_bmp180_teplomer_teplota,24.34,2026-10-04T16:54:06.899Z
sensor.thread_bmp180_teplomer_teplota,24.36,2026-10-04T16:54:36.900Z
sensor.thread_bmp180_teplomer_teplota,24.37,2026-10-04T16:55:06.900Z
sensor.thread_bmp180_teplomer_teplota,24.36,2026-10-04T16:55:36.900Z
sensor.thread_bmp180_teplomer_teplota,24.39,2026-10-04T16:57:06.899Z
sensor.thread_bmp180_teplomer_teplota,24.37,2026-10-04T16:57:36.901Z
sensor.thread_bmp180_teplomer_teplota,24.42,2026-10-04T16:58:06.909Z
sensor.thread_bmp180_teplomer_teplota,24.46,2026-10-04T16:58:36.901Z
sensor.thread_bmp180_teplomer_teplota,24.43,2026-10-04T16:59:06.901Z
sensor.thread_bmp180_teplomer_teplota,24.42,2026-10-04T16:59:36.898Z
sensor.thread_bmp180_teplomer_teplota,24.46,2026-10-04T17:00:06.899Z
sensor.thread_bmp180_teplomer_teplota,24.43,2026-10-04T17:01:06.901Z
sensor.thread_bmp180_teplomer_teplota,24.45,2026-10-04T17:01:36.902Z
sensor.thread_bmp180_teplomer_teplota,24.44,2026-10-04T17:02:06.900Z
sensor.thread_bmp180_teplomer_teplota,24.47,2026-10-04T17:02:36.899Z
sensor.thread_bmp180_teplomer_teplota,24.48,2026-10-04T17:03:06.899Z
sensor.thread_bmp180_teplomer_teplota,24.44,2026-10-04T17:03:43.589Z
sensor.thread_bmp180_teplomer_teplota,24.45,2026-10-04T17:04:05.448Z
sensor.thread_bmp180_teplomer_teplota,24.46,2026-10-04T17:04:35.448Z
sensor.thread_bmp180_teplomer_teplota,24.45,2026-10-04T17:06:05.448Z
sensor.thread_bmp180_teplomer_teplota,24.44,2026-10-04T17:06:35.465Z
sensor.thread_bmp180_teplomer_teplota,24.45,2026-10-04T17:07:05.449Z
sensor.thread_bmp180_teplomer_teplota,24.44,2026-10-04T17:07:35.458Z
sensor.thread_bmp180_teplomer_teplota,24.43,2026-10-04T17:08:35.450Z
sensor.thread_bmp180_teplomer_teplota,24.44,2026-10-04T17:09:05.449Z
sensor.thread_bmp180_teplomer_teplota,24.46,2026-10-04T17:10:05.456Z
sensor.thread_bmp180_teplomer_teplota,24.47,2026-10-04T17:11:35.457Z
sensor.thread_bmp180_teplomer_teplota,24.46,2026-10-04T17:12:05.447Z
sensor.thread_bmp180_teplomer_teplota,24.44,2026-10-04T17:12:35.457Z
sensor.thread_bmp180_teplomer_teplota,24.45,2026-10-04T17:13:05.448Z
sensor.thread_bmp180_teplomer_teplota,24.43,2026-10-04T17:14:05.448Z
sensor.thread_bmp180_teplomer_teplota,24.45,2026-10-04T17:14:35.460Z
sensor.thread_bmp180_teplomer_teplota,24.43,2026-10-04T17:15:05.448Z
sensor.thread_bmp180_teplomer_teplota,24.44,2026-10-04T17:16:05.448Z
sensor.thread_bmp180_teplomer_teplota,24.46,2026-10-04T17:16:35.486Z
sensor.thread_bmp180_teplomer_teplota,24.44,2026-10-04T17:18:05.448Z
sensor.thread_bmp180_teplomer_teplota,24.43,2026-10-04T17:20:26.464Z
sensor.thread_bmp180_teplomer_teplota,24.44,2026-10-04T17:20:39.820Z
sensor.thread_bmp180_teplomer_teplota,24.43,2026-10-04T17:21:09.822Z
sensor.thread_bmp180_teplomer_teplota,24.44,2026-10-04T17:22:09.832Z
sensor.thread_bmp180_teplomer_teplota,24.43,2026-10-04T17:22:39.823Z
sensor.thread_bmp180_teplomer_teplota,24.44,2026-10-04T17:23:09.830Z
sensor.thread_bmp180_teplomer_teplota,24.43,2026-10-04T17:23:39.823Z
sensor.thread_bmp180_teplomer_teplota,24.42,2026-10-04T17:24:09.850Z
sensor.thread_bmp180_teplomer_teplota,24.41,2026-10-04T17:24:39.823Z
sensor.thread_bmp180_teplomer_teplota,24.42,2026-10-04T17:25:09.886Z
sensor.thread_bmp180_teplomer_teplota,24.43,2026-10-04T17:25:39.841Z
sensor.thread_bmp180_teplomer_teplota,24.44,2026-10-04T17:26:09.820Z
sensor.thread_bmp180_teplomer_teplota,24.43,2026-10-04T17:26:39.820Z
sensor.thread_bmp180_teplomer_teplota,24.44,2026-10-04T17:27:09.838Z
sensor.thread_bmp180_teplomer_teplota,24.43,2026-10-04T17:27:39.831Z
sensor.thread_bmp180_teplomer_teplota,24.42,2026-10-04T17:28:09.822Z
sensor.thread_bmp180_teplomer_teplota,24.43,2026-10-04T17:28:39.822Z
sensor.thread_bmp180_teplomer_teplota,24.41,2026-10-04T17:29:09.855Z
sensor.thread_bmp180_teplomer_teplota,24.42,2026-10-04T17:30:39.821Z
sensor.thread_bmp180_teplomer_teplota,24.43,2026-10-04T17:31:39.820Z
sensor.thread_bmp180_teplomer_teplota,24.45,2026-10-04T17:32:09.820Z
sensor.thread_bmp180_teplomer_teplota,24.43,2026-10-04T17:32:39.820Z
sensor.thread_bmp180_teplomer_teplota,unknown,2026-10-04T17:33:38.450Z
sensor.thread_bmp180_teplomer_teplota,24.41,2026-10-04T17:33:43.485Z
sensor.thread_bmp180_teplomer_teplota,24.42,2026-10-04T17:35:11.007Z
sensor.thread_bmp180_teplomer_teplota,24.4,2026-10-04T17:35:41.005Z
sensor.thread_bmp180_teplomer_teplota,24.39,2026-10-04T17:36:11.052Z
sensor.thread_bmp180_teplomer_teplota,24.4,2026-10-04T17:36:41.006Z
sensor.thread_bmp180_teplomer_teplota,24.41,2026-10-04T17:37:11.084Z
sensor.thread_bmp180_teplomer_teplota,24.42,2026-10-04T17:38:11.051Z
sensor.thread_bmp180_teplomer_teplota,24.41,2026-10-04T17:38:47.901Z
sensor.thread_bmp180_teplomer_teplota,24.4,2026-10-04T17:39:11.015Z
sensor.thread_bmp180_teplomer_teplota,24.39,2026-10-04T17:39:41.005Z
sensor.thread_bmp180_teplomer_teplota,24.41,2026-10-04T17:40:11.050Z
sensor.thread_bmp180_teplomer_teplota,24.37,2026-10-04T17:40:41.006Z
sensor.thread_bmp180_teplomer_teplota,24.34,2026-10-04T17:41:11.118Z
sensor.thread_bmp180_teplomer_teplota,24.33,2026-10-04T17:41:41.089Z
sensor.thread_bmp180_teplomer_teplota,24.36,2026-10-04T17:42:41.016Z
sensor.thread_bmp180_teplomer_teplota,24.35,2026-10-04T17:43:11.015Z
sensor.thread_bmp180_teplomer_teplota,24.36,2026-10-04T17:44:11.015Z
sensor.thread_bmp180_teplomer_teplota,24.35,2026-10-04T17:44:41.007Z
sensor.thread_bmp180_teplomer_teplota,24.34,2026-10-04T17:45:41.013Z
sensor.thread_bmp180_teplomer_teplota,24.36,2026-10-04T17:46:41.006Z
sensor.thread_bmp180_teplomer_teplota,24.35,2026-10-04T17:47:41.006Z
sensor.thread_bmp180_teplomer_teplota,24.34,2026-10-04T17:50:04.662Z
sensor.thread_bmp180_teplomer_teplota,24.33,2026-10-04T17:50:40.065Z
sensor.thread_bmp180_teplomer_teplota,24.34,2026-10-04T17:51:40.092Z
sensor.thread_bmp180_teplomer_teplota,24.33,2026-10-04T17:52:10.067Z
sensor.thread_bmp180_teplomer_teplota,24.31,2026-10-04T17:52:40.067Z
sensor.thread_bmp180_teplomer_teplota,24.33,2026-10-04T17:53:40.101Z
sensor.thread_bmp180_teplomer_teplota,24.31,2026-10-04T17:55:10.066Z
sensor.thread_bmp180_teplomer_teplota,24.32,2026-10-04T17:56:10.091Z
sensor.thread_bmp180_teplomer_teplota,24.31,2026-10-04T17:56:40.084Z
sensor.thread_bmp180_teplomer_teplota,24.32,2026-10-04T17:57:10.129Z
sensor.thread_bmp180_teplomer_teplota,24.31,2026-10-04T17:58:10.084Z
sensor.thread_bmp180_teplomer_teplota,24.33,2026-10-04T17:58:40.093Z
sensor.thread_bmp180_teplomer_teplota,24.31,2026-10-04T17:59:10.067Z
sensor.thread_bmp180_teplomer_teplota,24.3,2026-10-04T18:02:40.081Z
sensor.thread_bmp180_teplomer_teplota,24.29,2026-10-04T18:03:10.075Z
sensor.thread_bmp180_teplomer_teplota,24.28,2026-10-04T18:05:30.614Z
sensor.thread_bmp180_teplomer_teplota,24.27,2026-10-04T18:05:41.706Z
sensor.thread_bmp180_teplomer_teplota,24.25,2026-10-04T18:06:41.708Z
sensor.thread_bmp180_teplomer_teplota,24.27,2026-10-04T18:07:11.706Z
sensor.thread_bmp180_teplomer_teplota,24.29,2026-10-04T18:07:41.708Z
sensor.thread_bmp180_teplomer_teplota,24.27,2026-10-04T18:08:11.708Z
sensor.thread_bmp180_teplomer_teplota,24.28,2026-10-04T18:08:41.707Z
sensor.thread_bmp180_teplomer_teplota,24.29,2026-10-04T18:09:41.716Z
sensor.thread_bmp180_teplomer_teplota,24.31,2026-10-04T18:10:41.705Z
sensor.thread_bmp180_teplomer_teplota,24.29,2026-10-04T18:11:11.708Z
sensor.thread_bmp180_teplomer_teplota,24.28,2026-10-04T18:11:41.709Z
sensor.thread_bmp180_teplomer_teplota,24.29,2026-10-04T18:12:11.708Z
sensor.thread_bmp180_teplomer_teplota,24.27,2026-10-04T18:12:41.715Z
sensor.thread_bmp180_teplomer_teplota,24.29,2026-10-04T18:13:11.714Z
sensor.thread_bmp180_teplomer_teplota,24.28,2026-10-04T18:13:41.706Z
sensor.thread_bmp180_teplomer_teplota,24.27,2026-10-04T18:14:41.707Z
sensor.thread_bmp180_teplomer_teplota,24.26,2026-10-04T18:15:11.715Z
sensor.thread_bmp180_teplomer_teplota,24.27,2026-10-04T18:15:41.707Z
sensor.thread_bmp180_teplomer_teplota,24.28,2026-10-04T18:16:11.707Z
sensor.thread_bmp180_teplomer_teplota,24.27,2026-10-04T18:16:41.706Z
sensor.thread_bmp180_teplomer_teplota,24.28,2026-10-04T18:17:41.707Z
sensor.thread_bmp180_teplomer_teplota,24.29,2026-10-04T18:18:11.707Z
sensor.thread_bmp180_teplomer_teplota,unknown,2026-10-04T18:18:39.975Z
sensor.thread_bmp180_teplomer_teplota,24.31,2026-10-04T18:18:42.499Z
sensor.thread_bmp180_teplomer_teplota,24.29,2026-10-04T18:21:12.499Z
sensor.thread_bmp180_teplomer_teplota,24.28,2026-10-04T18:21:42.508Z
sensor.thread_bmp180_teplomer_teplota,24.26,2026-10-04T18:23:12.703Z
sensor.thread_bmp180_teplomer_teplota,24.27,2026-10-04T18:24:42.514Z
sensor.thread_bmp180_teplomer_teplota,24.28,2026-10-04T18:25:12.499Z
sensor.thread_bmp180_teplomer_teplota,24.27,2026-10-04T18:25:42.499Z
sensor.thread_bmp180_teplomer_teplota,24.26,2026-10-04T18:26:42.515Z
sensor.thread_bmp180_teplomer_teplota,24.31,2026-10-04T18:27:12.514Z
sensor.thread_bmp180_teplomer_teplota,24.32,2026-10-04T18:27:42.497Z
sensor.thread_bmp180_teplomer_teplota,24.33,2026-10-04T18:28:12.498Z
sensor.thread_bmp180_teplomer_teplota,24.36,2026-10-04T18:28:42.499Z
sensor.thread_bmp180_teplomer_teplota,24.37,2026-10-04T18:29:12.499Z
sensor.thread_bmp180_teplomer_teplota,24.33,2026-10-04T18:29:42.497Z
sensor.thread_bmp180_teplomer_teplota,24.36,2026-10-04T18:30:12.506Z
sensor.thread_bmp180_teplomer_teplota,24.38,2026-10-04T18:31:12.498Z
sensor.thread_bmp180_teplomer_teplota,24.39,2026-10-04T18:31:42.498Z
sensor.thread_bmp180_teplomer_teplota,24.37,2026-10-04T18:32:12.498Z
sensor.thread_bmp180_teplomer_teplota,24.38,2026-10-04T18:32:42.499Z
sensor.thread_bmp180_teplomer_teplota,24.39,2026-10-04T18:33:12.498Z
sensor.thread_bmp180_teplomer_teplota,24.41,2026-10-04T18:35:42.326Z
sensor.thread_bmp180_teplomer_teplota,24.38,2026-10-04T18:36:12.325Z
sensor.thread_bmp180_teplomer_teplota,24.39,2026-10-04T18:37:42.326Z
sensor.thread_bmp180_teplomer_teplota,24.41,2026-10-04T18:38:12.327Z
sensor.thread_bmp180_teplomer_teplota,24.43,2026-10-04T18:38:42.333Z
sensor.thread_bmp180_teplomer_teplota,24.44,2026-10-04T18:39:42.326Z
sensor.thread_bmp180_teplomer_teplota,24.45,2026-10-04T18:40:12.328Z
sensor.thread_bmp180_teplomer_teplota,24.43,2026-10-04T18:40:42.327Z
sensor.thread_bmp180_teplomer_teplota,24.44,2026-10-04T18:41:12.327Z
sensor.thread_bmp180_teplomer_teplota,24.45,2026-10-04T18:41:42.329Z
sensor.thread_bmp180_teplomer_teplota,24.44,2026-10-04T18:42:12.326Z
sensor.thread_bmp180_teplomer_teplota,24.46,2026-10-04T18:42:42.327Z
sensor.thread_bmp180_teplomer_teplota,24.43,2026-10-04T18:43:12.326Z
sensor.thread_bmp180_teplomer_teplota,24.46,2026-10-04T18:43:42.334Z
sensor.thread_bmp180_teplomer_teplota,24.47,2026-10-04T18:44:12.346Z
sensor.thread_bmp180_teplomer_teplota,24.46,2026-10-04T18:44:42.327Z
sensor.thread_bmp180_teplomer_teplota,24.47,2026-10-04T18:45:12.325Z
sensor.thread_bmp180_teplomer_teplota,24.48,2026-10-04T18:46:42.338Z
sensor.thread_bmp180_teplomer_teplota,24.47,2026-10-04T18:47:12.325Z
sensor.thread_bmp180_teplomer_teplota,24.48,2026-10-04T18:47:42.326Z
sensor.thread_bmp180_teplomer_teplota,24.49,2026-10-04T18:50:11.527Z
sensor.thread_bmp180_teplomer_teplota,24.48,2026-10-04T18:50:41.547Z
sensor.thread_bmp180_teplomer_teplota,24.47,2026-10-04T18:51:11.537Z
sensor.thread_bmp180_teplomer_teplota,24.5,2026-10-04T18:51:41.537Z
sensor.thread_bmp180_teplomer_teplota,24.51,2026-10-04T18:52:11.526Z
sensor.thread_bmp180_teplomer_teplota,24.52,2026-10-04T18:52:41.528Z
sensor.thread_bmp180_teplomer_teplota,24.53,2026-10-04T18:53:41.537Z
sensor.thread_bmp180_teplomer_teplota,24.46,2026-10-04T18:54:11.529Z
sensor.thread_bmp180_teplomer_teplota,24.47,2026-10-04T18:54:41.528Z
sensor.thread_bmp180_teplomer_teplota,24.46,2026-10-04T18:55:11.528Z
sensor.thread_bmp180_teplomer_teplota,24.47,2026-10-04T18:55:41.528Z
sensor.thread_bmp180_teplomer_teplota,24.49,2026-10-04T18:56:11.526Z
sensor.thread_bmp180_teplomer_teplota,24.52,2026-10-04T18:56:41.527Z
sensor.thread_bmp180_teplomer_teplota,24.53,2026-10-04T18:57:11.529Z
sensor.thread_bmp180_teplomer_teplota,24.52,2026-10-04T18:57:41.528Z
sensor.thread_bmp180_teplomer_teplota,24.54,2026-10-04T18:58:11.528Z
sensor.thread_bmp180_teplomer_teplota,24.56,2026-10-04T18:59:11.529Z
sensor.thread_bmp180_teplomer_teplota,24.54,2026-10-04T18:59:41.527Z
sensor.thread_bmp180_teplomer_teplota,24.53,2026-10-04T19:00:11.526Z
sensor.thread_bmp180_teplomer_teplota,24.51,2026-10-04T19:01:11.526Z
sensor.thread_bmp180_teplomer_teplota,24.5,2026-10-04T19:01:41.526Z
sensor.thread_bmp180_teplomer_teplota,24.47,2026-10-04T19:02:11.527Z
sensor.thread_bmp180_teplomer_teplota,24.48,2026-10-04T19:02:41.526Z
sensor.thread_bmp180_teplomer_teplota,24.46,2026-10-04T19:03:11.527Z
sensor.thread_bmp180_teplomer_teplota,24.45,2026-10-04T19:05:32.229Z
sensor.thread_bmp180_teplomer_teplota,24.42,2026-10-04T19:05:43.556Z
sensor.thread_bmp180_teplomer_teplota,24.38,2026-10-04T19:06:13.553Z
sensor.thread_bmp180_teplomer_teplota,24.33,2026-10-04T19:06:43.555Z
sensor.thread_bmp180_teplomer_teplota,24.35,2026-10-04T19:07:43.555Z
sensor.thread_bmp180_teplomer_teplota,24.36,2026-10-04T19:08:13.553Z
sensor.thread_bmp180_teplomer_teplota,24.38,2026-10-04T19:08:43.553Z
sensor.thread_bmp180_teplomer_teplota,24.39,2026-10-04T19:09:13.553Z
sensor.thread_bmp180_teplomer_teplota,24.27,2026-10-04T19:10:13.555Z
sensor.thread_bmp180_teplomer_teplota,24.16,2026-10-04T19:10:43.554Z
sensor.thread_bmp180_teplomer_teplota,23.96,2026-10-04T19:11:13.554Z
sensor.thread_bmp180_teplomer_teplota,23.94,2026-10-04T19:11:43.564Z
sensor.thread_bmp180_teplomer_teplota,23.77,2026-10-04T19:12:13.554Z
sensor.thread_bmp180_teplomer_teplota,23.64,2026-10-04T19:12:43.563Z
sensor.thread_bmp180_teplomer_teplota,23.54,2026-10-04T19:13:13.554Z
sensor.thread_bmp180_teplomer_teplota,23.33,2026-10-04T19:13:43.554Z
sensor.thread_bmp180_teplomer_teplota,23.23,2026-10-04T19:14:13.554Z
sensor.thread_bmp180_teplomer_teplota,23.01,2026-10-04T19:14:43.555Z
sensor.thread_bmp180_teplomer_teplota,22.74,2026-10-04T19:15:13.553Z
sensor.thread_bmp180_teplomer_teplota,22.57,2026-10-04T19:15:43.554Z
sensor.thread_bmp180_teplomer_teplota,22.43,2026-10-04T19:16:13.554Z
sensor.thread_bmp180_teplomer_teplota,22.2,2026-10-04T19:16:43.564Z
sensor.thread_bmp180_teplomer_teplota,21.98,2026-10-04T19:17:13.554Z
sensor.thread_bmp180_teplomer_teplota,21.92,2026-10-04T19:17:43.554Z
sensor.thread_bmp180_teplomer_teplota,21.86,2026-10-04T19:18:13.552Z
sensor.thread_bmp180_teplomer_teplota,21.82,2026-10-04T19:20:34.031Z
sensor.thread_bmp180_teplomer_teplota,22.01,2026-10-04T19:20:45.030Z
sensor.thread_bmp180_teplomer_teplota,22.15,2026-10-04T19:21:15.033Z
sensor.thread_bmp180_teplomer_teplota,22.3,2026-10-04T19:21:45.032Z
sensor.thread_bmp180_teplomer_teplota,22.44,2026-10-04T19:22:15.032Z
sensor.thread_bmp180_teplomer_teplota,22.54,2026-10-04T19:22:45.031Z
sensor.thread_bmp180_teplomer_teplota,22.62,2026-10-04T19:23:15.030Z
sensor.thread_bmp180_teplomer_teplota,22.69,2026-10-04T19:23:45.033Z
sensor.thread_bmp180_teplomer_teplota,22.77,2026-10-04T19:24:15.032Z
sensor.thread_bmp180_teplomer_teplota,22.84,2026-10-04T19:24:45.030Z
sensor.thread_bmp180_teplomer_teplota,22.89,2026-10-04T19:25:15.032Z
sensor.thread_bmp180_teplomer_teplota,22.94,2026-10-04T19:25:45.032Z
sensor.thread_bmp180_teplomer_teplota,23.01,2026-10-04T19:26:15.030Z
sensor.thread_bmp180_teplomer_teplota,23.06,2026-10-04T19:26:45.030Z
sensor.thread_bmp180_teplomer_teplota,23.11,2026-10-04T19:27:15.031Z
sensor.thread_bmp180_teplomer_teplota,23.17,2026-10-04T19:27:45.029Z
sensor.thread_bmp180_teplomer_teplota,23.23,2026-10-04T19:28:15.029Z
sensor.thread_bmp180_teplomer_teplota,23.28,2026-10-04T19:28:45.032Z
sensor.thread_bmp180_teplomer_teplota,23.3,2026-10-04T19:29:15.031Z
sensor.thread_bmp180_teplomer_teplota,23.32,2026-10-04T19:29:45.041Z
sensor.thread_bmp180_teplomer_teplota,23.34,2026-10-04T19:30:15.029Z
sensor.thread_bmp180_teplomer_teplota,23.37,2026-10-04T19:30:45.042Z
sensor.thread_bmp180_teplomer_teplota,23.39,2026-10-04T19:31:15.032Z
sensor.thread_bmp180_teplomer_teplota,23.42,2026-10-04T19:31:45.038Z
sensor.thread_bmp180_teplomer_teplota,23.43,2026-10-04T19:32:15.037Z
sensor.thread_bmp180_teplomer_teplota,23.45,2026-10-04T19:32:45.030Z
sensor.thread_bmp180_teplomer_teplota,23.47,2026-10-04T19:33:15.032Z
sensor.thread_bmp180_teplomer_teplota,23.52,2026-10-04T19:35:35.793Z
sensor.thread_bmp180_teplomer_teplota,23.54,2026-10-04T19:35:45.569Z
sensor.thread_bmp180_teplomer_teplota,23.55,2026-10-04T19:36:15.563Z
sensor.thread_bmp180_teplomer_teplota,23.56,2026-10-04T19:36:45.561Z
sensor.thread_bmp180_teplomer_teplota,23.58,2026-10-04T19:37:15.562Z
sensor.thread_bmp180_teplomer_teplota,23.6,2026-10-04T19:37:45.562Z
sensor.thread_bmp180_teplomer_teplota,23.63,2026-10-04T19:39:15.559Z
sensor.thread_bmp180_teplomer_teplota,23.64,2026-10-04T19:39:45.561Z
sensor.thread_bmp180_teplomer_teplota,23.65,2026-10-04T19:40:15.568Z
sensor.thread_bmp180_teplomer_teplota,23.67,2026-10-04T19:41:15.561Z
sensor.thread_bmp180_teplomer_teplota,23.69,2026-10-04T19:42:45.561Z
sensor.thread_bmp180_teplomer_teplota,23.7,2026-10-04T19:43:45.569Z
sensor.thread_bmp180_teplomer_teplota,23.72,2026-10-04T19:44:15.560Z
sensor.thread_bmp180_teplomer_teplota,23.74,2026-10-04T19:45:15.560Z
sensor.thread_bmp180_teplomer_teplota,23.73,2026-10-04T19:45:45.560Z
sensor.thread_bmp180_teplomer_teplota,23.74,2026-10-04T19:46:15.560Z
sensor.thread_bmp180_teplomer_teplota,23.76,2026-10-04T19:47:15.559Z
sensor.thread_bmp180_teplomer_teplota,23.77,2026-10-04T19:48:15.559Z
sensor.thread_bmp180_teplomer_teplota,23.79,2026-10-04T19:50:35.868Z
sensor.thread_bmp180_teplomer_teplota,23.78,2026-10-04T19:50:46.771Z
sensor.thread_bmp180_teplomer_teplota,23.8,2026-10-04T19:51:16.771Z
sensor.thread_bmp180_teplomer_teplota,23.81,2026-10-04T19:52:16.769Z
sensor.thread_bmp180_teplomer_teplota,23.82,2026-10-04T19:53:16.768Z
sensor.thread_bmp180_teplomer_teplota,23.83,2026-10-04T19:53:46.769Z
sensor.thread_bmp180_teplomer_teplota,23.84,2026-10-04T19:55:46.768Z
sensor.thread_bmp180_teplomer_teplota,23.86,2026-10-04T19:56:16.776Z
sensor.thread_bmp180_teplomer_teplota,23.84,2026-10-04T19:56:46.769Z
sensor.thread_bmp180_teplomer_teplota,23.86,2026-10-04T19:57:16.769Z
sensor.thread_bmp180_teplomer_teplota,23.87,2026-10-04T19:57:46.769Z
sensor.thread_bmp180_teplomer_teplota,23.86,2026-10-04T19:58:16.769Z
sensor.thread_bmp180_teplomer_teplota,23.88,2026-10-04T19:58:46.768Z
sensor.thread_bmp180_teplomer_teplota,23.87,2026-10-04T19:59:16.769Z
sensor.thread_bmp180_teplomer_teplota,23.88,2026-10-04T20:00:16.769Z
sensor.thread_bmp180_teplomer_teplota,23.87,2026-10-04T20:00:46.767Z
sensor.thread_bmp180_teplomer_teplota,23.89,2026-10-04T20:01:16.770Z
sensor.thread_bmp180_teplomer_teplota,23.9,2026-10-04T20:02:16.767Z
sensor.thread_bmp180_teplomer_teplota,23.91,2026-10-04T20:02:46.769Z
sensor.thread_bmp180_teplomer_teplota,unknown,2026-10-04T20:03:46.019Z
sensor.thread_bmp180_teplomer_teplota,23.91,2026-10-04T20:03:46.565Z
sensor.thread_bmp180_teplomer_teplota,23.92,2026-10-04T20:04:46.552Z
sensor.thread_bmp180_teplomer_teplota,23.94,2026-10-04T20:05:16.555Z
sensor.thread_bmp180_teplomer_teplota,23.92,2026-10-04T20:05:46.554Z
sensor.thread_bmp180_teplomer_teplota,23.93,2026-10-04T20:07:16.555Z
sensor.thread_bmp180_teplomer_teplota,23.92,2026-10-04T20:07:46.556Z
sensor.thread_bmp180_teplomer_teplota,23.94,2026-10-04T20:08:16.554Z
sensor.thread_bmp180_teplomer_teplota,23.93,2026-10-04T20:08:46.554Z
sensor.thread_bmp180_teplomer_teplota,23.94,2026-10-04T20:09:16.554Z
sensor.thread_bmp180_teplomer_teplota,23.96,2026-10-04T20:09:46.553Z
sensor.thread_bmp180_teplomer_teplota,23.97,2026-10-04T20:11:16.563Z
sensor.thread_bmp180_teplomer_teplota,23.96,2026-10-04T20:11:46.554Z
sensor.thread_bmp180_teplomer_teplota,23.97,2026-10-04T20:12:16.562Z
sensor.thread_bmp180_teplomer_teplota,23.98,2026-10-04T20:12:46.554Z
sensor.thread_bmp180_teplomer_teplota,23.97,2026-10-04T20:13:16.554Z
sensor.thread_bmp180_teplomer_teplota,23.99,2026-10-04T20:14:16.555Z
sensor.thread_bmp180_teplomer_teplota,23.98,2026-10-04T20:14:46.553Z
sensor.thread_bmp180_teplomer_teplota,23.99,2026-10-04T20:15:16.554Z
sensor.thread_bmp180_teplomer_teplota,24.01,2026-10-04T20:15:46.552Z
sensor.thread_bmp180_teplomer_teplota,23.99,2026-10-04T20:16:46.554Z
sensor.thread_bmp180_teplomer_teplota,24.01,2026-10-04T20:17:16.552Z
sensor.thread_bmp180_teplomer_teplota,24.02,2026-10-04T20:18:16.555Z
sensor.thread_bmp180_teplomer_teplota,24.03,2026-10-04T20:21:48.954Z
sensor.thread_bmp180_teplomer_teplota,24.04,2026-10-04T20:22:48.954Z
sensor.thread_bmp180_teplomer_teplota,24.05,2026-10-04T20:23:48.945Z
sensor.thread_bmp180_teplomer_teplota,24.03,2026-10-04T20:24:18.943Z
sensor.thread_bmp180_teplomer_teplota,24.04,2026-10-04T20:24:48.961Z
sensor.thread_bmp180_teplomer_teplota,24.06,2026-10-04T20:25:48.945Z
sensor.thread_bmp180_teplomer_teplota,24.05,2026-10-04T20:26:18.944Z
sensor.thread_bmp180_teplomer_teplota,24.06,2026-10-04T20:26:48.942Z
sensor.thread_bmp180_teplomer_teplota,24.07,2026-10-04T20:27:48.945Z
sensor.thread_bmp180_teplomer_teplota,24.06,2026-10-04T20:28:18.945Z
sensor.thread_bmp180_teplomer_teplota,24.07,2026-10-04T20:28:48.944Z
sensor.thread_bmp180_teplomer_teplota,24.06,2026-10-04T20:29:18.942Z
sensor.thread_bmp180_teplomer_teplota,24.07,2026-10-04T20:29:48.943Z
sensor.thread_bmp180_teplomer_teplota,24.08,2026-10-04T20:30:18.945Z
sensor.thread_bmp180_teplomer_teplota,24.09,2026-10-04T20:33:18.943Z
sensor.thread_bmp180_teplomer_teplota,24.12,2026-10-04T20:35:39.177Z
sensor.thread_bmp180_teplomer_teplota,24.11,2026-10-04T20:35:47.320Z
sensor.thread_bmp180_teplomer_teplota,24.12,2026-10-04T20:36:47.322Z
sensor.thread_bmp180_teplomer_teplota,24.11,2026-10-04T20:37:17.321Z
sensor.thread_bmp180_teplomer_teplota,24.13,2026-10-04T20:37:47.329Z
sensor.thread_bmp180_teplomer_teplota,24.12,2026-10-04T20:38:17.320Z
sensor.thread_bmp180_teplomer_teplota,24.13,2026-10-04T20:38:47.322Z
sensor.thread_bmp180_teplomer_teplota,24.11,2026-10-04T20:40:17.323Z
sensor.thread_bmp180_teplomer_teplota,24.12,2026-10-04T20:40:47.323Z
sensor.thread_bmp180_teplomer_teplota,24.11,2026-10-04T20:41:17.331Z
sensor.thread_bmp180_teplomer_teplota,24.13,2026-10-04T20:41:47.323Z
sensor.thread_bmp180_teplomer_teplota,24.12,2026-10-04T20:42:17.323Z
sensor.thread_bmp180_teplomer_teplota,24.14,2026-10-04T20:42:47.320Z
sensor.thread_bmp180_teplomer_teplota,24.16,2026-10-04T20:43:47.323Z
sensor.thread_bmp180_teplomer_teplota,24.14,2026-10-04T20:44:47.324Z
sensor.thread_bmp180_teplomer_teplota,24.16,2026-10-04T20:45:47.322Z
sensor.thread_bmp180_teplomer_teplota,24.14,2026-10-04T20:46:17.332Z
sensor.thread_bmp180_teplomer_teplota,24.13,2026-10-04T20:47:17.322Z
sensor.thread_bmp180_teplomer_teplota,24.11,2026-10-04T20:48:17.322Z
sensor.thread_bmp180_teplomer_teplota,24.12,2026-10-04T20:50:49.310Z
sensor.thread_bmp180_teplomer_teplota,24.13,2026-10-04T20:53:49.309Z
sensor.thread_bmp180_teplomer_teplota,24.12,2026-10-04T20:54:19.310Z
sensor.thread_bmp180_teplomer_teplota,24.11,2026-10-04T20:54:49.311Z
sensor.thread_bmp180_teplomer_teplota,24.12,2026-10-04T20:55:19.310Z
sensor.thread_bmp180_teplomer_teplota,24.13,2026-10-04T20:58:19.307Z
sensor.thread_bmp180_teplomer_teplota,24.12,2026-10-04T20:58:49.310Z
sensor.thread_bmp180_teplomer_teplota,24.14,2026-10-04T20:59:49.318Z
sensor.thread_bmp180_teplomer_teplota,24.13,2026-10-04T21:00:19.310Z
sensor.thread_bmp180_teplomer_teplota,24.12,2026-10-04T21:00:49.310Z
sensor.thread_bmp180_teplomer_teplota,24.13,2026-10-04T21:01:19.310Z
sensor.thread_bmp180_teplomer_teplota,24.11,2026-10-04T21:01:49.310Z
sensor.thread_bmp180_teplomer_teplota,24.13,2026-10-04T21:02:19.318Z
sensor.thread_bmp180_teplomer_teplota,24.11,2026-10-04T21:02:49.310Z
sensor.thread_bmp180_teplomer_teplota,24.12,2026-10-04T21:03:19.310Z
sensor.thread_bmp180_teplomer_teplota,24.14,2026-10-04T21:03:56.196Z
sensor.thread_bmp180_teplomer_teplota,24.13,2026-10-04T21:04:18.992Z
sensor.thread_bmp180_teplomer_teplota,24.11,2026-10-04T21:05:18.992Z
sensor.thread_bmp180_teplomer_teplota,24.12,2026-10-04T21:05:48.990Z
sensor.thread_bmp180_teplomer_teplota,24.13,2026-10-04T21:06:19.002Z
sensor.thread_bmp180_teplomer_teplota,24.14,2026-10-04T21:07:48.991Z
sensor.thread_bmp180_teplomer_teplota,24.12,2026-10-04T21:08:18.991Z
sensor.thread_bmp180_teplomer_teplota,24.14,2026-10-04T21:08:48.992Z
sensor.thread_bmp180_teplomer_teplota,24.12,2026-10-04T21:09:18.992Z
sensor.thread_bmp180_teplomer_teplota,24.13,2026-10-04T21:09:48.992Z
sensor.thread_bmp180_teplomer_teplota,24.14,2026-10-04T21:10:48.990Z
sensor.thread_bmp180_teplomer_teplota,24.13,2026-10-04T21:11:18.993Z
sensor.thread_bmp180_teplomer_teplota,24.12,2026-10-04T21:11:48.992Z
sensor.thread_bmp180_teplomer_teplota,24.11,2026-10-04T21:12:18.992Z
sensor.thread_bmp180_teplomer_teplota,24.12,2026-10-04T21:13:48.991Z
sensor.thread_bmp180_teplomer_teplota,24.11,2026-10-04T21:14:18.999Z
sensor.thread_bmp180_teplomer_teplota,24.13,2026-10-04T21:14:49.000Z
sensor.thread_bmp180_teplomer_teplota,24.12,2026-10-04T21:15:19.002Z
sensor.thread_bmp180_teplomer_teplota,24.13,2026-10-04T21:15:48.990Z
sensor.thread_bmp180_teplomer_teplota,24.12,2026-10-04T21:16:18.991Z
sensor.thread_bmp180_teplomer_teplota,24.11,2026-10-04T21:16:48.992Z
sensor.thread_bmp180_teplomer_teplota,24.13,2026-10-04T21:20:11.864Z
sensor.thread_bmp180_teplomer_teplota,24.09,2026-10-04T21:20:22.784Z
sensor.thread_bmp180_teplomer_teplota,24.11,2026-10-04T21:20:52.784Z
sensor.thread_bmp180_teplomer_teplota,24.12,2026-10-04T21:23:22.782Z
sensor.thread_bmp180_teplomer_teplota,24.13,2026-10-04T21:23:52.784Z
sensor.thread_bmp180_teplomer_teplota,24.11,2026-10-04T21:24:22.785Z
sensor.thread_bmp180_teplomer_teplota,24.12,2026-10-04T21:24:52.784Z
sensor.thread_bmp180_teplomer_teplota,24.13,2026-10-04T21:26:52.785Z
sensor.thread_bmp180_teplomer_teplota,24.11,2026-10-04T21:27:22.784Z
sensor.thread_bmp180_teplomer_teplota,24.09,2026-10-04T21:27:52.785Z
sensor.thread_bmp180_teplomer_teplota,24.11,2026-10-04T21:28:22.783Z
sensor.thread_bmp180_teplomer_teplota,24.12,2026-10-04T21:29:52.794Z
sensor.thread_bmp180_teplomer_teplota,24.11,2026-10-04T21:30:22.784Z
sensor.thread_bmp180_teplomer_teplota,24.12,2026-10-04T21:30:52.784Z
sensor.thread_bmp180_teplomer_teplota,24.11,2026-10-04T21:31:22.783Z
sensor.thread_bmp180_teplomer_teplota,24.1,2026-10-04T21:31:52.783Z
sensor.thread_bmp180_teplomer_teplota,24.09,2026-10-04T21:32:22.783Z
sensor.thread_bmp180_teplomer_teplota,24.11,2026-10-04T21:32:52.783Z
sensor.thread_bmp180_teplomer_teplota,24.12,2026-10-04T21:33:22.782Z
sensor.thread_bmp180_teplomer_teplota,24.11,2026-10-04T21:35:42.819Z
sensor.thread_bmp180_teplomer_teplota,24.12,2026-10-04T21:37:19.947Z
sensor.thread_bmp180_teplomer_teplota,24.11,2026-10-04T21:40:19.948Z
sensor.thread_bmp180_teplomer_teplota,24.12,2026-10-04T21:40:49.948Z
sensor.thread_bmp180_teplomer_teplota,24.11,2026-10-04T21:42:19.948Z
sensor.thread_bmp180_teplomer_teplota,24.12,2026-10-04T21:42:49.948Z
sensor.thread_bmp180_teplomer_teplota,24.11,2026-10-04T21:44:19.948Z
sensor.thread_bmp180_teplomer_teplota,24.12,2026-10-04T21:44:49.955Z
sensor.thread_bmp180_teplomer_teplota,24.11,2026-10-04T21:46:19.949Z
sensor.thread_bmp180_teplomer_teplota,24.09,2026-10-04T21:46:49.946Z
sensor.thread_bmp180_teplomer_teplota,24.11,2026-10-04T21:48:19.954Z
sensor.thread_bmp180_teplomer_teplota,24.09,2026-10-04T21:50:40.253Z
sensor.thread_bmp180_teplomer_teplota,24.12,2026-10-04T21:50:50.798Z
sensor.thread_bmp180_teplomer_teplota,24.11,2026-10-04T21:51:20.800Z
sensor.thread_bmp180_teplomer_teplota,24.14,2026-10-04T21:52:50.807Z
sensor.thread_bmp180_teplomer_teplota,24.13,2026-10-04T21:55:20.798Z
sensor.thread_bmp180_teplomer_teplota,24.12,2026-10-04T21:55:50.798Z
sensor.thread_bmp180_teplomer_teplota,24.14,2026-10-04T21:56:20.799Z
sensor.thread_bmp180_teplomer_teplota,24.16,2026-10-04T21:58:20.797Z
sensor.thread_bmp180_teplomer_teplota,24.13,2026-10-04T21:58:50.798Z
sensor.thread_bmp180_teplomer_teplota,24.12,2026-10-04T21:59:50.807Z
sensor.thread_bmp180_teplomer_teplota,24.13,2026-10-04T22:00:20.799Z
sensor.thread_bmp180_teplomer_teplota,24.12,2026-10-04T22:00:50.799Z
sensor.thread_bmp180_teplomer_teplota,24.11,2026-10-04T22:01:20.799Z
sensor.thread_bmp180_teplomer_teplota,24.13,2026-10-04T22:01:50.797Z
sensor.thread_bmp180_teplomer_teplota,24.12,2026-10-04T22:02:20.798Z
sensor.thread_bmp180_teplomer_teplota,24.11,2026-10-04T22:02:50.798Z
sensor.thread_bmp180_teplomer_teplota,24.12,2026-10-04T22:03:20.797Z
sensor.thread_bmp180_teplomer_teplota,24.13,2026-10-04T22:04:52.178Z
sensor.thread_bmp180_teplomer_teplota,24.12,2026-10-04T22:05:22.169Z
sensor.thread_bmp180_teplomer_teplota,24.13,2026-10-04T22:05:52.170Z
sensor.thread_bmp180_teplomer_teplota,24.14,2026-10-04T22:06:22.170Z
sensor.thread_bmp180_teplomer_teplota,24.11,2026-10-04T22:06:52.170Z
sensor.thread_bmp180_teplomer_teplota,24.12,2026-10-04T22:07:52.178Z
sensor.thread_bmp180_teplomer_teplota,24.11,2026-10-04T22:08:22.171Z
sensor.thread_bmp180_teplomer_teplota,24.13,2026-10-04T22:08:52.171Z
sensor.thread_bmp180_teplomer_teplota,24.14,2026-10-04T22:09:22.170Z
sensor.thread_bmp180_teplomer_teplota,24.13,2026-10-04T22:09:52.168Z
sensor.thread_bmp180_teplomer_teplota,24.15,2026-10-04T22:10:22.170Z
sensor.thread_bmp180_teplomer_teplota,24.16,2026-10-04T22:10:52.170Z
sensor.thread_bmp180_teplomer_teplota,24.14,2026-10-04T22:12:22.169Z
sensor.thread_bmp180_teplomer_teplota,24.13,2026-10-04T22:13:52.170Z
sensor.thread_bmp180_teplomer_teplota,24.15,2026-10-04T22:14:52.170Z
sensor.thread_bmp180_teplomer_teplota,24.14,2026-10-04T22:15:22.177Z
sensor.thread_bmp180_teplomer_teplota,24.15,2026-10-04T22:15:52.171Z
sensor.thread_bmp180_teplomer_teplota,24.16,2026-10-04T22:16:22.168Z
sensor.thread_bmp180_teplomer_teplota,24.14,2026-10-04T22:17:22.177Z
sensor.thread_bmp180_teplomer_teplota,24.13,2026-10-04T22:20:54.255Z
sensor.thread_bmp180_teplomer_teplota,24.14,2026-10-04T22:21:54.253Z
sensor.thread_bmp180_teplomer_teplota,24.16,2026-10-04T22:24:24.252Z
sensor.thread_bmp180_teplomer_teplota,24.13,2026-10-04T22:24:54.255Z
sensor.thread_bmp180_teplomer_teplota,24.16,2026-10-04T22:25:54.254Z
sensor.thread_bmp180_teplomer_teplota,24.17,2026-10-04T22:26:24.254Z
sensor.thread_bmp180_teplomer_teplota,24.15,2026-10-04T22:26:54.253Z
sensor.thread_bmp180_teplomer_teplota,24.16,2026-10-04T22:27:24.252Z
sensor.thread_bmp180_teplomer_teplota,24.14,2026-10-04T22:28:24.253Z
sensor.thread_bmp180_teplomer_teplota,24.17,2026-10-04T22:28:54.252Z
sensor.thread_bmp180_teplomer_teplota,24.15,2026-10-04T22:29:24.255Z
sensor.thread_bmp180_teplomer_teplota,24.16,2026-10-04T22:29:54.254Z
sensor.thread_bmp180_teplomer_teplota,24.18,2026-10-04T22:30:54.252Z
sensor.thread_bmp180_teplomer_teplota,24.01,2026-10-04T22:32:24.253Z
sensor.thread_bmp180_teplomer_teplota,23.59,2026-10-04T22:32:54.254Z
sensor.thread_bmp180_teplomer_teplota,23.23,2026-10-04T22:33:24.254Z
sensor.thread_bmp180_teplomer_teplota,22.85,2026-10-04T22:38:37.181Z
sensor.thread_bmp180_teplomer_teplota,22.92,2026-10-04T22:39:03.396Z
sensor.thread_bmp180_teplomer_teplota,22.97,2026-10-04T22:39:33.393Z
sensor.thread_bmp180_teplomer_teplota,23.03,2026-10-04T22:40:03.395Z
sensor.thread_bmp180_teplomer_teplota,23.08,2026-10-04T22:40:33.395Z
sensor.thread_bmp180_teplomer_teplota,23.14,2026-10-04T22:41:03.394Z
sensor.thread_bmp180_teplomer_teplota,23.18,2026-10-04T22:41:33.393Z
sensor.thread_bmp180_teplomer_teplota,23.2,2026-10-04T22:42:03.394Z
sensor.thread_bmp180_teplomer_teplota,23.26,2026-10-04T22:42:33.394Z
sensor.thread_bmp180_teplomer_teplota,23.29,2026-10-04T22:43:03.395Z
sensor.thread_bmp180_teplomer_teplota,23.3,2026-10-04T22:43:33.396Z
sensor.thread_bmp180_teplomer_teplota,23.33,2026-10-04T22:44:03.396Z
sensor.thread_bmp180_teplomer_teplota,23.35,2026-10-04T22:44:33.396Z
sensor.thread_bmp180_teplomer_teplota,23.38,2026-10-04T22:45:03.395Z
sensor.thread_bmp180_teplomer_teplota,23.41,2026-10-04T22:45:33.396Z
sensor.thread_bmp180_teplomer_teplota,23.43,2026-10-04T22:46:03.395Z
sensor.thread_bmp180_teplomer_teplota,23.45,2026-10-04T22:46:33.395Z
sensor.thread_bmp180_teplomer_teplota,23.47,2026-10-04T22:47:33.396Z
sensor.thread_bmp180_teplomer_teplota,23.48,2026-10-04T22:48:03.403Z
sensor.thread_bmp180_teplomer_teplota,23.5,2026-10-04T22:48:33.395Z
sensor.thread_bmp180_teplomer_teplota,23.55,2026-10-04T22:50:54.100Z
sensor.thread_bmp180_teplomer_teplota,23.57,2026-10-04T22:51:05.424Z
sensor.thread_bmp180_teplomer_teplota,23.58,2026-10-04T22:51:35.424Z
sensor.thread_bmp180_teplomer_teplota,23.59,2026-10-04T22:52:05.424Z
sensor.thread_bmp180_teplomer_teplota,23.6,2026-10-04T22:52:35.422Z
sensor.thread_bmp180_teplomer_teplota,23.59,2026-10-04T22:53:05.421Z
sensor.thread_bmp180_teplomer_teplota,23.6,2026-10-04T22:53:35.423Z
sensor.thread_bmp180_teplomer_teplota,23.62,2026-10-04T22:54:05.422Z
sensor.thread_bmp180_teplomer_teplota,23.63,2026-10-04T22:55:05.423Z
sensor.thread_bmp180_teplomer_teplota,23.64,2026-10-04T22:56:35.423Z
sensor.thread_bmp180_teplomer_teplota,23.66,2026-10-04T22:58:05.431Z
sensor.thread_bmp180_teplomer_teplota,23.67,2026-10-04T22:58:35.423Z
sensor.thread_bmp180_teplomer_teplota,23.66,2026-10-04T22:59:05.431Z
sensor.thread_bmp180_teplomer_teplota,23.67,2026-10-04T22:59:35.423Z
sensor.thread_bmp180_teplomer_teplota,23.65,2026-10-04T23:00:05.423Z
sensor.thread_bmp180_teplomer_teplota,23.67,2026-10-04T23:00:35.422Z
sensor.thread_bmp180_teplomer_teplota,23.68,2026-10-04T23:01:05.424Z
sensor.thread_bmp180_teplomer_teplota,23.69,2026-10-04T23:01:35.423Z
sensor.thread_bmp180_teplomer_teplota,23.68,2026-10-04T23:02:05.432Z
sensor.thread_bmp180_teplomer_teplota,23.69,2026-10-04T23:02:35.422Z
sensor.thread_bmp180_teplomer_teplota,23.71,2026-10-04T23:03:35.424Z
sensor.thread_bmp180_teplomer_teplota,23.73,2026-10-04T23:05:55.661Z
sensor.thread_bmp180_teplomer_teplota,23.74,2026-10-04T23:06:05.760Z
sensor.thread_bmp180_teplomer_teplota,23.73,2026-10-04T23:06:35.749Z
sensor.thread_bmp180_teplomer_teplota,23.74,2026-10-04T23:07:35.749Z
sensor.thread_bmp180_teplomer_teplota,23.75,2026-10-04T23:08:35.750Z
sensor.thread_bmp180_teplomer_teplota,23.76,2026-10-04T23:10:05.752Z
sensor.thread_bmp180_teplomer_teplota,23.77,2026-10-04T23:11:05.758Z
sensor.thread_bmp180_teplomer_teplota,23.76,2026-10-04T23:11:35.751Z
sensor.thread_bmp180_teplomer_teplota,23.77,2026-10-04T23:12:35.751Z
sensor.thread_bmp180_teplomer_teplota,23.79,2026-10-04T23:13:35.751Z
sensor.thread_bmp180_teplomer_teplota,23.78,2026-10-04T23:15:05.755Z
sensor.thread_bmp180_teplomer_teplota,23.79,2026-10-04T23:16:35.751Z
sensor.thread_bmp180_teplomer_teplota,23.78,2026-10-04T23:17:35.750Z
sensor.thread_bmp180_teplomer_teplota,23.82,2026-10-04T23:18:05.750Z
sensor.thread_bmp180_teplomer_teplota,23.83,2026-10-04T23:20:36.059Z
sensor.thread_bmp180_teplomer_teplota,23.86,2026-10-04T23:21:36.059Z
sensor.thread_bmp180_teplomer_teplota,23.83,2026-10-04T23:22:06.059Z
sensor.thread_bmp180_teplomer_teplota,23.84,2026-10-04T23:22:36.060Z
sensor.thread_bmp180_teplomer_teplota,23.85,2026-10-04T23:23:06.059Z
sensor.thread_bmp180_teplomer_teplota,23.84,2026-10-04T23:23:36.059Z
sensor.thread_bmp180_teplomer_teplota,23.83,2026-10-04T23:24:36.060Z
sensor.thread_bmp180_teplomer_teplota,23.84,2026-10-04T23:25:36.060Z
sensor.thread_bmp180_teplomer_teplota,23.85,2026-10-04T23:27:36.060Z
sensor.thread_bmp180_teplomer_teplota,23.84,2026-10-04T23:28:06.060Z
sensor.thread_bmp180_teplomer_teplota,23.86,2026-10-04T23:28:36.059Z
sensor.thread_bmp180_teplomer_teplota,23.84,2026-10-04T23:29:06.058Z
sensor.thread_bmp180_teplomer_teplota,23.86,2026-10-04T23:29:36.059Z
sensor.thread_bmp180_teplomer_teplota,23.85,2026-10-04T23:30:06.059Z
sensor.thread_bmp180_teplomer_teplota,23.86,2026-10-04T23:30:36.060Z
sensor.thread_bmp180_teplomer_teplota,23.85,2026-10-04T23:31:06.058Z
sensor.thread_bmp180_teplomer_teplota,23.86,2026-10-04T23:31:36.066Z
sensor.thread_bmp180_teplomer_teplota,23.87,2026-10-04T23:33:36.058Z
sensor.thread_bmp180_teplomer_teplota,23.89,2026-10-04T23:35:56.516Z
sensor.thread_bmp180_teplomer_teplota,23.91,2026-10-04T23:36:10.081Z
sensor.thread_bmp180_teplomer_teplota,23.92,2026-10-04T23:36:40.085Z
sensor.thread_bmp180_teplomer_teplota,23.93,2026-10-04T23:38:40.081Z
sensor.thread_bmp180_teplomer_teplota,23.92,2026-10-04T23:39:10.082Z
sensor.thread_bmp180_teplomer_teplota,23.93,2026-10-04T23:40:10.082Z
sensor.thread_bmp180_teplomer_teplota,23.91,2026-10-04T23:40:40.081Z
sensor.thread_bmp180_teplomer_teplota,23.92,2026-10-04T23:41:40.082Z
sensor.thread_bmp180_teplomer_teplota,23.93,2026-10-04T23:42:40.080Z
sensor.thread_bmp180_teplomer_teplota,23.92,2026-10-04T23:43:10.081Z
sensor.thread_bmp180_teplomer_teplota,23.93,2026-10-04T23:45:10.079Z
sensor.thread_bmp180_teplomer_teplota,23.92,2026-10-04T23:45:40.082Z
sensor.thread_bmp180_teplomer_teplota,23.93,2026-10-04T23:46:10.081Z
sensor.thread_bmp180_teplomer_teplota,23.94,2026-10-04T23:47:10.081Z
sensor.thread_bmp180_teplomer_teplota,23.93,2026-10-04T23:47:40.090Z
sensor.thread_bmp180_teplomer_teplota,23.94,2026-10-04T23:48:10.080Z
sensor.thread_bmp180_teplomer_teplota,23.93,2026-10-04T23:48:40.088Z
sensor.thread_bmp180_teplomer_teplota,23.94,2026-10-04T23:49:14.191Z
sensor.thread_bmp180_teplomer_teplota,23.93,2026-10-04T23:49:38.167Z
sensor.thread_bmp180_teplomer_teplota,23.94,2026-10-04T23:50:08.169Z
sensor.thread_bmp180_teplomer_teplota,23.95,2026-10-04T23:50:38.168Z
sensor.thread_bmp180_teplomer_teplota,23.96,2026-10-04T23:51:38.176Z
sensor.thread_bmp180_teplomer_teplota,23.97,2026-10-04T23:52:08.168Z
sensor.thread_bmp180_teplomer_teplota,23.96,2026-10-04T23:53:08.178Z
sensor.thread_bmp180_teplomer_teplota,23.97,2026-10-04T23:53:38.167Z
sensor.thread_bmp180_teplomer_teplota,23.98,2026-10-04T23:56:08.169Z
sensor.thread_bmp180_teplomer_teplota,23.97,2026-10-04T23:56:38.169Z
sensor.thread_bmp180_teplomer_teplota,23.98,2026-10-04T23:57:38.179Z
sensor.thread_bmp180_teplomer_teplota,23.97,2026-10-04T23:58:38.166Z
sensor.thread_bmp180_teplomer_teplota,23.98,2026-10-04T23:59:08.167Z
sensor.thread_bmp180_teplomer_teplota,23.99,2026-10-04T23:59:38.169Z
sensor.thread_bmp180_teplomer_teplota,24.01,2026-10-05T00:01:08.167Z
sensor.thread_bmp180_teplomer_teplota,24.02,2026-10-05T00:02:38.168Z
sensor.thread_bmp180_teplomer_teplota,24.01,2026-10-05T00:03:08.167Z
sensor.thread_bmp180_teplomer_teplota,23.99,2026-10-05T00:05:11.650Z
sensor.thread_bmp180_teplomer_teplota,24.0,2026-10-05T00:06:11.650Z
sensor.thread_bmp180_teplomer_teplota,23.99,2026-10-05T00:06:41.649Z
sensor.thread_bmp180_teplomer_teplota,24.01,2026-10-05T00:09:11.649Z
sensor.thread_bmp180_teplomer_teplota,24.02,2026-10-05T00:09:41.650Z
sensor.thread_bmp180_teplomer_teplota,24.03,2026-10-05T00:10:41.649Z
sensor.thread_bmp180_teplomer_teplota,24.02,2026-10-05T00:11:11.649Z
sensor.thread_bmp180_teplomer_teplota,24.03,2026-10-05T00:12:11.650Z
sensor.thread_bmp180_teplomer_teplota,24.02,2026-10-05T00:12:41.649Z
sensor.thread_bmp180_teplomer_teplota,24.01,2026-10-05T00:14:11.649Z
sensor.thread_bmp180_teplomer_teplota,24.02,2026-10-05T00:14:41.658Z
sensor.thread_bmp180_teplomer_teplota,24.04,2026-10-05T00:16:41.649Z
sensor.thread_bmp180_teplomer_teplota,24.03,2026-10-05T00:17:11.667Z
sensor.thread_bmp180_teplomer_teplota,24.04,2026-10-05T00:17:41.647Z
sensor.thread_bmp180_teplomer_teplota,24.03,2026-10-05T00:18:41.650Z
sensor.thread_bmp180_teplomer_teplota,24.04,2026-10-05T00:21:02.204Z
sensor.thread_bmp180_teplomer_teplota,24.03,2026-10-05T00:21:08.370Z
sensor.thread_bmp180_teplomer_teplota,24.04,2026-10-05T00:21:38.379Z
sensor.thread_bmp180_teplomer_teplota,24.06,2026-10-05T00:23:38.371Z
sensor.thread_bmp180_teplomer_teplota,24.04,2026-10-05T00:24:08.371Z
sensor.thread_bmp180_teplomer_teplota,24.05,2026-10-05T00:25:08.370Z
sensor.thread_bmp180_teplomer_teplota,24.06,2026-10-05T00:25:38.372Z
sensor.thread_bmp180_teplomer_teplota,24.04,2026-10-05T00:26:08.371Z
sensor.thread_bmp180_teplomer_teplota,24.06,2026-10-05T00:26:38.370Z
sensor.thread_bmp180_teplomer_teplota,24.07,2026-10-05T00:28:38.378Z
sensor.thread_bmp180_teplomer_teplota,24.05,2026-10-05T00:30:08.370Z
sensor.thread_bmp180_teplomer_teplota,24.06,2026-10-05T00:30:38.371Z
sensor.thread_bmp180_teplomer_teplota,24.07,2026-10-05T00:31:38.370Z
sensor.thread_bmp180_teplomer_teplota,24.06,2026-10-05T00:33:08.370Z
sensor.thread_bmp180_teplomer_teplota,24.05,2026-10-05T00:33:38.371Z
sensor.thread_bmp180_teplomer_teplota,24.06,2026-10-05T00:34:17.906Z
sensor.thread_bmp180_teplomer_teplota,24.05,2026-10-05T00:34:38.789Z
sensor.thread_bmp180_teplomer_teplota,24.06,2026-10-05T00:35:08.787Z
sensor.thread_bmp180_teplomer_teplota,24.08,2026-10-05T00:35:38.789Z
sensor.thread_bmp180_teplomer_teplota,24.07,2026-10-05T00:37:08.790Z
sensor.thread_bmp180_teplomer_teplota,24.08,2026-10-05T00:37:38.799Z
sensor.thread_bmp180_teplomer_teplota,24.09,2026-10-05T00:39:08.790Z
sensor.thread_bmp180_teplomer_teplota,24.11,2026-10-05T00:41:08.790Z
sensor.thread_bmp180_teplomer_teplota,24.09,2026-10-05T00:42:08.788Z
sensor.thread_bmp180_teplomer_teplota,24.1,2026-10-05T00:43:08.790Z
sensor.thread_bmp180_teplomer_teplota,24.09,2026-10-05T00:44:08.788Z
sensor.thread_bmp180_teplomer_teplota,24.08,2026-10-05T00:45:08.790Z
sensor.thread_bmp180_teplomer_teplota,24.1,2026-10-05T00:45:38.789Z
sensor.thread_bmp180_teplomer_teplota,24.09,2026-10-05T00:46:08.789Z
sensor.thread_bmp180_teplomer_teplota,24.07,2026-10-05T00:48:38.789Z
sensor.thread_bmp180_teplomer_teplota,24.11,2026-10-05T00:50:59.291Z
sensor.thread_bmp180_teplomer_teplota,24.12,2026-10-05T00:56:13.410Z
sensor.thread_bmp180_teplomer_teplota,24.11,2026-10-05T00:56:43.410Z
sensor.thread_bmp180_teplomer_teplota,24.12,2026-10-05T00:57:13.411Z
sensor.thread_bmp180_teplomer_teplota,24.14,2026-10-05T00:57:43.418Z
sensor.thread_bmp180_teplomer_teplota,24.12,2026-10-05T00:58:43.410Z
sensor.thread_bmp180_teplomer_teplota,24.13,2026-10-05T00:59:13.410Z
sensor.thread_bmp180_teplomer_teplota,24.12,2026-10-05T01:00:43.411Z
sensor.thread_bmp180_teplomer_teplota,24.14,2026-10-05T01:01:43.409Z
sensor.thread_bmp180_teplomer_teplota,24.12,2026-10-05T01:03:13.410Z
sensor.thread_bmp180_teplomer_teplota,24.14,2026-10-05T01:03:43.410Z
sensor.thread_bmp180_teplomer_teplota,24.15,2026-10-05T01:06:43.760Z
sensor.thread_bmp180_teplomer_teplota,24.14,2026-10-05T01:07:13.759Z
sensor.thread_bmp180_teplomer_teplota,24.13,2026-10-05T01:07:43.758Z
sensor.thread_bmp180_teplomer_teplota,24.14,2026-10-05T01:08:13.758Z
sensor.thread_bmp180_teplomer_teplota,24.13,2026-10-05T01:09:13.760Z
sensor.thread_bmp180_teplomer_teplota,24.14,2026-10-05T01:09:43.759Z
sensor.thread_bmp180_teplomer_teplota,24.13,2026-10-05T01:10:13.758Z
sensor.thread_bmp180_teplomer_teplota,24.12,2026-10-05T01:11:13.758Z
sensor.thread_bmp180_teplomer_teplota,24.13,2026-10-05T01:12:43.759Z
sensor.thread_bmp180_teplomer_teplota,24.12,2026-10-05T01:13:13.759Z
sensor.thread_bmp180_teplomer_teplota,24.13,2026-10-05T01:14:13.759Z
sensor.thread_bmp180_teplomer_teplota,24.12,2026-10-05T01:14:43.759Z
sensor.thread_bmp180_teplomer_teplota,24.14,2026-10-05T01:15:13.757Z
sensor.thread_bmp180_teplomer_teplota,24.13,2026-10-05T01:15:43.759Z
sensor.thread_bmp180_teplomer_teplota,24.12,2026-10-05T01:16:13.757Z
sensor.thread_bmp180_teplomer_teplota,24.14,2026-10-05T01:16:43.757Z
sensor.thread_bmp180_teplomer_teplota,24.13,2026-10-05T01:17:13.759Z
sensor.thread_bmp180_teplomer_teplota,24.14,2026-10-05T01:17:43.760Z
sensor.thread_bmp180_teplomer_teplota,24.16,2026-10-05T01:22:42.398Z
sensor.thread_bmp180_teplomer_teplota,24.13,2026-10-05T01:23:12.396Z
sensor.thread_bmp180_teplomer_teplota,24.14,2026-10-05T01:23:42.397Z
sensor.thread_bmp180_teplomer_teplota,24.16,2026-10-05T01:24:12.396Z
sensor.thread_bmp180_teplomer_teplota,24.15,2026-10-05T01:25:12.397Z
sensor.thread_bmp180_teplomer_teplota,24.14,2026-10-05T01:25:42.397Z
sensor.thread_bmp180_teplomer_teplota,24.16,2026-10-05T01:28:12.396Z
sensor.thread_bmp180_teplomer_teplota,24.15,2026-10-05T01:28:42.396Z
sensor.thread_bmp180_teplomer_teplota,24.14,2026-10-05T01:29:12.397Z
sensor.thread_bmp180_teplomer_teplota,24.16,2026-10-05T01:29:42.395Z
sensor.thread_bmp180_teplomer_teplota,24.14,2026-10-05T01:30:42.396Z
sensor.thread_bmp180_teplomer_teplota,24.16,2026-10-05T01:31:12.396Z
sensor.thread_bmp180_teplomer_teplota,24.14,2026-10-05T01:31:42.398Z
sensor.thread_bmp180_teplomer_teplota,24.15,2026-10-05T01:32:12.396Z
sensor.thread_bmp180_teplomer_teplota,24.16,2026-10-05T01:33:12.396Z
sensor.thread_bmp180_teplomer_teplota,24.17,2026-10-05T01:35:32.854Z
sensor.thread_bmp180_teplomer_teplota,24.16,2026-10-05T01:35:44.784Z
sensor.thread_bmp180_teplomer_teplota,24.17,2026-10-05T01:37:14.784Z
sensor.thread_bmp180_teplomer_teplota,24.16,2026-10-05T01:37:44.793Z
sensor.thread_bmp180_teplomer_teplota,24.14,2026-10-05T01:38:14.784Z
sensor.thread_bmp180_teplomer_teplota,24.15,2026-10-05T01:38:44.784Z
sensor.thread_bmp180_teplomer_teplota,24.13,2026-10-05T01:39:14.783Z
sensor.thread_bmp180_teplomer_teplota,24.15,2026-10-05T01:39:44.783Z
sensor.thread_bmp180_teplomer_teplota,24.16,2026-10-05T01:40:14.783Z
sensor.thread_bmp180_teplomer_teplota,24.14,2026-10-05T01:40:44.785Z
sensor.thread_bmp180_teplomer_teplota,24.16,2026-10-05T01:41:14.784Z
sensor.thread_bmp180_teplomer_teplota,24.15,2026-10-05T01:43:14.782Z
sensor.thread_bmp180_teplomer_teplota,24.16,2026-10-05T01:43:44.782Z
sensor.thread_bmp180_teplomer_teplota,24.15,2026-10-05T01:44:44.782Z
sensor.thread_bmp180_teplomer_teplota,24.14,2026-10-05T01:46:14.784Z
sensor.thread_bmp180_teplomer_teplota,24.13,2026-10-05T01:46:44.785Z
sensor.thread_bmp180_teplomer_teplota,24.14,2026-10-05T01:47:14.782Z
sensor.thread_bmp180_teplomer_teplota,24.16,2026-10-05T01:47:44.784Z
sensor.thread_bmp180_teplomer_teplota,24.15,2026-10-05T01:48:14.784Z
sensor.thread_bmp180_teplomer_teplota,24.14,2026-10-05T01:48:44.784Z
sensor.thread_bmp180_teplomer_teplota,24.16,2026-10-05T01:51:05.081Z
sensor.thread_bmp180_teplomer_teplota,24.15,2026-10-05T01:51:15.176Z
sensor.thread_bmp180_teplomer_teplota,24.16,2026-10-05T01:51:45.176Z
sensor.thread_bmp180_teplomer_teplota,24.17,2026-10-05T01:52:15.175Z
sensor.thread_bmp180_teplomer_teplota,24.16,2026-10-05T01:53:15.174Z
sensor.thread_bmp180_teplomer_teplota,24.17,2026-10-05T01:56:15.175Z
sensor.thread_bmp180_teplomer_teplota,24.18,2026-10-05T01:56:45.175Z
sensor.thread_bmp180_teplomer_teplota,24.16,2026-10-05T01:57:15.175Z
sensor.thread_bmp180_teplomer_teplota,24.15,2026-10-05T01:57:45.175Z
sensor.thread_bmp180_teplomer_teplota,24.16,2026-10-05T01:58:15.175Z
sensor.thread_bmp180_teplomer_teplota,24.14,2026-10-05T01:58:45.173Z
sensor.thread_bmp180_teplomer_teplota,24.13,2026-10-05T02:01:45.174Z
sensor.thread_bmp180_teplomer_teplota,24.15,2026-10-05T02:02:45.173Z
sensor.thread_bmp180_teplomer_teplota,24.16,2026-10-05T02:03:15.176Z
sensor.thread_bmp180_teplomer_teplota,24.14,2026-10-05T02:04:22.905Z
sensor.thread_bmp180_teplomer_teplota,24.16,2026-10-05T02:04:45.720Z
sensor.thread_bmp180_teplomer_teplota,24.15,2026-10-05T02:05:15.722Z
sensor.thread_bmp180_teplomer_teplota,24.14,2026-10-05T02:06:15.720Z
sensor.thread_bmp180_teplomer_teplota,24.16,2026-10-05T02:06:45.722Z
sensor.thread_bmp180_teplomer_teplota,24.14,2026-10-05T02:07:15.722Z
sensor.thread_bmp180_teplomer_teplota,24.13,2026-10-05T02:08:15.721Z
sensor.thread_bmp180_teplomer_teplota,24.14,2026-10-05T02:08:45.721Z
sensor.thread_bmp180_teplomer_teplota,24.16,2026-10-05T02:09:15.729Z
sensor.thread_bmp180_teplomer_teplota,24.14,2026-10-05T02:10:15.721Z
sensor.thread_bmp180_teplomer_teplota,24.16,2026-10-05T02:10:45.720Z
sensor.thread_bmp180_teplomer_teplota,24.17,2026-10-05T02:11:45.722Z
sensor.thread_bmp180_teplomer_teplota,24.16,2026-10-05T02:12:15.720Z
sensor.thread_bmp180_teplomer_teplota,24.17,2026-10-05T02:13:15.721Z
sensor.thread_bmp180_teplomer_teplota,24.16,2026-10-05T02:13:45.722Z
sensor.thread_bmp180_teplomer_teplota,24.18,2026-10-05T02:15:15.719Z
sensor.thread_bmp180_teplomer_teplota,24.17,2026-10-05T02:15:45.722Z
sensor.thread_bmp180_teplomer_teplota,24.16,2026-10-05T02:16:15.721Z
sensor.thread_bmp180_teplomer_teplota,24.17,2026-10-05T02:16:45.722Z
sensor.thread_bmp180_teplomer_teplota,24.18,2026-10-05T02:17:45.729Z
sensor.thread_bmp180_teplomer_teplota,24.17,2026-10-05T02:18:15.721Z
sensor.thread_bmp180_teplomer_teplota,24.16,2026-10-05T02:20:45.389Z
sensor.thread_bmp180_teplomer_teplota,24.17,2026-10-05T02:21:15.400Z
sensor.thread_bmp180_teplomer_teplota,24.18,2026-10-05T02:22:45.391Z
sensor.thread_bmp180_teplomer_teplota,24.17,2026-10-05T02:24:45.390Z
sensor.thread_bmp180_teplomer_teplota,24.18,2026-10-05T02:25:15.390Z
sensor.thread_bmp180_teplomer_teplota,24.17,2026-10-05T02:25:45.390Z
sensor.thread_bmp180_teplomer_teplota,24.18,2026-10-05T02:26:15.391Z
sensor.thread_bmp180_teplomer_teplota,24.19,2026-10-05T02:26:45.389Z
sensor.thread_bmp180_teplomer_teplota,24.18,2026-10-05T02:27:45.390Z
sensor.thread_bmp180_teplomer_teplota,24.17,2026-10-05T02:29:15.400Z
sensor.thread_bmp180_teplomer_teplota,24.16,2026-10-05T02:30:15.390Z
sensor.thread_bmp180_teplomer_teplota,24.18,2026-10-05T02:30:45.389Z
sensor.thread_bmp180_teplomer_teplota,24.17,2026-10-05T02:31:15.389Z
sensor.thread_bmp180_teplomer_teplota,24.18,2026-10-05T02:33:15.390Z
sensor.thread_bmp180_teplomer_teplota,24.17,2026-10-05T02:35:46.870Z
sensor.thread_bmp180_teplomer_teplota,24.19,2026-10-05T02:36:16.870Z
sensor.thread_bmp180_teplomer_teplota,24.18,2026-10-05T02:36:46.870Z
sensor.thread_bmp180_teplomer_teplota,24.19,2026-10-05T02:37:16.870Z
sensor.thread_bmp180_teplomer_teplota,24.17,2026-10-05T02:38:46.870Z
sensor.thread_bmp180_teplomer_teplota,24.18,2026-10-05T02:39:16.869Z
sensor.thread_bmp180_teplomer_teplota,24.17,2026-10-05T02:39:46.870Z
sensor.thread_bmp180_teplomer_teplota,24.18,2026-10-05T02:40:16.870Z
sensor.thread_bmp180_teplomer_teplota,24.17,2026-10-05T02:40:46.868Z
sensor.thread_bmp180_teplomer_teplota,24.18,2026-10-05T02:41:16.867Z
sensor.thread_bmp180_teplomer_teplota,24.17,2026-10-05T02:41:46.869Z
sensor.thread_bmp180_teplomer_teplota,24.19,2026-10-05T02:42:16.868Z
sensor.thread_bmp180_teplomer_teplota,24.17,2026-10-05T02:42:46.869Z
sensor.thread_bmp180_teplomer_teplota,24.18,2026-10-05T02:43:16.869Z
sensor.thread_bmp180_teplomer_teplota,24.17,2026-10-05T02:44:16.868Z
sensor.thread_bmp180_teplomer_teplota,24.18,2026-10-05T02:45:16.867Z
sensor.thread_bmp180_teplomer_teplota,24.19,2026-10-05T02:46:16.870Z
sensor.thread_bmp180_teplomer_teplota,24.18,2026-10-05T02:46:46.869Z
sensor.thread_bmp180_teplomer_teplota,24.17,2026-10-05T02:48:16.868Z
sensor.thread_bmp180_teplomer_teplota,24.18,2026-10-05T02:50:48.221Z
sensor.thread_bmp180_teplomer_teplota,24.17,2026-10-05T02:51:48.222Z
sensor.thread_bmp180_teplomer_teplota,24.18,2026-10-05T02:52:48.230Z
sensor.thread_bmp180_teplomer_teplota,24.19,2026-10-05T02:53:18.222Z
sensor.thread_bmp180_teplomer_teplota,24.17,2026-10-05T02:53:48.221Z
sensor.thread_bmp180_teplomer_teplota,24.16,2026-10-05T02:55:18.222Z
sensor.thread_bmp180_teplomer_teplota,24.18,2026-10-05T02:55:48.222Z
sensor.thread_bmp180_teplomer_teplota,24.16,2026-10-05T02:56:18.220Z
sensor.thread_bmp180_teplomer_teplota,24.17,2026-10-05T02:57:18.219Z
sensor.thread_bmp180_teplomer_teplota,24.18,2026-10-05T02:59:48.221Z
sensor.thread_bmp180_teplomer_teplota,24.16,2026-10-05T03:00:18.219Z
sensor.thread_bmp180_teplomer_teplota,24.18,2026-10-05T03:00:48.219Z
sensor.thread_bmp180_teplomer_teplota,24.17,2026-10-05T03:01:18.219Z
sensor.thread_bmp180_teplomer_teplota,24.18,2026-10-05T03:01:48.219Z
sensor.thread_bmp180_teplomer_teplota,24.17,2026-10-05T03:02:18.221Z
sensor.thread_bmp180_teplomer_teplota,24.18,2026-10-05T03:02:48.222Z
sensor.thread_bmp180_teplomer_teplota,24.19,2026-10-05T03:03:18.221Z
sensor.thread_bmp180_teplomer_teplota,24.18,2026-10-05T03:03:48.220Z
sensor.thread_bmp180_teplomer_teplota,24.19,2026-10-05T03:04:48.888Z
sensor.thread_bmp180_teplomer_teplota,24.18,2026-10-05T03:08:48.894Z
sensor.thread_bmp180_teplomer_teplota,24.17,2026-10-05T03:09:18.887Z
sensor.thread_bmp180_teplomer_teplota,24.19,2026-10-05T03:10:48.887Z
sensor.thread_bmp180_teplomer_teplota,24.21,2026-10-05T03:12:18.886Z
sensor.thread_bmp180_teplomer_teplota,24.19,2026-10-05T03:12:48.887Z
sensor.thread_bmp180_teplomer_teplota,24.21,2026-10-05T03:13:18.886Z
sensor.thread_bmp180_teplomer_teplota,24.2,2026-10-05T03:13:48.887Z
sensor.thread_bmp180_teplomer_teplota,24.21,2026-10-05T03:14:18.886Z
sensor.thread_bmp180_teplomer_teplota,24.19,2026-10-05T03:14:48.886Z
sensor.thread_bmp180_teplomer_teplota,24.21,2026-10-05T03:16:48.886Z
sensor.thread_bmp180_teplomer_teplota,24.19,2026-10-05T03:18:18.893Z
sensor.thread_bmp180_teplomer_teplota,24.17,2026-10-05T03:20:39.024Z
sensor.thread_bmp180_teplomer_teplota,24.19,2026-10-05T03:20:50.625Z
sensor.thread_bmp180_teplomer_teplota,24.2,2026-10-05T03:21:20.615Z
sensor.thread_bmp180_teplomer_teplota,24.19,2026-10-05T03:21:50.617Z
sensor.thread_bmp180_teplomer_teplota,24.2,2026-10-05T03:22:50.615Z
sensor.thread_bmp180_teplomer_teplota,24.21,2026-10-05T03:23:20.616Z
sensor.thread_bmp180_teplomer_teplota,24.18,2026-10-05T03:24:20.615Z
sensor.thread_bmp180_teplomer_teplota,24.19,2026-10-05T03:24:50.622Z
sensor.thread_bmp180_teplomer_teplota,24.18,2026-10-05T03:25:20.625Z
sensor.thread_bmp180_teplomer_teplota,24.21,2026-10-05T03:26:20.617Z
sensor.thread_bmp180_teplomer_teplota,24.19,2026-10-05T03:26:50.615Z
sensor.thread_bmp180_teplomer_teplota,24.2,2026-10-05T03:27:20.615Z
sensor.thread_bmp180_teplomer_teplota,24.19,2026-10-05T03:27:50.624Z
sensor.thread_bmp180_teplomer_teplota,24.2,2026-10-05T03:28:20.615Z
sensor.thread_bmp180_teplomer_teplota,24.19,2026-10-05T03:28:50.615Z
sensor.thread_bmp180_teplomer_teplota,24.21,2026-10-05T03:29:20.614Z
sensor.thread_bmp180_teplomer_teplota,24.2,2026-10-05T03:31:20.616Z
sensor.thread_bmp180_teplomer_teplota,24.19,2026-10-05T03:32:20.614Z
sensor.thread_bmp180_teplomer_teplota,24.18,2026-10-05T03:32:50.616Z
sensor.thread_bmp180_teplomer_teplota,24.19,2026-10-05T03:33:20.615Z
sensor.thread_bmp180_teplomer_teplota,24.2,2026-10-05T03:33:50.614Z
sensor.thread_bmp180_teplomer_teplota,24.19,2026-10-05T03:36:11.073Z
sensor.thread_bmp180_teplomer_teplota,24.17,2026-10-05T03:37:51.329Z
sensor.thread_bmp180_teplomer_teplota,24.18,2026-10-05T03:39:51.329Z
sensor.thread_bmp180_teplomer_teplota,24.19,2026-10-05T03:40:21.330Z
sensor.thread_bmp180_teplomer_teplota,24.18,2026-10-05T03:41:21.328Z
sensor.thread_bmp180_teplomer_teplota,24.17,2026-10-05T03:41:51.328Z
sensor.thread_bmp180_teplomer_teplota,24.18,2026-10-05T03:42:21.330Z
sensor.thread_bmp180_teplomer_teplota,24.19,2026-10-05T03:43:21.330Z
sensor.thread_bmp180_teplomer_teplota,24.18,2026-10-05T03:47:21.328Z
sensor.thread_bmp180_teplomer_teplota,24.19,2026-10-05T03:47:51.329Z
sensor.thread_bmp180_teplomer_teplota,24.2,2026-10-05T03:48:51.337Z
sensor.thread_bmp180_teplomer_teplota,24.19,2026-10-05T03:51:11.973Z
sensor.thread_bmp180_teplomer_teplota,24.2,2026-10-05T03:51:23.785Z
sensor.thread_bmp180_teplomer_teplota,24.21,2026-10-05T03:51:53.786Z
sensor.thread_bmp180_teplomer_teplota,24.19,2026-10-05T03:52:53.785Z
sensor.thread_bmp180_teplomer_teplota,24.21,2026-10-05T03:53:23.785Z
sensor.thread_bmp180_teplomer_teplota,24.18,2026-10-05T03:53:53.786Z
sensor.thread_bmp180_teplomer_teplota,24.17,2026-10-05T03:54:53.785Z
sensor.thread_bmp180_teplomer_teplota,24.18,2026-10-05T03:55:23.785Z
sensor.thread_bmp180_teplomer_teplota,24.17,2026-10-05T03:55:53.786Z
sensor.thread_bmp180_teplomer_teplota,24.19,2026-10-05T03:57:23.784Z
sensor.thread_bmp180_teplomer_teplota,24.2,2026-10-05T03:57:53.784Z
sensor.thread_bmp180_teplomer_teplota,24.18,2026-10-05T03:58:23.786Z
sensor.thread_bmp180_teplomer_teplota,24.19,2026-10-05T03:58:53.786Z
sensor.thread_bmp180_teplomer_teplota,24.18,2026-10-05T03:59:23.784Z
sensor.thread_bmp180_teplomer_teplota,24.19,2026-10-05T04:00:23.785Z
sensor.thread_bmp180_teplomer_teplota,24.18,2026-10-05T04:00:53.785Z
sensor.thread_bmp180_teplomer_teplota,24.19,2026-10-05T04:01:23.786Z
sensor.thread_bmp180_teplomer_teplota,24.2,2026-10-05T04:03:53.785Z
sensor.thread_bmp180_teplomer_teplota,24.18,2026-10-05T04:04:29.112Z
sensor.thread_bmp180_teplomer_teplota,24.19,2026-10-05T04:05:24.159Z
sensor.thread_bmp180_teplomer_teplota,24.17,2026-10-05T04:06:24.159Z
sensor.thread_bmp180_teplomer_teplota,24.19,2026-10-05T04:06:54.159Z
sensor.thread_bmp180_teplomer_teplota,24.18,2026-10-05T04:07:24.168Z
sensor.thread_bmp180_teplomer_teplota,24.19,2026-10-05T04:08:24.159Z
sensor.thread_bmp180_teplomer_teplota,24.21,2026-10-05T04:09:24.159Z
sensor.thread_bmp180_teplomer_teplota,24.2,2026-10-05T04:09:54.159Z
sensor.thread_bmp180_teplomer_teplota,24.21,2026-10-05T04:10:24.160Z
sensor.thread_bmp180_teplomer_teplota,24.19,2026-10-05T04:11:54.159Z
sensor.thread_bmp180_teplomer_teplota,24.2,2026-10-05T04:13:24.166Z
sensor.thread_bmp180_teplomer_teplota,24.21,2026-10-05T04:14:54.159Z
sensor.thread_bmp180_teplomer_teplota,24.19,2026-10-05T04:15:24.158Z
sensor.thread_bmp180_teplomer_teplota,24.18,2026-10-05T04:17:24.157Z
sensor.thread_bmp180_teplomer_teplota,24.19,2026-10-05T04:18:24.168Z
sensor.thread_bmp180_teplomer_teplota,24.17,2026-10-05T04:20:53.018Z
sensor.thread_bmp180_teplomer_teplota,24.16,2026-10-05T04:23:23.018Z
sensor.thread_bmp180_teplomer_teplota,24.17,2026-10-05T04:23:53.018Z
sensor.thread_bmp180_teplomer_teplota,24.18,2026-10-05T04:24:23.019Z
sensor.thread_bmp180_teplomer_teplota,24.19,2026-10-05T04:24:53.019Z
sensor.thread_bmp180_teplomer_teplota,24.21,2026-10-05T04:25:23.020Z
sensor.thread_bmp180_teplomer_teplota,24.19,2026-10-05T04:25:53.027Z
sensor.thread_bmp180_teplomer_teplota,24.18,2026-10-05T04:26:23.019Z
sensor.thread_bmp180_teplomer_teplota,24.19,2026-10-05T04:27:53.020Z
sensor.thread_bmp180_teplomer_teplota,24.18,2026-10-05T04:28:23.020Z
sensor.thread_bmp180_teplomer_teplota,24.19,2026-10-05T04:28:53.018Z
sensor.thread_bmp180_teplomer_teplota,24.17,2026-10-05T04:29:23.020Z
sensor.thread_bmp180_teplomer_teplota,24.18,2026-10-05T04:30:23.018Z
sensor.thread_bmp180_teplomer_teplota,24.17,2026-10-05T04:31:53.019Z
sensor.thread_bmp180_teplomer_teplota,24.18,2026-10-05T04:32:53.018Z
sensor.thread_bmp180_teplomer_teplota,24.17,2026-10-05T04:33:23.019Z
sensor.thread_bmp180_teplomer_teplota,24.18,2026-10-05T04:35:43.540Z
sensor.thread_bmp180_teplomer_teplota,24.16,2026-10-05T04:35:55.235Z
sensor.thread_bmp180_teplomer_teplota,24.17,2026-10-05T04:36:25.242Z
sensor.thread_bmp180_teplomer_teplota,24.16,2026-10-05T04:37:55.244Z
sensor.thread_bmp180_teplomer_teplota,24.17,2026-10-05T04:38:25.242Z
sensor.thread_bmp180_teplomer_teplota,24.16,2026-10-05T04:39:25.234Z
sensor.thread_bmp180_teplomer_teplota,24.14,2026-10-05T04:39:55.234Z
sensor.thread_bmp180_teplomer_teplota,24.17,2026-10-05T04:40:25.234Z
sensor.thread_bmp180_teplomer_teplota,24.16,2026-10-05T04:41:55.233Z
sensor.thread_bmp180_teplomer_teplota,24.17,2026-10-05T04:42:25.252Z
sensor.thread_bmp180_teplomer_teplota,24.18,2026-10-05T04:44:55.235Z
sensor.thread_bmp180_teplomer_teplota,24.17,2026-10-05T04:45:25.234Z
sensor.thread_bmp180_teplomer_teplota,24.18,2026-10-05T04:45:55.235Z
sensor.thread_bmp180_teplomer_teplota,24.17,2026-10-05T04:46:25.236Z
sensor.thread_bmp180_teplomer_teplota,24.19,2026-10-05T04:47:25.232Z
sensor.thread_bmp180_teplomer_teplota,24.17,2026-10-05T04:47:55.235Z
sensor.thread_bmp180_teplomer_teplota,24.18,2026-10-05T04:48:25.250Z
sensor.thread_bmp180_teplomer_teplota,24.17,2026-10-05T04:50:45.916Z
sensor.thread_bmp180_teplomer_teplota,24.18,2026-10-05T04:50:57.603Z
sensor.thread_bmp180_teplomer_teplota,24.17,2026-10-05T04:51:27.618Z
sensor.thread_bmp180_teplomer_teplota,24.18,2026-10-05T04:51:57.601Z
sensor.thread_bmp180_teplomer_teplota,24.19,2026-10-05T04:53:27.600Z
sensor.thread_bmp180_teplomer_teplota,24.18,2026-10-05T04:53:57.600Z
sensor.thread_bmp180_teplomer_teplota,24.17,2026-10-05T04:54:27.610Z
sensor.thread_bmp180_teplomer_teplota,24.16,2026-10-05T04:56:57.602Z
sensor.thread_bmp180_teplomer_teplota,24.17,2026-10-05T04:58:27.602Z
sensor.thread_bmp180_teplomer_teplota,24.18,2026-10-05T04:58:57.602Z
sensor.thread_bmp180_teplomer_teplota,24.15,2026-10-05T04:59:27.602Z
sensor.thread_bmp180_teplomer_teplota,24.14,2026-10-05T04:59:57.600Z
sensor.thread_bmp180_teplomer_teplota,24.16,2026-10-05T05:00:27.600Z
sensor.thread_bmp180_teplomer_teplota,24.14,2026-10-05T05:01:57.602Z
sensor.thread_bmp180_teplomer_teplota,24.15,2026-10-05T05:02:57.601Z
sensor.thread_bmp180_teplomer_teplota,24.14,2026-10-05T05:03:27.603Z
sensor.thread_bmp180_teplomer_teplota,24.15,2026-10-05T05:05:47.860Z
sensor.thread_bmp180_teplomer_teplota,24.16,2026-10-05T05:06:27.712Z
sensor.thread_bmp180_teplomer_teplota,24.13,2026-10-05T05:06:57.710Z
sensor.thread_bmp180_teplomer_teplota,24.16,2026-10-05T05:07:27.709Z
sensor.thread_bmp180_teplomer_teplota,24.17,2026-10-05T05:07:57.712Z
sensor.thread_bmp180_teplomer_teplota,24.16,2026-10-05T05:08:27.711Z
sensor.thread_bmp180_teplomer_teplota,24.17,2026-10-05T05:10:27.711Z
sensor.thread_bmp180_teplomer_teplota,24.14,2026-10-05T05:10:57.711Z
sensor.thread_bmp180_teplomer_teplota,24.17,2026-10-05T05:11:27.711Z
sensor.thread_bmp180_teplomer_teplota,24.16,2026-10-05T05:12:27.709Z
sensor.thread_bmp180_teplomer_teplota,24.17,2026-10-05T05:12:57.710Z
sensor.thread_bmp180_teplomer_teplota,24.14,2026-10-05T05:13:57.709Z
sensor.thread_bmp180_teplomer_teplota,24.16,2026-10-05T05:14:27.710Z
sensor.thread_bmp180_teplomer_teplota,24.17,2026-10-05T05:14:57.711Z
sensor.thread_bmp180_teplomer_teplota,24.16,2026-10-05T05:15:57.711Z
sensor.thread_bmp180_teplomer_teplota,24.17,2026-10-05T05:16:57.709Z
sensor.thread_bmp180_teplomer_teplota,24.16,2026-10-05T05:17:27.711Z
sensor.thread_bmp180_teplomer_teplota,24.15,2026-10-05T05:18:57.710Z
sensor.thread_bmp180_teplomer_teplota,24.17,2026-10-05T05:21:18.126Z
sensor.thread_bmp180_teplomer_teplota,24.18,2026-10-05T05:21:29.257Z
sensor.thread_bmp180_teplomer_teplota,24.17,2026-10-05T05:21:59.256Z
sensor.thread_bmp180_teplomer_teplota,24.18,2026-10-05T05:23:59.256Z
sensor.thread_bmp180_teplomer_teplota,24.17,2026-10-05T05:24:29.283Z
sensor.thread_bmp180_teplomer_teplota,24.18,2026-10-05T05:24:59.257Z
sensor.thread_bmp180_teplomer_teplota,24.17,2026-10-05T05:25:29.256Z
sensor.thread_bmp180_teplomer_teplota,24.18,2026-10-05T05:25:59.254Z
sensor.thread_bmp180_teplomer_teplota,24.19,2026-10-05T05:26:29.255Z
sensor.thread_bmp180_teplomer_teplota,24.17,2026-10-05T05:26:59.255Z
sensor.thread_bmp180_teplomer_teplota,24.19,2026-10-05T05:28:29.257Z
sensor.thread_bmp180_teplomer_teplota,24.21,2026-10-05T05:29:29.263Z
sensor.thread_bmp180_teplomer_teplota,24.19,2026-10-05T05:29:59.255Z
sensor.thread_bmp180_teplomer_teplota,24.21,2026-10-05T05:30:29.255Z
sensor.thread_bmp180_teplomer_teplota,24.22,2026-10-05T05:31:29.256Z
sensor.thread_bmp180_teplomer_teplota,24.24,2026-10-05T05:31:59.255Z
sensor.thread_bmp180_teplomer_teplota,24.22,2026-10-05T05:32:29.263Z
sensor.thread_bmp180_teplomer_teplota,24.23,2026-10-05T05:32:59.254Z
sensor.thread_bmp180_teplomer_teplota,24.24,2026-10-05T05:33:29.256Z
sensor.thread_bmp180_teplomer_teplota,24.26,2026-10-05T05:33:59.255Z
sensor.thread_bmp180_teplomer_teplota,24.27,2026-10-05T05:36:20.103Z
sensor.thread_bmp180_teplomer_teplota,24.31,2026-10-05T05:36:27.425Z
sensor.thread_bmp180_teplomer_teplota,24.32,2026-10-05T05:36:57.425Z
sensor.thread_bmp180_teplomer_teplota,24.33,2026-10-05T05:37:57.425Z
sensor.thread_bmp180_teplomer_teplota,24.34,2026-10-05T05:38:57.424Z
sensor.thread_bmp180_teplomer_teplota,24.33,2026-10-05T05:40:27.425Z
sensor.thread_bmp180_teplomer_teplota,24.36,2026-10-05T05:40:57.424Z
sensor.thread_bmp180_teplomer_teplota,24.34,2026-10-05T05:41:27.424Z
sensor.thread_bmp180_teplomer_teplota,24.39,2026-10-05T05:42:27.424Z
sensor.thread_bmp180_teplomer_teplota,24.4,2026-10-05T05:42:57.425Z
sensor.thread_bmp180_teplomer_teplota,24.41,2026-10-05T05:43:27.434Z
sensor.thread_bmp180_teplomer_teplota,24.39,2026-10-05T05:44:27.425Z
sensor.thread_bmp180_teplomer_teplota,24.43,2026-10-05T05:44:57.424Z
sensor.thread_bmp180_teplomer_teplota,24.42,2026-10-05T05:45:27.423Z
sensor.thread_bmp180_teplomer_teplota,24.43,2026-10-05T05:45:57.425Z
sensor.thread_bmp180_teplomer_teplota,24.4,2026-10-05T05:46:27.423Z
sensor.thread_bmp180_teplomer_teplota,24.41,2026-10-05T05:46:57.424Z
sensor.thread_bmp180_teplomer_teplota,24.46,2026-10-05T05:47:27.424Z
sensor.thread_bmp180_teplomer_teplota,24.44,2026-10-05T05:48:27.424Z
sensor.thread_bmp180_teplomer_teplota,24.46,2026-10-05T05:48:57.424Z
sensor.thread_bmp180_teplomer_teplota,24.47,2026-10-05T05:51:18.273Z
sensor.thread_bmp180_teplomer_teplota,24.46,2026-10-05T05:51:30.053Z
sensor.thread_bmp180_teplomer_teplota,24.44,2026-10-05T05:52:00.064Z
sensor.thread_bmp180_teplomer_teplota,24.48,2026-10-05T05:52:30.072Z
sensor.thread_bmp180_teplomer_teplota,24.49,2026-10-05T05:53:30.054Z
sensor.thread_bmp180_teplomer_teplota,24.47,2026-10-05T05:54:00.053Z
sensor.thread_bmp180_teplomer_teplota,24.46,2026-10-05T05:54:30.054Z
sensor.thread_bmp180_teplomer_teplota,24.44,2026-10-05T05:55:30.055Z
sensor.thread_bmp180_teplomer_teplota,24.45,2026-10-05T05:56:00.065Z
sensor.thread_bmp180_teplomer_teplota,24.44,2026-10-05T05:56:30.054Z
sensor.thread_bmp180_teplomer_teplota,24.43,2026-10-05T05:57:00.057Z
sensor.thread_bmp180_teplomer_teplota,24.41,2026-10-05T05:58:00.056Z
sensor.thread_bmp180_teplomer_teplota,24.42,2026-10-05T05:58:30.053Z
sensor.thread_bmp180_teplomer_teplota,24.41,2026-10-05T05:59:30.053Z
sensor.thread_bmp180_teplomer_teplota,24.38,2026-10-05T06:00:00.053Z
sensor.thread_bmp180_teplomer_teplota,24.39,2026-10-05T06:00:30.055Z
sensor.thread_bmp180_teplomer_teplota,24.37,2026-10-05T06:01:30.054Z
sensor.thread_bmp180_teplomer_teplota,24.35,2026-10-05T06:02:00.055Z
sensor.thread_bmp180_teplomer_teplota,24.36,2026-10-05T06:02:30.052Z
sensor.thread_bmp180_teplomer_teplota,24.33,2026-10-05T06:03:00.054Z
sensor.thread_bmp180_teplomer_teplota,24.34,2026-10-05T06:06:22.593Z
sensor.thread_bmp180_teplomer_teplota,24.36,2026-10-05T06:07:29.660Z
sensor.thread_bmp180_teplomer_teplota,24.37,2026-10-05T06:07:59.660Z
sensor.thread_bmp180_teplomer_teplota,24.38,2026-10-05T06:08:29.659Z
sensor.thread_bmp180_teplomer_teplota,24.39,2026-10-05T06:09:59.658Z
sensor.thread_bmp180_teplomer_teplota,24.38,2026-10-05T06:11:59.659Z
sensor.thread_bmp180_teplomer_teplota,24.4,2026-10-05T06:12:59.659Z
sensor.thread_bmp180_teplomer_teplota,24.41,2026-10-05T06:13:29.668Z
sensor.thread_bmp180_teplomer_teplota,24.42,2026-10-05T06:14:59.659Z
sensor.thread_bmp180_teplomer_teplota,24.41,2026-10-05T06:15:29.659Z
sensor.thread_bmp180_teplomer_teplota,24.42,2026-10-05T06:15:59.660Z
sensor.thread_bmp180_teplomer_teplota,24.43,2026-10-05T06:16:29.660Z
sensor.thread_bmp180_teplomer_teplota,24.44,2026-10-05T06:17:29.659Z
sensor.thread_bmp180_teplomer_teplota,24.42,2026-10-05T06:20:52.505Z
sensor.thread_bmp180_teplomer_teplota,24.43,2026-10-05T06:20:58.406Z
sensor.thread_bmp180_teplomer_teplota,24.39,2026-10-05T06:21:28.405Z
sensor.thread_bmp180_teplomer_teplota,24.4,2026-10-05T06:21:58.406Z
sensor.thread_bmp180_teplomer_teplota,24.41,2026-10-05T06:22:58.405Z
sensor.thread_bmp180_teplomer_teplota,24.43,2026-10-05T06:25:58.403Z
sensor.thread_bmp180_teplomer_teplota,24.42,2026-10-05T06:26:28.403Z
sensor.thread_bmp180_teplomer_teplota,24.43,2026-10-05T06:27:28.404Z
sensor.thread_bmp180_teplomer_teplota,24.42,2026-10-05T06:27:58.404Z
sensor.thread_bmp180_teplomer_teplota,24.41,2026-10-05T06:28:58.413Z
sensor.thread_bmp180_teplomer_teplota,24.43,2026-10-05T06:29:28.404Z
sensor.thread_bmp180_teplomer_teplota,24.44,2026-10-05T06:31:28.404Z
sensor.thread_bmp180_teplomer_teplota,24.45,2026-10-05T06:32:28.404Z
sensor.thread_bmp180_teplomer_teplota,24.44,2026-10-05T06:32:58.403Z
sensor.thread_bmp180_teplomer_teplota,24.43,2026-10-05T06:33:58.405Z
sensor.thread_bmp180_teplomer_teplota,24.44,2026-10-05T06:35:02.264Z
sensor.thread_bmp180_teplomer_teplota,24.43,2026-10-05T06:35:32.264Z
sensor.thread_bmp180_teplomer_teplota,24.45,2026-10-05T06:36:02.274Z
sensor.thread_bmp180_teplomer_teplota,24.47,2026-10-05T06:36:32.272Z
sensor.thread_bmp180_teplomer_teplota,24.46,2026-10-05T06:37:02.265Z
sensor.thread_bmp180_teplomer_teplota,24.47,2026-10-05T06:37:32.266Z
sensor.thread_bmp180_teplomer_teplota,24.49,2026-10-05T06:39:02.264Z
sensor.thread_bmp180_teplomer_teplota,24.5,2026-10-05T06:39:32.266Z
sensor.thread_bmp180_teplomer_teplota,24.49,2026-10-05T06:40:02.266Z
sensor.thread_bmp180_teplomer_teplota,24.51,2026-10-05T06:40:32.266Z
sensor.thread_bmp180_teplomer_teplota,24.49,2026-10-05T06:41:02.264Z
sensor.thread_bmp180_teplomer_teplota,24.48,2026-10-05T06:42:02.264Z
sensor.thread_bmp180_teplomer_teplota,24.49,2026-10-05T06:42:32.264Z
sensor.thread_bmp180_teplomer_teplota,24.51,2026-10-05T06:43:02.271Z
sensor.thread_bmp180_teplomer_teplota,24.5,2026-10-05T06:43:32.265Z
sensor.thread_bmp180_teplomer_teplota,24.49,2026-10-05T06:44:32.265Z
sensor.thread_bmp180_teplomer_teplota,24.51,2026-10-05T06:45:32.263Z
sensor.thread_bmp180_teplomer_teplota,24.53,2026-10-05T06:47:02.265Z
sensor.thread_bmp180_teplomer_teplota,24.51,2026-10-05T06:47:32.275Z
sensor.thread_bmp180_teplomer_teplota,24.52,2026-10-05T06:48:32.266Z
sensor.thread_bmp180_teplomer_teplota,24.53,2026-10-05T06:51:31.801Z
sensor.thread_bmp180_teplomer_teplota,24.54,2026-10-05T06:52:31.803Z
sensor.thread_bmp180_teplomer_teplota,24.55,2026-10-05T06:54:31.801Z
sensor.thread_bmp180_teplomer_teplota,24.54,2026-10-05T06:55:01.809Z
sensor.thread_bmp180_teplomer_teplota,24.56,2026-10-05T06:58:31.808Z
sensor.thread_bmp180_teplomer_teplota,24.55,2026-10-05T06:59:01.800Z
sensor.thread_bmp180_teplomer_teplota,24.54,2026-10-05T06:59:31.800Z
sensor.thread_bmp180_teplomer_teplota,24.53,2026-10-05T07:00:01.800Z
sensor.thread_bmp180_teplomer_teplota,24.54,2026-10-05T07:00:31.811Z
sensor.thread_bmp180_teplomer_teplota,24.53,2026-10-05T07:02:01.799Z
sensor.thread_bmp180_teplomer_teplota,24.52,2026-10-05T07:03:01.810Z
sensor.thread_bmp180_teplomer_teplota,24.54,2026-10-05T07:03:31.801Z
sensor.thread_bmp180_teplomer_teplota,24.53,2026-10-05T07:05:51.958Z
sensor.thread_bmp180_teplomer_teplota,24.54,2026-10-05T07:06:00.849Z
sensor.thread_bmp180_teplomer_teplota,24.53,2026-10-05T07:06:30.852Z
sensor.thread_bmp180_teplomer_teplota,24.52,2026-10-05T07:07:00.851Z
sensor.thread_bmp180_teplomer_teplota,24.53,2026-10-05T07:07:30.850Z
sensor.thread_bmp180_teplomer_teplota,24.52,2026-10-05T07:09:00.850Z
sensor.thread_bmp180_teplomer_teplota,24.53,2026-10-05T07:09:30.851Z
sensor.thread_bmp180_teplomer_teplota,24.57,2026-10-05T07:10:30.851Z
sensor.thread_bmp180_teplomer_teplota,24.56,2026-10-05T07:11:00.849Z
sensor.thread_bmp180_teplomer_teplota,24.55,2026-10-05T07:12:00.849Z
sensor.thread_bmp180_teplomer_teplota,24.57,2026-10-05T07:12:30.850Z
sensor.thread_bmp180_teplomer_teplota,24.59,2026-10-05T07:14:00.850Z
sensor.thread_bmp180_teplomer_teplota,24.61,2026-10-05T07:15:00.850Z
sensor.thread_bmp180_teplomer_teplota,24.57,2026-10-05T07:15:30.851Z
sensor.thread_bmp180_teplomer_teplota,24.58,2026-10-05T07:16:00.850Z
sensor.thread_bmp180_teplomer_teplota,24.57,2026-10-05T07:16:30.849Z
sensor.thread_bmp180_teplomer_teplota,24.54,2026-10-05T07:17:00.848Z
sensor.thread_bmp180_teplomer_teplota,24.51,2026-10-05T07:18:30.850Z
sensor.thread_bmp180_teplomer_teplota,24.49,2026-10-05T07:19:33.030Z
sensor.thread_bmp180_teplomer_teplota,24.48,2026-10-05T07:20:01.785Z
sensor.thread_bmp180_teplomer_teplota,24.54,2026-10-05T07:21:31.775Z
sensor.thread_bmp180_teplomer_teplota,24.5,2026-10-05T07:22:01.772Z
sensor.thread_bmp180_teplomer_teplota,24.47,2026-10-05T07:22:31.775Z
sensor.thread_bmp180_teplomer_teplota,24.46,2026-10-05T07:23:01.774Z
sensor.thread_bmp180_teplomer_teplota,24.44,2026-10-05T07:24:01.774Z
sensor.thread_bmp180_teplomer_teplota,24.46,2026-10-05T07:24:31.774Z
sensor.thread_bmp180_teplomer_teplota,24.43,2026-10-05T07:25:31.774Z
sensor.thread_bmp180_teplomer_teplota,24.42,2026-10-05T07:26:31.774Z
sensor.thread_bmp180_teplomer_teplota,24.41,2026-10-05T07:27:01.773Z
sensor.thread_bmp180_teplomer_teplota,24.39,2026-10-05T07:30:01.775Z
sensor.thread_bmp180_teplomer_teplota,24.41,2026-10-05T07:31:31.780Z
sensor.thread_bmp180_teplomer_teplota,24.4,2026-10-05T07:32:01.774Z
sensor.thread_bmp180_teplomer_teplota,24.39,2026-10-05T07:32:31.782Z
sensor.thread_bmp180_teplomer_teplota,24.36,2026-10-05T07:33:31.774Z
sensor.thread_bmp180_teplomer_teplota,24.37,2026-10-05T07:34:01.773Z
sensor.thread_bmp180_teplomer_teplota,24.34,2026-10-05T07:36:22.282Z
sensor.thread_bmp180_teplomer_teplota,24.33,2026-10-05T07:37:35.391Z
sensor.thread_bmp180_teplomer_teplota,24.31,2026-10-05T07:38:05.392Z
sensor.thread_bmp180_teplomer_teplota,24.32,2026-10-05T07:39:05.390Z
sensor.thread_bmp180_teplomer_teplota,24.29,2026-10-05T07:39:35.390Z
sensor.thread_bmp180_teplomer_teplota,24.27,2026-10-05T07:41:35.390Z
sensor.thread_bmp180_teplomer_teplota,24.26,2026-10-05T07:43:05.391Z
sensor.thread_bmp180_teplomer_teplota,24.25,2026-10-05T07:43:35.390Z
sensor.thread_bmp180_teplomer_teplota,24.27,2026-10-05T07:44:05.391Z
sensor.thread_bmp180_teplomer_teplota,24.28,2026-10-05T07:44:35.392Z
sensor.thread_bmp180_teplomer_teplota,24.27,2026-10-05T07:45:05.389Z
sensor.thread_bmp180_teplomer_teplota,24.26,2026-10-05T07:45:35.392Z
sensor.thread_bmp180_teplomer_teplota,24.27,2026-10-05T07:46:05.389Z
sensor.thread_bmp180_teplomer_teplota,24.24,2026-10-05T07:47:35.392Z
sensor.thread_bmp180_teplomer_teplota,24.23,2026-10-05T07:48:35.392Z
sensor.thread_bmp180_teplomer_teplota,24.26,2026-10-05T07:49:05.392Z
sensor.thread_bmp180_teplomer_teplota,24.24,2026-10-05T07:51:36.977Z
sensor.thread_bmp180_teplomer_teplota,24.26,2026-10-05T07:52:06.970Z
sensor.thread_bmp180_teplomer_teplota,24.23,2026-10-05T07:52:36.969Z
sensor.thread_bmp180_teplomer_teplota,24.22,2026-10-05T07:54:06.969Z
sensor.thread_bmp180_teplomer_teplota,24.24,2026-10-05T07:55:06.968Z
sensor.thread_bmp180_teplomer_teplota,24.23,2026-10-05T07:55:36.970Z
sensor.thread_bmp180_teplomer_teplota,24.21,2026-10-05T07:56:06.968Z
sensor.thread_bmp180_teplomer_teplota,24.22,2026-10-05T07:56:36.968Z
sensor.thread_bmp180_teplomer_teplota,24.18,2026-10-05T07:57:06.969Z
sensor.thread_bmp180_teplomer_teplota,24.19,2026-10-05T07:57:36.969Z
sensor.thread_bmp180_teplomer_teplota,24.18,2026-10-05T07:58:06.967Z
sensor.thread_bmp180_teplomer_teplota,24.17,2026-10-05T07:59:06.968Z
sensor.thread_bmp180_teplomer_teplota,24.18,2026-10-05T07:59:36.976Z
sensor.thread_bmp180_teplomer_teplota,24.19,2026-10-05T08:00:06.968Z
sensor.thread_bmp180_teplomer_teplota,24.17,2026-10-05T08:00:36.967Z
sensor.thread_bmp180_teplomer_teplota,24.18,2026-10-05T08:01:06.967Z
sensor.thread_bmp180_teplomer_teplota,24.17,2026-10-05T08:01:36.969Z
sensor.thread_bmp180_teplomer_teplota,24.16,2026-10-05T08:02:36.969Z
sensor.thread_bmp180_teplomer_teplota,24.17,2026-10-05T08:03:36.969Z
sensor.thread_bmp180_teplomer_teplota,24.16,2026-10-05T08:06:07.587Z
sensor.thread_bmp180_teplomer_teplota,24.17,2026-10-05T08:07:37.584Z
sensor.thread_bmp180_teplomer_teplota,24.16,2026-10-05T08:08:07.585Z
sensor.thread_bmp180_teplomer_teplota,24.15,2026-10-05T08:09:37.584Z
sensor.thread_bmp180_teplomer_teplota,24.16,2026-10-05T08:10:07.584Z
sensor.thread_bmp180_teplomer_teplota,24.13,2026-10-05T08:10:37.585Z
sensor.thread_bmp180_teplomer_teplota,24.12,2026-10-05T08:11:07.586Z
sensor.thread_bmp180_teplomer_teplota,24.13,2026-10-05T08:11:37.584Z
sensor.thread_bmp180_teplomer_teplota,24.14,2026-10-05T08:12:07.586Z
sensor.thread_bmp180_teplomer_teplota,24.12,2026-10-05T08:12:37.586Z
sensor.thread_bmp180_teplomer_teplota,24.14,2026-10-05T08:13:07.586Z
sensor.thread_bmp180_teplomer_teplota,24.13,2026-10-05T08:14:07.584Z
sensor.thread_bmp180_teplomer_teplota,24.14,2026-10-05T08:14:37.585Z
sensor.thread_bmp180_teplomer_teplota,24.12,2026-10-05T08:15:07.587Z
sensor.thread_bmp180_teplomer_teplota,24.13,2026-10-05T08:15:37.584Z
sensor.thread_bmp180_teplomer_teplota,24.11,2026-10-05T08:16:07.593Z
sensor.thread_bmp180_teplomer_teplota,24.12,2026-10-05T08:16:37.585Z
sensor.thread_bmp180_teplomer_teplota,24.11,2026-10-05T08:17:07.586Z
sensor.thread_bmp180_teplomer_teplota,24.12,2026-10-05T08:17:37.584Z
sensor.thread_bmp180_teplomer_teplota,24.09,2026-10-05T08:18:07.593Z
sensor.thread_bmp180_teplomer_teplota,24.11,2026-10-05T08:18:37.584Z
sensor.thread_bmp180_teplomer_teplota,24.12,2026-10-05T08:20:57.693Z
sensor.thread_bmp180_teplomer_teplota,24.11,2026-10-05T08:21:36.713Z
sensor.thread_bmp180_teplomer_teplota,24.12,2026-10-05T08:22:06.714Z
sensor.thread_bmp180_teplomer_teplota,24.11,2026-10-05T08:22:36.712Z
sensor.thread_bmp180_teplomer_teplota,24.09,2026-10-05T08:23:06.713Z
sensor.thread_bmp180_teplomer_teplota,24.08,2026-10-05T08:23:36.711Z
sensor.thread_bmp180_teplomer_teplota,24.07,2026-10-05T08:24:06.713Z
sensor.thread_bmp180_teplomer_teplota,24.08,2026-10-05T08:24:36.714Z
sensor.thread_bmp180_teplomer_teplota,24.07,2026-10-05T08:25:36.713Z
sensor.thread_bmp180_teplomer_teplota,24.06,2026-10-05T08:26:06.712Z
sensor.thread_bmp180_teplomer_teplota,24.07,2026-10-05T08:27:06.712Z
sensor.thread_bmp180_teplomer_teplota,24.06,2026-10-05T08:27:36.714Z
sensor.thread_bmp180_teplomer_teplota,24.08,2026-10-05T08:29:06.713Z
sensor.thread_bmp180_teplomer_teplota,24.06,2026-10-05T08:29:36.713Z
sensor.thread_bmp180_teplomer_teplota,24.05,2026-10-05T08:30:06.711Z
sensor.thread_bmp180_teplomer_teplota,24.06,2026-10-05T08:31:06.713Z
sensor.thread_bmp180_teplomer_teplota,24.04,2026-10-05T08:31:36.713Z
sensor.thread_bmp180_teplomer_teplota,24.05,2026-10-05T08:32:36.718Z
sensor.thread_bmp180_teplomer_teplota,24.04,2026-10-05T08:33:06.713Z
sensor.thread_bmp180_teplomer_teplota,24.03,2026-10-05T08:36:28.940Z
sensor.thread_bmp180_teplomer_teplota,24.04,2026-10-05T08:37:09.935Z
sensor.thread_bmp180_teplomer_teplota,24.03,2026-10-05T08:37:39.934Z
sensor.thread_bmp180_teplomer_teplota,24.07,2026-10-05T08:38:39.943Z
sensor.thread_bmp180_teplomer_teplota,24.05,2026-10-05T08:39:09.935Z
sensor.thread_bmp180_teplomer_teplota,24.07,2026-10-05T08:39:39.943Z
sensor.thread_bmp180_teplomer_teplota,24.09,2026-10-05T08:40:39.935Z
sensor.thread_bmp180_teplomer_teplota,24.11,2026-10-05T08:41:09.941Z
sensor.thread_bmp180_teplomer_teplota,24.19,2026-10-05T08:41:39.933Z
sensor.thread_bmp180_teplomer_teplota,24.23,2026-10-05T08:42:09.933Z
sensor.thread_bmp180_teplomer_teplota,24.27,2026-10-05T08:42:39.954Z
sensor.thread_bmp180_teplomer_teplota,24.29,2026-10-05T08:43:09.934Z
sensor.thread_bmp180_teplomer_teplota,24.31,2026-10-05T08:43:39.934Z
sensor.thread_bmp180_teplomer_teplota,24.33,2026-10-05T08:44:09.951Z
sensor.thread_bmp180_teplomer_teplota,24.34,2026-10-05T08:44:39.935Z
sensor.thread_bmp180_teplomer_teplota,24.38,2026-10-05T08:45:09.934Z
sensor.thread_bmp180_teplomer_teplota,24.37,2026-10-05T08:45:39.934Z
sensor.thread_bmp180_teplomer_teplota,24.38,2026-10-05T08:46:09.935Z
sensor.thread_bmp180_teplomer_teplota,24.39,2026-10-05T08:47:09.932Z
sensor.thread_bmp180_teplomer_teplota,24.41,2026-10-05T08:47:39.932Z
sensor.thread_bmp180_teplomer_teplota,24.42,2026-10-05T08:48:39.935Z
